"DotumChe";12;True;False;1;0;1;1
32;0;0;9;16;9;0
33;12;0;2;14;9;4
34;17;0;5;6;9;3
35;25;0;9;14;9;0
36;37;0;8;15;9;1
37;48;0;8;14;9;1
38;59;0;8;14;9;1
39;70;0;2;6;9;4
40;75;0;5;15;9;3
41;83;0;5;15;9;1
42;91;0;6;10;9;1
43;100;0;8;11;9;1
44;111;0;3;15;9;3
45;117;0;8;8;9;1
46;128;0;2;14;9;4
47;133;0;7;13;9;1
48;143;0;8;14;9;1
49;154;0;4;14;9;2
50;161;0;7;14;9;1
51;171;0;7;14;9;1
52;181;0;8;14;9;1
53;192;0;7;14;9;1
54;202;0;7;14;9;1
55;212;0;7;14;9;1
56;222;0;7;14;9;1
57;232;0;7;14;9;1
58;242;0;2;12;9;3
59;247;0;3;14;9;3
60;253;0;8;11;9;1
61;264;0;8;10;9;1
62;275;0;8;11;9;1
63;286;0;8;14;9;1
64;297;0;8;14;9;1
65;308;0;8;14;9;1
66;319;0;8;14;9;1
67;330;0;8;14;9;1
68;341;0;8;14;9;1
69;352;0;8;14;9;1
70;363;0;8;14;9;1
71;374;0;8;14;9;1
72;385;0;8;14;9;1
73;396;0;2;14;9;4
74;401;0;6;14;9;1
75;410;0;8;14;9;1
76;421;0;7;14;9;1
77;431;0;8;14;9;1
78;442;0;8;14;9;1
79;453;0;8;14;9;1
80;464;0;8;14;9;1
81;475;0;8;15;9;1
82;486;0;8;14;9;1
83;497;0;8;14;9;1
84;508;0;8;14;9;1
85;519;0;8;14;9;1
86;530;0;8;14;9;1
87;541;0;8;14;9;1
88;552;0;8;14;9;1
89;563;0;8;14;9;1
90;574;0;7;14;9;1
91;584;0;5;15;9;3
92;592;0;9;14;9;0
93;604;0;5;15;9;1
94;612;0;6;4;9;2
95;621;0;8;15;9;1
96;632;0;4;4;9;2
97;639;0;8;14;9;1
98;650;0;8;14;9;1
99;661;0;8;14;9;1
100;672;0;8;14;9;1
101;683;0;8;14;9;1
102;694;0;7;14;9;1
103;704;0;7;15;9;1
104;714;0;7;14;9;1
105;724;0;2;14;9;4
106;729;0;4;15;9;2
107;736;0;7;14;9;1
108;746;0;2;14;9;4
109;751;0;8;14;9;1
110;762;0;7;14;9;1
111;772;0;8;14;9;1
112;783;0;8;15;9;1
113;794;0;8;15;9;1
114;805;0;6;14;9;2
115;814;0;7;14;9;1
116;824;0;7;14;9;1
117;834;0;7;14;9;1
118;844;0;8;14;9;1
119;855;0;8;14;9;1
120;866;0;8;14;9;1
121;877;0;8;15;9;1
122;888;0;7;14;9;1
123;898;0;6;15;9;2
124;907;0;2;15;9;4
125;912;0;6;15;9;1
126;921;0;8;8;9;1
127;932;0;7;14;9;1
12593;942;0;10;16;17;3
12594;955;0;12;16;17;2
12595;970;0;13;16;17;2
12596;986;0;10;16;17;4
12597;999;0;13;16;17;2
12598;1015;0;13;16;17;3
12599;1031;0;10;16;17;4
12600;1044;0;12;16;17;3
12601;1059;0;9;16;17;4
12602;1071;0;12;16;17;3
12603;1086;0;12;16;17;3
12604;1101;0;12;16;17;3
12605;1116;0;13;16;17;3
12606;1132;0;12;16;17;3
12607;1147;0;13;16;17;3
12608;1163;0;14;16;17;2
12609;1180;0;10;16;17;4
12610;1193;0;10;16;17;4
12611;1206;0;12;16;17;3
12612;1221;0;13;16;17;3
12613;1237;0;12;16;17;3
12614;1252;0;13;16;17;2
12615;1268;0;11;16;17;3
12616;1282;0;12;16;17;3
12617;1297;0;12;16;17;3
12618;1312;0;12;16;17;3
12619;1327;0;10;16;17;4
12620;1340;0;10;16;17;4
12621;1353;0;11;16;17;4
12622;1367;0;12;16;17;3
12623;1382;0;6;16;17;7
12624;1391;0;6;16;17;6
12625;1400;0;6;16;17;7
12626;1409;0;6;16;17;6
12627;1418;0;7;16;17;5
12628;1428;0;9;16;17;4
12629;1440;0;6;16;17;5
12630;1449;0;9;16;17;4
12631;1461;0;15;16;17;1
12632;1479;0;16;16;17;1
12633;1498;0;14;16;17;1
12634;1515;0;13;16;17;1
12635;1531;0;15;16;17;1
12636;1549;0;15;16;17;1
12637;1567;0;13;16;17;1
12638;1583;0;14;16;17;1
12639;1600;0;13;16;17;1
12640;1616;0;15;16;17;1
12641;1634;0;15;16;17;1
12642;1652;0;13;16;17;1
12643;1668;0;2;16;17;8
44032;1673;0;16;16;17;1
44033;1692;0;16;16;17;1
44036;1711;0;16;16;17;1
44039;1730;0;16;16;17;1
44040;1749;0;16;16;17;1
44041;1768;0;16;16;17;1
44042;1787;0;16;16;17;1
44048;1806;0;16;16;17;1
44049;1825;0;16;16;17;1
44050;1844;0;16;16;17;1
44051;1863;0;16;16;17;1
44052;1882;0;16;16;17;1
44053;1901;0;16;16;17;1
44054;1920;0;16;16;17;1
44055;1939;0;16;16;17;1
44057;1958;0;16;16;17;1
44058;1977;0;16;16;17;1
44059;1996;0;16;16;17;1
44060;0;26;14;16;17;1
44061;17;26;14;16;17;1
44064;34;26;14;16;17;1
44068;51;26;14;16;17;1
44076;68;26;14;16;17;1
44077;85;26;14;16;17;1
44079;102;26;14;16;17;1
44080;119;26;15;16;17;1
44081;137;26;14;16;17;1
44088;154;26;16;16;17;1
44089;173;26;16;16;17;1
44092;192;26;16;16;17;1
44096;211;26;16;16;17;1
44107;230;26;16;16;17;1
44109;249;26;16;16;17;1
44116;268;26;14;16;17;1
44120;285;26;14;16;17;1
44124;302;26;14;16;17;1
44144;319;26;13;16;17;1
44145;335;26;13;16;17;1
44148;351;26;13;16;17;1
44151;367;26;13;16;17;1
44152;383;26;13;16;17;1
44154;399;26;13;16;17;1
44160;415;26;13;16;17;1
44161;431;26;13;16;17;1
44163;447;26;14;16;17;1
44164;464;26;14;16;17;1
44165;481;26;13;16;17;1
44166;497;26;14;16;17;1
44169;514;26;13;16;17;1
44170;530;26;14;16;17;1
44171;547;26;14;16;17;1
44172;564;26;14;16;17;1
44176;581;26;14;16;17;1
44180;598;26;14;16;17;1
44188;615;26;14;16;17;1
44189;632;26;14;16;17;1
44191;649;26;14;16;17;1
44192;666;26;15;16;17;1
44193;684;26;14;16;17;1
44200;701;26;13;16;17;1
44201;717;26;13;16;17;1
44202;733;26;13;16;17;1
44204;749;26;13;16;17;1
44207;765;26;13;16;17;1
44208;781;26;13;16;17;1
44216;797;26;13;16;17;1
44217;813;26;13;16;17;1
44219;829;26;14;16;17;1
44220;846;26;14;16;17;1
44221;863;26;13;16;17;1
44225;879;26;13;16;17;1
44228;895;26;14;16;17;1
44232;912;26;14;16;17;1
44236;929;26;14;16;17;1
44245;946;26;14;16;17;1
44247;963;26;14;16;17;1
44256;980;26;15;16;17;1
44257;998;26;15;16;17;1
44260;1016;26;15;16;17;1
44263;1034;26;15;16;17;1
44264;1052;26;15;16;17;1
44266;1070;26;15;16;17;1
44268;1088;26;15;16;17;1
44271;1106;26;15;16;17;1
44272;1124;26;15;16;17;1
44273;1142;26;15;16;17;1
44275;1160;26;15;16;17;1
44277;1178;26;15;16;17;1
44278;1196;26;15;16;17;1
44284;1214;26;16;16;17;1
44285;1233;26;16;16;17;1
44288;1252;26;16;16;17;1
44292;1271;26;16;16;17;1
44294;1290;26;16;16;17;1
44300;1309;26;16;16;17;1
44301;1328;26;16;16;17;1
44303;1347;26;16;16;17;1
44305;1366;26;16;16;17;1
44312;1385;26;14;16;17;1
44316;1402;26;14;16;17;1
44320;1419;26;14;16;17;1
44329;1436;26;14;16;17;1
44332;1453;26;15;16;17;1
44333;1471;26;14;16;17;1
44340;1488;26;13;16;17;1
44341;1504;26;13;16;17;1
44344;1520;26;13;16;17;1
44348;1536;26;13;16;17;1
44356;1552;26;13;16;17;1
44357;1568;26;13;16;17;1
44359;1584;26;14;16;17;1
44361;1601;26;13;16;17;1
44368;1617;26;15;16;17;1
44372;1635;26;15;16;17;1
44376;1653;26;15;16;17;1
44385;1671;26;15;16;17;1
44387;1689;26;15;16;17;1
44396;1707;26;15;16;17;1
44397;1725;26;15;16;17;1
44400;1743;26;15;16;17;1
44403;1761;26;15;16;17;1
44404;1779;26;15;16;17;1
44405;1797;26;15;16;17;1
44406;1815;26;15;16;17;1
44411;1833;26;15;16;17;1
44412;1851;26;15;16;17;1
44413;1869;26;15;16;17;1
44415;1887;26;15;16;17;1
44417;1905;26;15;16;17;1
44418;1923;26;15;16;17;1
44424;1941;26;13;16;17;1
44425;1957;26;13;16;17;1
44428;1973;26;13;16;17;1
44432;1989;26;13;16;17;1
44444;0;52;14;16;17;1
44445;17;52;13;16;17;1
44452;33;52;14;16;17;1
44471;50;52;14;16;17;1
44480;67;52;13;16;17;1
44481;83;52;13;16;17;1
44484;99;52;13;16;17;1
44488;115;52;13;16;17;1
44496;131;52;13;16;17;1
44497;147;52;13;16;17;1
44499;163;52;14;16;17;1
44508;180;52;15;16;17;1
44512;198;52;15;16;17;1
44516;216;52;15;16;17;1
44536;234;52;15;16;17;1
44537;252;52;15;16;17;1
44540;270;52;15;16;17;1
44543;288;52;15;16;17;1
44544;306;52;15;16;17;1
44545;324;52;15;16;17;1
44552;342;52;15;16;17;1
44553;360;52;15;16;17;1
44555;378;52;15;16;17;1
44557;396;52;15;16;17;1
44564;414;52;13;16;17;1
44592;430;52;13;16;17;1
44593;446;52;13;16;17;1
44596;462;52;13;16;17;1
44599;478;52;13;16;17;1
44600;494;52;13;16;17;1
44602;510;52;13;16;17;1
44608;526;52;13;16;17;1
44609;542;52;13;16;17;1
44611;558;52;14;16;17;1
44613;575;52;13;16;17;1
44614;591;52;14;16;17;1
44618;608;52;14;16;17;1
44620;625;52;16;16;17;1
44621;644;52;16;16;17;1
44622;663;52;16;16;17;1
44624;682;52;16;16;17;1
44628;701;52;16;16;17;1
44630;720;52;16;16;17;1
44636;739;52;16;16;17;1
44637;758;52;16;16;17;1
44639;777;52;16;16;17;1
44640;796;52;16;16;17;1
44641;815;52;16;16;17;1
44645;834;52;16;16;17;1
44648;853;52;14;16;17;1
44649;870;52;14;16;17;1
44652;887;52;14;16;17;1
44656;904;52;14;16;17;1
44664;921;52;14;16;17;1
44665;938;52;14;16;17;1
44667;955;52;14;16;17;1
44668;972;52;15;16;17;1
44669;990;52;14;16;17;1
44676;1007;52;16;16;17;1
44677;1026;52;16;16;17;1
44684;1045;52;16;16;17;1
44732;1064;52;13;16;17;1
44733;1080;52;13;16;17;1
44734;1096;52;13;16;17;1
44736;1112;52;13;16;17;1
44740;1128;52;13;16;17;1
44748;1144;52;13;16;17;1
44749;1160;52;13;16;17;1
44751;1176;52;14;16;17;1
44752;1193;52;14;16;17;1
44753;1210;52;13;16;17;1
44760;1226;52;14;16;17;1
44761;1243;52;14;16;17;1
44764;1260;52;14;16;17;1
44776;1277;52;14;16;17;1
44779;1294;52;14;16;17;1
44781;1311;52;14;16;17;1
44788;1328;52;13;16;17;1
44792;1344;52;13;16;17;1
44796;1360;52;13;16;17;1
44807;1376;52;14;16;17;1
44808;1393;52;14;16;17;1
44813;1410;52;13;16;17;1
44816;1426;52;14;16;17;1
44844;1443;52;15;16;17;1
44845;1461;52;15;16;17;1
44848;1479;52;15;16;17;1
44850;1497;52;15;16;17;1
44852;1515;52;15;16;17;1
44860;1533;52;15;16;17;1
44861;1551;52;15;16;17;1
44863;1569;52;15;16;17;1
44865;1587;52;15;16;17;1
44866;1605;52;15;16;17;1
44867;1623;52;15;16;17;1
44872;1641;52;16;16;17;1
44873;1660;52;16;16;17;1
44880;1679;52;16;16;17;1
44892;1698;52;16;16;17;1
44893;1717;52;16;16;17;1
44900;1736;52;14;16;17;1
44901;1753;52;14;16;17;1
44921;1770;52;14;16;17;1
44928;1787;52;13;16;17;1
44932;1803;52;13;16;17;1
44936;1819;52;13;16;17;1
44944;1835;52;13;16;17;1
44945;1851;52;13;16;17;1
44949;1867;52;13;16;17;1
44956;1883;52;15;16;17;1
44984;1901;52;15;16;17;1
44985;1919;52;15;16;17;1
44988;1937;52;15;16;17;1
44992;1955;52;15;16;17;1
44999;1973;52;15;16;17;1
45000;1991;52;15;16;17;1
45001;0;78;15;16;17;1
45003;18;78;15;16;17;1
45005;36;78;15;16;17;1
45006;54;78;15;16;17;1
45012;72;78;13;16;17;1
45020;88;78;13;16;17;1
45032;104;78;14;16;17;1
45033;121;78;13;16;17;1
45040;137;78;14;16;17;1
45041;154;78;14;16;17;1
45044;171;78;14;16;17;1
45048;188;78;14;16;17;1
45056;205;78;14;16;17;1
45057;222;78;14;16;17;1
45060;239;78;15;16;17;1
45068;257;78;13;16;17;1
45072;273;78;13;16;17;1
45076;289;78;13;16;17;1
45084;305;78;13;16;17;1
45085;321;78;13;16;17;1
45096;337;78;15;16;17;1
45124;355;78;15;16;17;1
45125;373;78;15;16;17;1
45128;391;78;15;16;17;1
45130;409;78;15;16;17;1
45132;427;78;15;16;17;1
45134;445;78;15;16;17;1
45139;463;78;15;16;17;1
45140;481;78;15;16;17;1
45141;499;78;15;16;17;1
45143;517;78;15;16;17;1
45145;535;78;15;16;17;1
45149;553;78;15;16;17;1
45180;571;78;13;16;17;1
45181;587;78;13;16;17;1
45184;603;78;13;16;17;1
45188;619;78;13;16;17;1
45196;635;78;13;16;17;1
45197;651;78;13;16;17;1
45199;667;78;14;16;17;1
45201;684;78;13;16;17;1
45208;700;78;15;16;17;2
45209;718;78;15;16;17;2
45210;736;78;15;16;17;2
45212;754;78;15;16;17;2
45215;772;78;15;16;17;2
45216;790;78;15;16;17;2
45217;808;78;15;16;17;2
45218;826;78;15;16;17;2
45224;844;78;15;16;17;2
45225;862;78;15;16;17;2
45227;880;78;15;16;17;2
45228;898;78;15;16;17;2
45229;916;78;15;16;17;2
45230;934;78;15;16;17;2
45231;952;78;15;16;17;2
45233;970;78;15;16;17;2
45235;988;78;15;16;17;2
45236;1006;78;13;16;17;2
45237;1022;78;13;16;17;2
45240;1038;78;13;16;17;2
45244;1054;78;13;16;17;2
45252;1070;78;13;16;17;2
45253;1086;78;13;16;17;2
45255;1102;78;13;16;17;2
45256;1118;78;14;16;17;2
45257;1135;78;13;16;17;2
45264;1151;78;15;16;17;2
45265;1169;78;15;16;17;2
45268;1187;78;15;16;17;2
45272;1205;78;15;16;17;2
45280;1223;78;15;16;17;2
45285;1241;78;15;16;17;2
45320;1259;78;12;16;17;2
45321;1274;78;12;16;17;2
45323;1289;78;14;16;17;2
45324;1306;78;12;16;17;2
45328;1321;78;12;16;17;2
45330;1336;78;12;16;17;2
45331;1351;78;12;16;17;2
45336;1366;78;12;16;17;2
45337;1381;78;12;16;17;2
45339;1396;78;13;16;17;2
45340;1412;78;13;16;17;2
45341;1428;78;12;16;17;2
45347;1443;78;13;16;17;2
45348;1459;78;13;16;17;2
45349;1475;78;13;16;17;2
45352;1491;78;13;16;17;2
45356;1507;78;13;16;17;2
45364;1523;78;13;16;17;2
45365;1539;78;13;16;17;2
45367;1555;78;13;16;17;2
45368;1571;78;14;16;17;2
45369;1588;78;13;16;17;2
45376;1604;78;12;16;17;2
45377;1619;78;12;16;17;2
45380;1634;78;12;16;17;2
45384;1649;78;12;16;17;2
45392;1664;78;12;16;17;2
45393;1679;78;12;16;17;2
45396;1694;78;13;16;17;2
45397;1710;78;12;16;17;2
45400;1725;78;12;16;17;2
45404;1740;78;13;16;17;2
45408;1756;78;13;16;17;2
45432;1772;78;15;16;17;1
45433;1790;78;15;16;17;1
45436;1808;78;15;16;17;1
45440;1826;78;15;16;17;1
45442;1844;78;15;16;17;1
45448;1862;78;15;16;17;1
45449;1880;78;15;16;17;1
45451;1898;78;15;16;17;1
45453;1916;78;15;16;17;1
45458;1934;78;15;16;17;1
45459;1952;78;15;16;17;1
45460;1970;78;16;16;17;1
45464;1989;78;16;16;17;1
45468;0;104;16;16;17;1
45480;19;104;16;16;17;1
45516;38;104;13;16;17;1
45520;54;104;13;16;17;1
45524;70;104;13;16;17;1
45532;86;104;13;16;17;1
45533;102;104;13;16;17;1
45535;118;104;14;16;17;1
45544;135;104;15;16;17;1
45545;153;104;15;16;17;1
45548;171;104;15;16;17;1
45552;189;104;15;16;17;1
45561;207;104;15;16;17;1
45563;225;104;15;16;17;1
45565;243;104;15;16;17;1
45572;261;104;15;16;17;1
45573;279;104;15;16;17;1
45576;297;104;15;16;17;1
45579;315;104;15;16;17;1
45580;333;104;15;16;17;1
45588;351;104;15;16;17;1
45589;369;104;15;16;17;1
45591;387;104;15;16;17;1
45593;405;104;15;16;17;1
45600;423;104;13;16;17;1
45620;439;104;14;16;17;1
45628;456;104;14;16;17;1
45656;473;104;13;16;17;1
45660;489;104;13;16;17;1
45664;505;104;13;16;17;1
45672;521;104;13;16;17;1
45673;537;104;13;16;17;1
45684;553;104;15;16;17;1
45685;571;104;15;16;17;1
45692;589;104;15;16;17;1
45700;607;104;15;16;17;1
45701;625;104;15;16;17;1
45705;643;104;15;16;17;1
45712;661;104;15;16;17;1
45713;679;104;15;16;17;1
45716;697;104;15;16;17;1
45720;715;104;15;16;17;1
45721;733;104;15;16;17;1
45722;751;104;15;16;17;1
45728;769;104;15;16;17;1
45729;787;104;15;16;17;1
45731;805;104;15;16;17;1
45733;823;104;15;16;17;1
45734;841;104;15;16;17;1
45738;859;104;15;16;17;1
45740;877;104;13;16;17;1
45744;893;104;13;16;17;1
45748;909;104;13;16;17;1
45768;925;104;12;16;17;2
45769;940;104;12;16;17;2
45772;955;104;12;16;17;2
45776;970;104;12;16;17;2
45778;985;104;12;16;17;2
45784;1000;104;12;16;17;2
45785;1015;104;12;16;17;2
45787;1030;104;13;16;17;2
45789;1046;104;12;16;17;2
45794;1061;104;13;16;17;2
45796;1077;104;15;16;17;2
45797;1095;104;15;16;17;2
45798;1113;104;15;16;17;2
45800;1131;104;15;16;17;2
45803;1149;104;15;16;17;2
45804;1167;104;15;16;17;2
45805;1185;104;15;16;17;2
45806;1203;104;15;16;17;2
45807;1221;104;15;16;17;2
45811;1239;104;15;16;17;2
45812;1257;104;15;16;17;2
45813;1275;104;15;16;17;2
45815;1293;104;15;16;17;2
45816;1311;104;15;16;17;2
45817;1329;104;15;16;17;2
45818;1347;104;15;16;17;2
45819;1365;104;15;16;17;2
45823;1383;104;15;16;17;2
45824;1401;104;13;16;17;2
45825;1417;104;13;16;17;2
45828;1433;104;13;16;17;2
45832;1449;104;13;16;17;2
45840;1465;104;13;16;17;2
45841;1481;104;13;16;17;2
45843;1497;104;13;16;17;2
45844;1513;104;14;16;17;2
45845;1530;104;13;16;17;2
45852;1546;104;15;16;17;2
45908;1564;104;12;16;17;2
45909;1579;104;12;16;17;2
45910;1594;104;12;16;17;2
45912;1609;104;12;16;17;2
45915;1624;104;12;16;17;2
45916;1639;104;12;16;17;2
45918;1654;104;12;16;17;2
45919;1669;104;12;16;17;2
45924;1684;104;12;16;17;2
45925;1699;104;12;16;17;2
45927;1714;104;13;16;17;2
45929;1730;104;12;16;17;2
45931;1745;104;13;16;17;2
45934;1761;104;13;16;17;2
45936;1777;104;13;16;17;2
45937;1793;104;13;16;17;2
45940;1809;104;13;16;17;2
45944;1825;104;13;16;17;2
45952;1841;104;13;16;17;2
45953;1857;104;13;16;17;2
45955;1873;104;13;16;17;2
45956;1889;104;14;16;17;2
45957;1906;104;13;16;17;2
45964;1922;104;12;16;17;2
45968;1937;104;12;16;17;2
45972;1952;104;12;16;17;2
45984;1967;104;13;16;17;2
45985;1983;104;12;16;17;2
45992;1998;104;13;16;17;2
45996;0;130;13;16;17;2
46020;16;130;15;16;17;1
46021;34;130;15;16;17;1
46024;52;130;15;16;17;1
46027;70;130;15;16;17;1
46028;88;130;15;16;17;1
46030;106;130;15;16;17;1
46032;124;130;15;16;17;1
46036;142;130;15;16;17;1
46037;160;130;15;16;17;1
46039;178;130;15;16;17;1
46041;196;130;15;16;17;1
46043;214;130;15;16;17;1
46045;232;130;15;16;17;1
46048;250;130;16;16;17;1
46052;269;130;16;16;17;1
46056;288;130;16;16;17;1
46076;307;130;14;16;17;1
46096;324;130;15;16;17;1
46104;342;130;13;16;17;1
46108;358;130;13;16;17;1
46112;374;130;13;16;17;1
46120;390;130;13;16;17;1
46121;406;130;13;16;17;1
46123;422;130;14;16;17;1
46132;439;130;15;16;17;1
46160;457;130;15;16;17;1
46161;475;130;15;16;17;1
46164;493;130;15;16;17;1
46168;511;130;15;16;17;1
46176;529;130;15;16;17;1
46177;547;130;15;16;17;1
46179;565;130;15;16;17;1
46181;583;130;15;16;17;1
46188;601;130;13;16;17;1
46208;617;130;14;16;17;1
46216;634;130;14;16;17;1
46237;651;130;14;16;17;1
46244;668;130;13;16;17;1
46248;684;130;13;16;17;1
46252;700;130;13;16;17;1
46261;716;130;13;16;17;1
46263;732;130;14;16;17;1
46265;749;130;13;16;17;1
46272;765;130;15;16;17;1
46276;783;130;15;16;17;1
46280;801;130;15;16;17;1
46288;819;130;15;16;17;1
46293;837;130;15;16;17;1
46300;855;130;15;16;17;1
46301;873;130;15;16;17;1
46304;891;130;15;16;17;1
46307;909;130;15;16;17;1
46308;927;130;15;16;17;1
46310;945;130;15;16;17;1
46316;963;130;15;16;17;1
46317;981;130;15;16;17;1
46319;999;130;15;16;17;1
46321;1017;130;15;16;17;1
46328;1035;130;13;16;17;1
46356;1051;130;12;16;17;2
46357;1066;130;12;16;17;2
46360;1081;130;12;16;17;2
46363;1096;130;12;16;17;2
46364;1111;130;12;16;17;2
46372;1126;130;12;16;17;2
46373;1141;130;12;16;17;2
46375;1156;130;13;16;17;2
46376;1172;130;13;16;17;2
46377;1188;130;12;16;17;2
46378;1203;130;13;16;17;2
46384;1219;130;15;16;17;2
46385;1237;130;15;16;17;2
46388;1255;130;15;16;17;2
46392;1273;130;15;16;17;2
46400;1291;130;15;16;17;2
46401;1309;130;15;16;17;2
46403;1327;130;15;16;17;2
46404;1345;130;15;16;17;2
46405;1363;130;15;16;17;2
46411;1381;130;15;16;17;2
46412;1399;130;14;16;17;1
46413;1416;130;14;16;17;1
46416;1433;130;14;16;17;1
46420;1450;130;14;16;17;1
46428;1467;130;14;16;17;1
46429;1484;130;14;16;17;1
46431;1501;130;14;16;17;1
46432;1518;130;15;16;17;1
46433;1536;130;14;16;17;1
46496;1553;130;12;16;17;2
46497;1568;130;12;16;17;2
46500;1583;130;13;16;17;1
46504;1599;130;12;16;17;2
46506;1614;130;12;16;17;2
46507;1629;130;12;16;17;2
46512;1644;130;12;16;17;2
46513;1659;130;12;16;17;2
46515;1674;130;13;16;17;2
46516;1690;130;13;16;17;2
46517;1706;130;12;16;17;2
46523;1721;130;13;16;17;2
46524;1737;130;14;16;17;1
46525;1754;130;14;16;17;1
46528;1771;130;14;16;17;1
46532;1788;130;14;16;17;1
46540;1805;130;14;16;17;1
46541;1822;130;14;16;17;1
46543;1839;130;14;16;17;1
46544;1856;130;15;16;17;1
46545;1874;130;14;16;17;1
46552;1891;130;12;16;17;2
46572;1906;130;13;16;17;2
46608;1922;130;15;16;17;1
46609;1940;130;15;16;17;1
46612;1958;130;15;16;17;1
46616;1976;130;15;16;17;1
46629;1994;130;15;16;17;1
46636;0;156;16;16;17;1
46644;19;156;16;16;17;1
46664;38;156;14;16;17;1
46692;55;156;13;16;17;1
46696;71;156;13;16;17;1
46748;87;156;15;16;17;1
46749;105;156;15;16;17;1
46752;123;156;15;16;17;1
46756;141;156;15;16;17;1
46763;159;156;15;16;17;1
46764;177;156;15;16;17;1
46769;195;156;15;16;17;1
46804;213;156;14;16;17;1
46832;230;156;13;16;17;1
46836;246;156;13;16;17;1
46840;262;156;13;16;17;1
46848;278;156;13;16;17;1
46849;294;156;13;16;17;1
46853;310;156;13;16;17;1
46888;326;156;15;16;17;1
46889;344;156;15;16;17;1
46892;362;156;15;16;17;1
46895;380;156;15;16;17;1
46896;398;156;15;16;17;1
46904;416;156;15;16;17;1
46905;434;156;15;16;17;1
46907;452;156;15;16;17;1
46916;470;156;13;16;17;1
46920;486;156;13;16;17;1
46924;502;156;13;16;17;1
46932;518;156;13;16;17;1
46933;534;156;13;16;17;1
46944;550;156;12;16;17;2
46948;565;156;12;16;17;2
46952;580;156;12;16;17;2
46960;595;156;12;16;17;2
46961;610;156;12;16;17;2
46963;625;156;13;16;17;2
46965;641;156;12;16;17;2
46972;656;156;15;16;17;2
46973;674;156;15;16;17;2
46976;692;156;15;16;17;2
46980;710;156;15;16;17;2
46988;728;156;15;16;17;2
46989;746;156;15;16;17;2
46991;764;156;15;16;17;2
46992;782;156;15;16;17;2
46993;800;156;15;16;17;2
46994;818;156;15;16;17;2
46998;836;156;15;16;17;2
46999;854;156;15;16;17;2
47000;872;156;13;16;17;2
47001;888;156;13;16;17;2
47004;904;156;13;16;17;2
47008;920;156;13;16;17;2
47016;936;156;13;16;17;2
47017;952;156;13;16;17;2
47019;968;156;13;16;17;2
47020;984;156;14;16;17;2
47021;1001;156;13;16;17;2
47028;1017;156;15;16;17;2
47029;1035;156;15;16;17;2
47032;1053;156;15;16;17;2
47047;1071;156;15;16;17;2
47049;1089;156;15;16;17;2
47084;1107;156;12;16;17;2
47085;1122;156;12;16;17;2
47088;1137;156;12;16;17;2
47092;1152;156;12;16;17;2
47100;1167;156;12;16;17;2
47101;1182;156;12;16;17;2
47103;1197;156;13;16;17;2
47104;1213;156;13;16;17;2
47105;1229;156;12;16;17;2
47111;1244;156;13;16;17;2
47112;1260;156;13;16;17;2
47113;1276;156;13;16;17;2
47116;1292;156;13;16;17;2
47120;1308;156;13;16;17;2
47128;1324;156;13;16;17;2
47129;1340;156;13;16;17;2
47131;1356;156;13;16;17;2
47133;1372;156;13;16;17;2
47140;1388;156;12;16;17;2
47141;1403;156;12;16;17;2
47144;1418;156;12;16;17;2
47148;1433;156;12;16;17;2
47156;1448;156;12;16;17;2
47157;1463;156;12;16;17;2
47159;1478;156;13;16;17;2
47160;1494;156;13;16;17;2
47161;1510;156;12;16;17;2
47168;1525;156;13;16;17;2
47172;1541;156;13;16;17;2
47185;1557;156;13;16;17;2
47187;1573;156;13;16;17;2
47196;1589;156;15;16;17;1
47197;1607;156;15;16;17;1
47200;1625;156;15;16;17;1
47204;1643;156;15;16;17;1
47212;1661;156;15;16;17;1
47213;1679;156;15;16;17;1
47215;1697;156;15;16;17;1
47217;1715;156;15;16;17;1
47224;1733;156;16;16;17;1
47228;1752;156;16;16;17;1
47245;1771;156;16;16;17;1
47272;1790;156;15;16;17;1
47280;1808;156;13;16;17;1
47284;1824;156;13;16;17;1
47288;1840;156;13;16;17;1
47296;1856;156;13;16;17;1
47297;1872;156;13;16;17;1
47299;1888;156;14;16;17;1
47301;1905;156;13;16;17;1
47308;1921;156;15;16;17;1
47312;1939;156;15;16;17;1
47316;1957;156;15;16;17;1
47325;1975;156;15;16;17;1
47327;1993;156;15;16;17;1
47329;0;182;15;16;17;1
47336;18;182;15;16;17;1
47337;36;182;15;16;17;1
47340;54;182;15;16;17;1
47344;72;182;15;16;17;1
47352;90;182;15;16;17;1
47353;108;182;15;16;17;1
47355;126;182;15;16;17;1
47357;144;182;15;16;17;1
47364;162;182;13;16;17;1
47384;178;182;14;16;17;1
47392;195;182;14;16;17;1
47420;212;182;13;16;17;1
47421;228;182;13;16;17;1
47424;244;182;13;16;17;1
47428;260;182;13;16;17;1
47436;276;182;13;16;17;1
47439;292;182;14;16;17;1
47441;309;182;13;16;17;1
47448;325;182;15;16;17;1
47449;343;182;15;16;17;1
47452;361;182;15;16;17;1
47456;379;182;15;16;17;1
47464;397;182;15;16;17;1
47465;415;182;15;16;17;1
47467;433;182;15;16;17;1
47469;451;182;15;16;17;1
47476;469;182;15;16;17;1
47477;487;182;15;16;17;1
47480;505;182;15;16;17;1
47484;523;182;15;16;17;1
47492;541;182;15;16;17;1
47493;559;182;15;16;17;1
47495;577;182;15;16;17;1
47497;595;182;15;16;17;1
47498;613;182;15;16;17;1
47501;631;182;15;16;17;1
47502;649;182;15;16;17;1
47532;667;182;12;16;17;2
47533;682;182;12;16;17;2
47536;697;182;12;16;17;2
47540;712;182;12;16;17;2
47548;727;182;12;16;17;2
47549;742;182;12;16;17;2
47551;757;182;13;16;17;2
47553;773;182;12;16;17;2
47560;788;182;15;16;17;2
47561;806;182;15;16;17;2
47564;824;182;15;16;17;2
47566;842;182;15;16;17;2
47567;860;182;15;16;17;2
47568;878;182;15;16;17;2
47569;896;182;15;16;17;2
47570;914;182;15;16;17;2
47576;932;182;15;16;17;2
47577;950;182;15;16;17;2
47579;968;182;15;16;17;2
47581;986;182;15;16;17;2
47582;1004;182;15;16;17;2
47585;1022;182;15;16;17;2
47587;1040;182;15;16;17;2
47588;1058;182;13;16;17;2
47589;1074;182;13;16;17;2
47592;1090;182;13;16;17;2
47596;1106;182;13;16;17;2
47604;1122;182;13;16;17;2
47605;1138;182;13;16;17;2
47607;1154;182;13;16;17;2
47608;1170;182;14;16;17;2
47609;1187;182;13;16;17;2
47610;1203;182;14;16;17;2
47616;1220;182;15;16;17;2
47617;1238;182;15;16;17;2
47624;1256;182;15;16;17;2
47637;1274;182;15;16;17;2
47672;1292;182;12;16;17;2
47673;1307;182;12;16;17;2
47676;1322;182;12;16;17;2
47680;1337;182;12;16;17;2
47682;1352;182;12;16;17;2
47688;1367;182;12;16;17;2
47689;1382;182;12;16;17;2
47691;1397;182;13;16;17;2
47693;1413;182;12;16;17;2
47694;1428;182;13;16;17;2
47699;1444;182;13;16;17;2
47700;1460;182;13;16;17;2
47701;1476;182;13;16;17;2
47704;1492;182;13;16;17;2
47708;1508;182;13;16;17;2
47716;1524;182;13;16;17;2
47717;1540;182;13;16;17;2
47719;1556;182;13;16;17;2
47720;1572;182;14;16;17;2
47721;1589;182;13;16;17;2
47728;1605;182;12;16;17;2
47729;1620;182;12;16;17;2
47732;1635;182;12;16;17;2
47736;1650;182;12;16;17;2
47747;1665;182;13;16;17;2
47748;1681;182;13;16;17;2
47749;1697;182;12;16;17;2
47751;1712;182;13;16;17;2
47756;1728;182;13;16;17;2
47784;1744;182;15;16;17;1
47785;1762;182;15;16;17;1
47787;1780;182;15;16;17;1
47788;1798;182;15;16;17;1
47792;1816;182;15;16;17;1
47794;1834;182;15;16;17;1
47800;1852;182;15;16;17;1
47801;1870;182;15;16;17;1
47803;1888;182;15;16;17;1
47805;1906;182;15;16;17;1
47812;1924;182;16;16;17;1
47816;1943;182;16;16;17;1
47832;1962;182;16;16;17;1
47833;1981;182;16;16;17;1
47868;0;208;13;16;17;1
47872;16;208;13;16;17;1
47876;32;208;13;16;17;1
47885;48;208;13;16;17;1
47887;64;208;14;16;17;1
47889;81;208;13;16;17;1
47896;97;208;15;16;17;1
47900;115;208;15;16;17;1
47904;133;208;15;16;17;1
47913;151;208;15;16;17;1
47915;169;208;15;16;17;1
47924;187;208;15;16;17;1
47925;205;208;15;16;17;1
47926;223;208;15;16;17;1
47928;241;208;15;16;17;1
47931;259;208;15;16;17;1
47932;277;208;15;16;17;1
47933;295;208;15;16;17;1
47934;313;208;15;16;17;1
47940;331;208;15;16;17;1
47941;349;208;15;16;17;1
47943;367;208;15;16;17;1
47945;385;208;15;16;17;1
47949;403;208;15;16;17;1
47951;421;208;15;16;17;1
47952;439;208;13;16;17;1
47956;455;208;13;16;17;1
47960;471;208;13;16;17;1
47969;487;208;13;16;17;1
47971;503;208;14;16;17;1
47980;520;208;14;16;17;1
48008;537;208;13;16;17;1
48012;553;208;13;16;17;1
48016;569;208;13;16;17;1
48036;585;208;15;16;17;1
48040;603;208;15;16;17;1
48044;621;208;15;16;17;1
48052;639;208;15;16;17;1
48055;657;208;15;16;17;1
48064;675;208;15;16;17;1
48068;693;208;15;16;17;1
48072;711;208;15;16;17;1
48080;729;208;15;16;17;1
48083;747;208;15;16;17;1
48120;765;208;12;16;17;2
48121;780;208;12;16;17;2
48124;795;208;12;16;17;2
48127;810;208;12;16;17;2
48128;825;208;12;16;17;2
48130;840;208;12;16;17;2
48136;855;208;12;16;17;2
48137;870;208;12;16;17;2
48139;885;208;13;16;17;2
48140;901;208;13;16;17;2
48141;917;208;12;16;17;2
48143;932;208;13;16;17;2
48145;948;208;12;16;17;2
48148;963;208;15;16;17;2
48149;981;208;15;16;17;2
48150;999;208;15;16;17;2
48151;1017;208;15;16;17;2
48152;1035;208;15;16;17;2
48155;1053;208;15;16;17;2
48156;1071;208;15;16;17;2
48157;1089;208;15;16;17;2
48158;1107;208;15;16;17;2
48159;1125;208;15;16;17;2
48164;1143;208;15;16;17;2
48165;1161;208;15;16;17;2
48167;1179;208;15;16;17;2
48169;1197;208;15;16;17;2
48173;1215;208;15;16;17;2
48176;1233;208;13;16;17;2
48177;1249;208;13;16;17;2
48180;1265;208;13;16;17;2
48184;1281;208;13;16;17;2
48192;1297;208;13;16;17;2
48193;1313;208;13;16;17;2
48195;1329;208;13;16;17;2
48196;1345;208;14;16;17;2
48197;1362;208;13;16;17;2
48201;1378;208;13;16;17;2
48204;1394;208;15;16;17;2
48205;1412;208;15;16;17;2
48208;1430;208;15;16;17;2
48221;1448;208;15;16;17;2
48260;1466;208;12;16;17;2
48261;1481;208;12;16;17;2
48264;1496;208;12;16;17;2
48267;1511;208;12;16;17;2
48268;1526;208;12;16;17;2
48270;1541;208;12;16;17;2
48276;1556;208;12;16;17;2
48277;1571;208;12;16;17;2
48279;1586;208;13;16;17;2
48281;1602;208;12;16;17;2
48282;1617;208;13;16;17;2
48288;1633;208;13;16;17;2
48289;1649;208;13;16;17;2
48292;1665;208;13;16;17;2
48295;1681;208;13;16;17;2
48296;1697;208;13;16;17;2
48304;1713;208;13;16;17;2
48305;1729;208;13;16;17;2
48307;1745;208;13;16;17;2
48308;1761;208;14;16;17;2
48309;1778;208;13;16;17;2
48316;1794;208;12;16;17;2
48317;1809;208;12;16;17;2
48320;1824;208;12;16;17;2
48324;1839;208;12;16;17;2
48333;1854;208;12;16;17;2
48335;1869;208;13;16;17;2
48336;1885;208;13;16;17;2
48337;1901;208;12;16;17;2
48341;1916;208;12;16;17;2
48344;1931;208;13;16;17;2
48348;1947;208;13;16;17;2
48372;1963;208;15;16;17;1
48373;1981;208;15;16;17;1
48374;1999;208;15;16;17;1
48376;0;234;15;16;17;1
48380;18;234;15;16;17;1
48388;36;234;15;16;17;1
48389;54;234;15;16;17;1
48391;72;234;15;16;17;1
48393;90;234;15;16;17;1
48400;108;234;16;16;17;1
48404;127;234;16;16;17;1
48420;146;234;16;16;17;1
48428;165;234;14;16;17;1
48448;182;234;15;16;17;1
48456;200;234;13;16;17;1
48457;216;234;13;16;17;1
48460;232;234;13;16;17;1
48464;248;234;13;16;17;1
48472;264;234;13;16;17;1
48473;280;234;13;16;17;1
48484;296;234;15;16;17;1
48488;314;234;15;16;17;1
48512;332;234;15;16;17;1
48513;350;234;15;16;17;1
48516;368;234;15;16;17;1
48519;386;234;15;16;17;1
48520;404;234;15;16;17;1
48521;422;234;15;16;17;1
48522;440;234;15;16;17;1
48528;458;234;15;16;17;1
48529;476;234;15;16;17;1
48531;494;234;15;16;17;1
48533;512;234;15;16;17;1
48537;530;234;15;16;17;1
48538;548;234;15;16;17;1
48540;566;234;13;16;17;1
48548;582;234;13;16;17;1
48560;598;234;14;16;17;1
48568;615;234;14;16;17;1
48596;632;234;13;16;17;1
48597;648;234;13;16;17;1
48600;664;234;13;16;17;1
48604;680;234;13;16;17;1
48617;696;234;13;16;17;1
48624;712;234;15;16;17;1
48628;730;234;15;16;17;1
48632;748;234;15;16;17;1
48640;766;234;15;16;17;1
48643;784;234;15;16;17;1
48645;802;234;15;16;17;1
48652;820;234;15;16;17;1
48653;838;234;15;16;17;1
48656;856;234;15;16;17;1
48660;874;234;15;16;17;1
48668;892;234;15;16;17;1
48669;910;234;15;16;17;1
48671;928;234;15;16;17;1
48708;946;234;12;16;17;2
48709;961;234;12;16;17;2
48712;976;234;12;16;17;2
48716;991;234;12;16;17;2
48718;1006;234;12;16;17;2
48724;1021;234;12;16;17;2
48725;1036;234;12;16;17;2
48727;1051;234;13;16;17;2
48729;1067;234;12;16;17;2
48730;1082;234;13;16;17;2
48731;1098;234;13;16;17;2
48736;1114;234;16;16;17;1
48737;1133;234;16;16;17;1
48740;1152;234;16;16;17;1
48744;1171;234;16;16;17;1
48746;1190;234;16;16;17;1
48752;1209;234;16;16;17;1
48753;1228;234;16;16;17;1
48755;1247;234;16;16;17;1
48756;1266;234;16;16;17;1
48757;1285;234;16;16;17;1
48763;1304;234;16;16;17;1
48764;1323;234;14;16;17;1
48765;1340;234;14;16;17;1
48768;1357;234;14;16;17;1
48772;1374;234;14;16;17;1
48780;1391;234;14;16;17;1
48781;1408;234;14;16;17;1
48783;1425;234;14;16;17;1
48784;1442;234;15;16;17;1
48785;1460;234;14;16;17;1
48792;1477;234;16;16;17;1
48793;1496;234;16;16;17;1
48808;1515;234;16;16;17;1
48848;1534;234;13;16;17;1
48849;1550;234;13;16;17;1
48852;1566;234;13;16;17;1
48855;1582;234;13;16;17;1
48856;1598;234;13;16;17;1
48864;1614;234;13;16;17;1
48867;1630;234;14;16;17;1
48868;1647;234;14;16;17;1
48869;1664;234;13;16;17;1
48876;1680;234;14;16;17;1
48897;1697;234;14;16;17;1
48904;1714;234;13;16;17;1
48905;1730;234;13;16;17;1
48920;1746;234;13;16;17;1
48921;1762;234;13;16;17;1
48923;1778;234;14;16;17;1
48924;1795;234;14;16;17;1
48925;1812;234;13;16;17;1
48960;1828;234;15;16;17;1
48961;1846;234;15;16;17;1
48964;1864;234;15;16;17;1
48968;1882;234;15;16;17;1
48976;1900;234;15;16;17;1
48977;1918;234;15;16;17;1
48981;1936;234;15;16;17;1
49044;1954;234;13;16;17;1
49072;1970;234;15;16;17;1
49093;1988;234;15;16;17;1
49100;0;260;15;16;17;1
49101;18;260;15;16;17;1
49104;36;260;15;16;17;1
49108;54;260;15;16;17;1
49116;72;260;15;16;17;1
49119;90;260;15;16;17;1
49121;108;260;15;16;17;1
49212;126;260;15;16;17;1
49233;144;260;15;16;17;1
49240;162;260;15;16;17;1
49244;180;260;15;16;17;1
49248;198;260;15;16;17;1
49256;216;260;15;16;17;1
49257;234;260;15;16;17;1
49296;252;260;13;16;17;1
49297;268;260;13;16;17;1
49300;284;260;13;16;17;1
49304;300;260;13;16;17;1
49312;316;260;13;16;17;1
49313;332;260;13;16;17;1
49315;348;260;14;16;17;1
49317;365;260;13;16;17;1
49324;381;260;16;16;17;1
49325;400;260;16;16;17;1
49327;419;260;16;16;17;1
49328;438;260;16;16;17;1
49331;457;260;16;16;17;1
49332;476;260;16;16;17;1
49333;495;260;16;16;17;1
49334;514;260;16;16;17;1
49340;533;260;16;16;17;1
49341;552;260;16;16;17;1
49343;571;260;16;16;17;1
49344;590;260;16;16;17;1
49345;609;260;16;16;17;1
49349;628;260;16;16;17;1
49352;647;260;14;16;17;1
49353;664;260;14;16;17;1
49356;681;260;14;16;17;1
49360;698;260;14;16;17;1
49368;715;260;14;16;17;1
49369;732;260;14;16;17;1
49371;749;260;14;16;17;1
49372;766;260;15;16;17;1
49373;784;260;14;16;17;1
49380;801;260;16;16;17;1
49381;820;260;16;16;17;1
49384;839;260;16;16;17;1
49388;858;260;16;16;17;1
49396;877;260;16;16;17;1
49397;896;260;16;16;17;1
49399;915;260;16;16;17;1
49401;934;260;16;16;17;1
49408;953;260;14;16;17;1
49412;970;260;14;16;17;1
49416;987;260;14;16;17;1
49424;1004;260;14;16;17;1
49429;1021;260;14;16;17;1
49436;1038;260;13;16;17;1
49437;1054;260;13;16;17;1
49438;1070;260;13;16;17;1
49439;1086;260;15;16;17;1
49440;1104;260;13;16;17;1
49443;1120;260;13;16;17;1
49444;1136;260;13;16;17;1
49446;1152;260;13;16;17;1
49447;1168;260;13;16;17;1
49452;1184;260;13;16;17;1
49453;1200;260;13;16;17;1
49455;1216;260;14;16;17;1
49456;1233;260;14;16;17;1
49457;1250;260;13;16;17;1
49462;1266;260;14;16;17;1
49464;1283;260;14;16;17;1
49465;1300;260;14;16;17;1
49468;1317;260;14;16;17;1
49472;1334;260;14;16;17;1
49480;1351;260;14;16;17;1
49481;1368;260;14;16;17;1
49483;1385;260;14;16;17;1
49484;1402;260;15;16;17;1
49485;1420;260;14;16;17;1
49492;1437;260;13;16;17;1
49493;1453;260;13;16;17;1
49496;1469;260;13;16;17;1
49500;1485;260;13;16;17;1
49508;1501;260;13;16;17;1
49509;1517;260;13;16;17;1
49511;1533;260;14;16;17;1
49512;1550;260;14;16;17;1
49513;1567;260;13;16;17;1
49520;1583;260;14;16;17;1
49524;1600;260;14;16;17;1
49528;1617;260;14;16;17;1
49541;1634;260;14;16;17;1
49548;1651;260;15;16;17;1
49549;1669;260;15;16;17;1
49550;1687;260;15;16;17;1
49552;1705;260;15;16;17;1
49556;1723;260;15;16;17;1
49558;1741;260;15;16;17;1
49564;1759;260;15;16;17;1
49565;1777;260;15;16;17;1
49567;1795;260;15;16;17;1
49569;1813;260;15;16;17;1
49573;1831;260;15;16;17;1
49576;1849;260;16;16;17;1
49577;1868;260;16;16;17;1
49580;1887;260;16;16;17;1
49584;1906;260;16;16;17;1
49597;1925;260;16;16;17;1
49604;1944;260;14;16;17;1
49608;1961;260;14;16;17;1
49612;1978;260;14;16;17;1
49620;1995;260;14;16;17;1
49623;0;286;14;16;17;1
49624;17;286;15;16;17;1
49632;35;286;13;16;17;1
49636;51;286;13;16;17;1
49640;67;286;13;16;17;1
49648;83;286;13;16;17;1
49649;99;286;13;16;17;1
49651;115;286;14;16;17;1
49660;132;286;15;16;17;1
49661;150;286;15;16;17;1
49664;168;286;15;16;17;1
49668;186;286;15;16;17;1
49676;204;286;15;16;17;1
49677;222;286;15;16;17;1
49679;240;286;15;16;17;1
49681;258;286;15;16;17;1
49688;276;286;15;16;17;1
49689;294;286;15;16;17;1
49692;312;286;15;16;17;1
49695;330;286;15;16;17;1
49696;348;286;15;16;17;1
49704;366;286;15;16;17;1
49705;384;286;15;16;17;1
49707;402;286;15;16;17;1
49709;420;286;15;16;17;1
49711;438;286;15;16;17;1
49713;456;286;15;16;17;1
49714;474;286;15;16;17;1
49716;492;286;13;16;17;1
49736;508;286;14;16;17;1
49744;525;286;14;16;17;1
49745;542;286;14;16;17;1
49748;559;286;14;16;17;1
49752;576;286;14;16;17;1
49760;593;286;14;16;17;1
49765;610;286;14;16;17;1
49772;627;286;13;16;17;1
49773;643;286;13;16;17;1
49776;659;286;13;16;17;1
49780;675;286;13;16;17;1
49788;691;286;13;16;17;1
49789;707;286;13;16;17;1
49791;723;286;14;16;17;1
49793;740;286;13;16;17;1
49800;756;286;15;16;17;1
49801;774;286;15;16;17;1
49808;792;286;15;16;17;1
49816;810;286;15;16;17;1
49819;828;286;15;16;17;1
49821;846;286;15;16;17;1
49828;864;286;15;16;17;1
49829;882;286;15;16;17;1
49832;900;286;15;16;17;1
49836;918;286;15;16;17;1
49837;936;286;15;16;17;1
49844;954;286;15;16;17;1
49845;972;286;15;16;17;1
49847;990;286;15;16;17;1
49849;1008;286;15;16;17;1
49884;1026;286;13;16;17;1
49885;1042;286;13;16;17;1
49888;1058;286;13;16;17;1
49891;1074;286;13;16;17;1
49892;1090;286;13;16;17;1
49899;1106;286;14;16;17;1
49900;1123;286;13;16;17;1
49901;1139;286;13;16;17;1
49903;1155;286;14;16;17;1
49905;1172;286;13;16;17;1
49910;1188;286;14;16;17;1
49912;1205;286;16;16;17;1
49913;1224;286;16;16;17;1
49915;1243;286;16;16;17;1
49916;1262;286;16;16;17;1
49920;1281;286;16;16;17;1
49928;1300;286;16;16;17;1
49929;1319;286;16;16;17;1
49932;1338;286;16;16;17;1
49933;1357;286;16;16;17;1
49939;1376;286;16;16;17;1
49940;1395;286;14;16;17;1
49941;1412;286;14;16;17;1
49944;1429;286;14;16;17;1
49948;1446;286;14;16;17;1
49956;1463;286;14;16;17;1
49957;1480;286;14;16;17;1
49960;1497;286;15;16;17;1
49961;1515;286;14;16;17;1
49989;1532;286;16;16;17;1
50024;1551;286;13;16;17;1
50025;1567;286;13;16;17;1
50028;1583;286;13;16;17;1
50032;1599;286;13;16;17;1
50034;1615;286;13;16;17;1
50040;1631;286;13;16;17;1
50041;1647;286;13;16;17;1
50044;1663;286;14;16;17;1
50045;1680;286;13;16;17;1
50052;1696;286;14;16;17;1
50056;1713;286;14;16;17;1
50060;1730;286;14;16;17;1
50112;1747;286;14;16;17;1
50136;1764;286;15;16;17;1
50137;1782;286;15;16;17;1
50140;1800;286;15;16;17;1
50143;1818;286;15;16;17;1
50144;1836;286;15;16;17;1
50146;1854;286;15;16;17;1
50152;1872;286;15;16;17;1
50153;1890;286;15;16;17;1
50157;1908;286;15;16;17;1
50164;1926;286;16;16;17;1
50165;1945;286;16;16;17;1
50168;1964;286;16;16;17;1
50184;1983;286;16;16;17;1
50192;0;312;14;16;17;1
50212;17;312;15;16;17;1
50220;35;312;13;16;17;1
50224;51;312;13;16;17;1
50228;67;312;13;16;17;1
50236;83;312;13;16;17;1
50237;99;312;13;16;17;1
50248;115;312;15;16;17;1
50276;133;312;15;16;17;1
50277;151;312;15;16;17;1
50280;169;312;15;16;17;1
50284;187;312;15;16;17;1
50292;205;312;15;16;17;1
50293;223;312;15;16;17;1
50297;241;312;15;16;17;1
50304;259;312;13;16;17;1
50324;275;312;14;16;17;1
50332;292;312;14;16;17;1
50360;309;312;13;16;17;1
50364;325;312;13;16;17;1
50409;341;312;15;16;17;1
50416;359;312;15;16;17;1
50417;377;312;15;16;17;1
50420;395;312;15;16;17;1
50424;413;312;15;16;17;1
50426;431;312;15;16;17;1
50431;449;312;15;16;17;1
50432;467;312;15;16;17;1
50433;485;312;15;16;17;1
50444;503;312;13;16;17;1
50448;519;312;13;16;17;1
50452;535;312;13;16;17;1
50460;551;312;13;16;17;1
50472;567;312;13;16;17;1
50473;583;312;13;16;17;1
50476;599;312;13;16;17;1
50480;615;312;13;16;17;1
50488;631;312;13;16;17;1
50489;647;312;13;16;17;1
50491;663;312;14;16;17;1
50493;680;312;13;16;17;1
50500;696;312;15;16;17;2
50501;714;312;16;16;17;1
50504;733;312;16;16;17;1
50505;752;312;16;16;17;1
50506;771;312;16;16;17;1
50508;790;312;16;16;17;1
50509;809;312;16;16;17;1
50510;828;312;16;16;17;1
50515;847;312;16;16;17;1
50516;866;312;16;16;17;1
50517;885;312;16;16;17;1
50519;904;312;16;16;17;1
50520;923;312;16;16;17;1
50521;942;312;16;16;17;1
50525;961;312;16;16;17;1
50526;980;312;16;16;17;1
50528;999;312;13;16;17;2
50529;1015;312;14;16;17;1
50532;1032;312;14;16;17;1
50536;1049;312;14;16;17;1
50544;1066;312;14;16;17;1
50545;1083;312;14;16;17;1
50547;1100;312;14;16;17;1
50548;1117;312;15;16;17;1
50549;1135;312;14;16;17;1
50556;1152;312;15;16;17;2
50557;1170;312;16;16;17;1
50560;1189;312;16;16;17;1
50564;1208;312;16;16;17;1
50567;1227;312;16;16;17;1
50572;1246;312;16;16;17;1
50573;1265;312;16;16;17;1
50575;1284;312;16;16;17;1
50577;1303;312;16;16;17;1
50581;1322;312;16;16;17;1
50583;1341;312;16;16;17;1
50584;1360;312;13;16;17;2
50588;1376;312;14;16;17;1
50592;1393;312;14;16;17;1
50601;1410;312;14;16;17;1
50612;1427;312;12;16;17;2
50613;1442;312;13;16;17;1
50616;1458;312;13;16;17;1
50617;1474;312;14;16;17;1
50619;1491;312;13;16;17;1
50620;1507;312;13;16;17;1
50621;1523;312;13;16;17;1
50622;1539;312;13;16;17;1
50628;1555;312;13;16;17;1
50629;1571;312;13;16;17;1
50630;1587;312;14;16;17;1
50631;1604;312;14;16;17;1
50632;1621;312;14;16;17;1
50633;1638;312;13;16;17;1
50634;1654;312;14;16;17;1
50636;1671;312;13;16;17;1
50638;1687;312;14;16;17;1
50640;1704;312;13;16;17;2
50641;1720;312;14;16;17;1
50644;1737;312;14;16;17;1
50648;1754;312;14;16;17;1
50656;1771;312;14;16;17;1
50657;1788;312;14;16;17;1
50659;1805;312;14;16;17;1
50661;1822;312;14;16;17;1
50668;1839;312;12;16;17;2
50669;1854;312;13;16;17;1
50670;1870;312;13;16;17;1
50672;1886;312;13;16;17;1
50676;1902;312;13;16;17;1
50678;1918;312;13;16;17;1
50679;1934;312;13;16;17;1
50684;1950;312;13;16;17;1
50685;1966;312;13;16;17;1
50686;1982;312;14;16;17;1
50687;1999;312;14;16;17;1
50688;0;338;14;16;17;1
50689;17;338;13;16;17;1
50693;33;338;13;16;17;1
50694;49;338;14;16;17;1
50695;66;338;14;16;17;1
50696;83;338;13;16;17;2
50700;99;338;14;16;17;1
50704;116;338;14;16;17;1
50712;133;338;14;16;17;1
50713;150;338;14;16;17;1
50715;167;338;14;16;17;1
50716;184;338;15;16;17;1
50724;202;338;15;16;17;1
50725;220;338;15;16;17;1
50728;238;338;15;16;17;1
50732;256;338;15;16;17;1
50733;274;338;15;16;17;1
50734;292;338;15;16;17;1
50736;310;338;15;16;17;1
50739;328;338;15;16;17;1
50740;346;338;15;16;17;1
50741;364;338;15;16;17;1
50743;382;338;15;16;17;1
50745;400;338;15;16;17;1
50747;418;338;15;16;17;1
50752;436;338;16;16;17;1
50753;455;338;16;16;17;1
50756;474;338;16;16;17;1
50760;493;338;16;16;17;1
50768;512;338;16;16;17;1
50769;531;338;16;16;17;1
50771;550;338;16;16;17;1
50772;569;338;16;16;17;1
50773;588;338;16;16;17;1
50780;607;338;14;16;17;1
50781;624;338;14;16;17;1
50784;641;338;14;16;17;1
50796;658;338;14;16;17;1
50799;675;338;14;16;17;1
50801;692;338;14;16;17;1
50808;709;338;13;16;17;1
50809;725;338;13;16;17;1
50812;741;338;13;16;17;1
50816;757;338;13;16;17;1
50824;773;338;13;16;17;1
50825;789;338;13;16;17;1
50827;805;338;14;16;17;1
50829;822;338;13;16;17;1
50836;838;338;15;16;17;1
50837;856;338;15;16;17;1
50840;874;338;15;16;17;1
50844;892;338;15;16;17;1
50852;910;338;15;16;17;1
50853;928;338;15;16;17;1
50855;946;338;15;16;17;1
50857;964;338;15;16;17;1
50864;982;338;15;16;17;1
50865;1000;338;15;16;17;1
50868;1018;338;15;16;17;1
50872;1036;338;15;16;17;1
50873;1054;338;15;16;17;1
50874;1072;338;15;16;17;1
50880;1090;338;15;16;17;1
50881;1108;338;15;16;17;1
50883;1126;338;15;16;17;1
50885;1144;338;15;16;17;1
50892;1162;338;13;16;17;1
50893;1178;338;13;16;17;1
50896;1194;338;13;16;17;1
50900;1210;338;13;16;17;1
50908;1226;338;13;16;17;1
50909;1242;338;13;16;17;1
50912;1258;338;14;16;17;1
50913;1275;338;13;16;17;1
50920;1291;338;14;16;17;1
50921;1308;338;14;16;17;1
50924;1325;338;14;16;17;1
50928;1342;338;14;16;17;1
50936;1359;338;14;16;17;1
50937;1376;338;14;16;17;1
50941;1393;338;14;16;17;1
50948;1410;338;13;16;17;1
50949;1426;338;13;16;17;1
50952;1442;338;13;16;17;1
50956;1458;338;13;16;17;1
50964;1474;338;13;16;17;1
50965;1490;338;13;16;17;1
50967;1506;338;14;16;17;1
50969;1523;338;13;16;17;1
50976;1539;338;15;16;17;1
50977;1557;338;15;16;17;1
50980;1575;338;15;16;17;1
50984;1593;338;15;16;17;1
50992;1611;338;15;16;17;1
50993;1629;338;15;16;17;1
50995;1647;338;15;16;17;1
50997;1665;338;15;16;17;1
50999;1683;338;15;16;17;1
51004;1701;338;15;16;17;1
51005;1719;338;15;16;17;1
51008;1737;338;15;16;17;1
51012;1755;338;15;16;17;1
51018;1773;338;15;16;17;1
51020;1791;338;15;16;17;1
51021;1809;338;15;16;17;1
51023;1827;338;15;16;17;1
51025;1845;338;15;16;17;1
51026;1863;338;15;16;17;1
51027;1881;338;15;16;17;1
51028;1899;338;15;16;17;1
51029;1917;338;15;16;17;1
51030;1935;338;15;16;17;1
51031;1953;338;15;16;17;1
51032;1971;338;13;16;17;1
51036;1987;338;13;16;17;1
51040;0;364;13;16;17;1
51048;16;364;13;16;17;1
51051;32;364;14;16;17;1
51060;49;364;12;16;17;2
51061;64;364;13;16;17;1
51064;80;364;13;16;17;1
51068;96;364;13;16;17;1
51069;112;364;13;16;17;1
51070;128;364;13;16;17;1
51075;144;364;14;16;17;1
51076;161;364;13;16;17;1
51077;177;364;13;16;17;1
51079;193;364;14;16;17;1
51080;210;364;14;16;17;1
51081;227;364;13;16;17;1
51082;243;364;14;16;17;1
51086;260;364;14;16;17;1
51088;277;364;16;16;17;1
51089;296;364;16;16;17;1
51092;315;364;16;16;17;1
51094;334;364;16;16;17;1
51095;353;364;16;16;17;1
51096;372;364;16;16;17;1
51098;391;364;16;16;17;1
51104;410;364;16;16;17;1
51105;429;364;16;16;17;1
51107;448;364;16;16;17;1
51108;467;364;16;16;17;1
51109;486;364;16;16;17;1
51110;505;364;16;16;17;1
51116;524;364;14;16;17;1
51117;541;364;14;16;17;1
51120;558;364;14;16;17;1
51124;575;364;14;16;17;1
51132;592;364;14;16;17;1
51133;609;364;14;16;17;1
51135;626;364;14;16;17;1
51136;643;364;15;16;17;1
51137;661;364;14;16;17;1
51144;678;364;16;16;17;1
51145;697;364;16;16;17;1
51148;716;364;16;16;17;1
51150;735;364;16;16;17;1
51152;754;364;16;16;17;1
51160;773;364;16;16;17;1
51165;792;364;16;16;17;1
51172;811;364;14;16;17;1
51176;828;364;14;16;17;1
51180;845;364;14;16;17;1
51200;862;364;13;16;17;1
51201;878;364;13;16;17;1
51204;894;364;13;16;17;1
51208;910;364;13;16;17;1
51210;926;364;13;16;17;1
51216;942;364;13;16;17;1
51217;958;364;13;16;17;1
51219;974;364;14;16;17;1
51221;991;364;13;16;17;1
51222;1007;364;14;16;17;1
51228;1024;364;14;16;17;1
51229;1041;364;14;16;17;1
51232;1058;364;14;16;17;1
51236;1075;364;14;16;17;1
51244;1092;364;14;16;17;1
51245;1109;364;14;16;17;1
51247;1126;364;14;16;17;1
51249;1143;364;14;16;17;1
51256;1160;364;13;16;17;1
51260;1176;364;13;16;17;1
51264;1192;364;13;16;17;1
51272;1208;364;13;16;17;1
51273;1224;364;13;16;17;1
51276;1240;364;14;16;17;1
51277;1257;364;13;16;17;1
51284;1273;364;14;16;17;1
51312;1290;364;15;16;17;1
51313;1308;364;15;16;17;1
51316;1326;364;15;16;17;1
51320;1344;364;15;16;17;1
51322;1362;364;15;16;17;1
51328;1380;364;15;16;17;1
51329;1398;364;15;16;17;1
51331;1416;364;15;16;17;1
51333;1434;364;15;16;17;1
51334;1452;364;15;16;17;1
51335;1470;364;15;16;17;1
51339;1488;364;15;16;17;1
51340;1506;364;16;16;17;1
51341;1525;364;16;16;17;1
51348;1544;364;16;16;17;1
51357;1563;364;16;16;17;1
51359;1582;364;16;16;17;1
51361;1601;364;16;16;17;1
51368;1620;364;14;16;17;1
51388;1637;364;15;16;17;1
51389;1655;364;14;16;17;1
51396;1672;364;13;16;17;1
51400;1688;364;13;16;17;1
51404;1704;364;13;16;17;1
51412;1720;364;13;16;17;1
51413;1736;364;13;16;17;1
51415;1752;364;14;16;17;1
51417;1769;364;13;16;17;1
51424;1785;364;15;16;17;1
51425;1803;364;15;16;17;1
51428;1821;364;15;16;17;1
51445;1839;364;15;16;17;1
51452;1857;364;15;16;17;1
51453;1875;364;15;16;17;1
51456;1893;364;15;16;17;1
51460;1911;364;15;16;17;1
51461;1929;364;15;16;17;1
51462;1947;364;15;16;17;1
51468;1965;364;15;16;17;1
51469;1983;364;15;16;17;1
51471;0;390;15;16;17;1
51473;18;390;15;16;17;1
51480;36;390;13;16;17;1
51500;52;390;14;16;17;1
51508;69;390;14;16;17;1
51536;86;390;13;16;17;1
51537;102;390;13;16;17;1
51540;118;390;13;16;17;1
51544;134;390;13;16;17;1
51552;150;390;13;16;17;1
51553;166;390;13;16;17;1
51555;182;390;14;16;17;1
51564;199;390;15;16;17;1
51568;217;390;15;16;17;1
51572;235;390;15;16;17;1
51580;253;390;15;16;17;1
51592;271;390;15;16;17;1
51593;289;390;15;16;17;1
51596;307;390;15;16;17;1
51600;325;390;15;16;17;1
51608;343;390;15;16;17;1
51609;361;390;15;16;17;1
51611;379;390;15;16;17;1
51613;397;390;15;16;17;1
51648;415;390;13;16;17;1
51649;431;390;13;16;17;1
51652;447;390;13;16;17;1
51655;463;390;13;16;17;1
51656;479;390;13;16;17;1
51658;495;390;13;16;17;1
51664;511;390;13;16;17;1
51665;527;390;13;16;17;1
51667;543;390;14;16;17;1
51669;560;390;13;16;17;1
51670;576;390;14;16;17;1
51673;593;390;13;16;17;1
51674;609;390;14;16;17;1
51676;626;390;16;16;17;1
51677;645;390;16;16;17;1
51680;664;390;16;16;17;1
51682;683;390;16;16;17;1
51684;702;390;16;16;17;1
51687;721;390;16;16;17;1
51692;740;390;16;16;17;1
51693;759;390;16;16;17;1
51695;778;390;16;16;17;1
51696;797;390;16;16;17;1
51697;816;390;16;16;17;1
51704;835;390;14;16;17;1
51705;852;390;14;16;17;1
51708;869;390;14;16;17;1
51712;886;390;14;16;17;1
51720;903;390;14;16;17;1
51721;920;390;14;16;17;1
51723;937;390;14;16;17;1
51724;954;390;15;16;17;1
51725;972;390;14;16;17;1
51732;989;390;16;16;17;1
51736;1008;390;16;16;17;1
51753;1027;390;16;16;17;1
51788;1046;390;13;16;17;1
51789;1062;390;13;16;17;1
51792;1078;390;13;16;17;1
51796;1094;390;13;16;17;1
51804;1110;390;13;16;17;1
51805;1126;390;13;16;17;1
51807;1142;390;14;16;17;1
51808;1159;390;14;16;17;1
51809;1176;390;13;16;17;1
51816;1192;390;14;16;17;1
51837;1209;390;14;16;17;1
51844;1226;390;13;16;17;1
51864;1242;390;14;16;17;1
51900;1259;390;15;16;17;1
51901;1277;390;15;16;17;1
51904;1295;390;15;16;17;1
51908;1313;390;15;16;17;1
51916;1331;390;15;16;17;1
51917;1349;390;15;16;17;1
51919;1367;390;15;16;17;1
51921;1385;390;15;16;17;1
51923;1403;390;15;16;17;1
51928;1421;390;16;16;17;1
51929;1440;390;16;16;17;1
51936;1459;390;16;16;17;1
51948;1478;390;16;16;17;1
51956;1497;390;14;16;17;1
51976;1514;390;15;16;17;1
51984;1532;390;13;16;17;1
51988;1548;390;13;16;17;1
51992;1564;390;13;16;17;1
52000;1580;390;13;16;17;1
52001;1596;390;13;16;17;1
52033;1612;390;15;16;17;1
52040;1630;390;15;16;17;1
52041;1648;390;15;16;17;1
52044;1666;390;15;16;17;1
52048;1684;390;15;16;17;1
52056;1702;390;15;16;17;1
52057;1720;390;15;16;17;1
52061;1738;390;15;16;17;1
52068;1756;390;13;16;17;1
52088;1772;390;14;16;17;1
52089;1789;390;13;16;17;1
52124;1805;390;13;16;17;1
52152;1821;390;15;16;17;1
52180;1839;390;15;16;17;1
52196;1857;390;15;16;17;1
52199;1875;390;15;16;17;1
52201;1893;390;15;16;17;1
52236;1911;390;13;16;17;1
52237;1927;390;13;16;17;1
52240;1943;390;13;16;17;1
52244;1959;390;13;16;17;1
52252;1975;390;13;16;17;1
52253;1991;390;13;16;17;1
52257;0;416;13;16;17;1
52258;16;416;14;16;17;1
52263;33;416;14;16;17;1
52264;50;416;16;16;17;1
52265;69;416;16;16;17;1
52268;88;416;16;16;17;1
52270;107;416;16;16;17;1
52272;126;416;16;16;17;1
52280;145;416;16;16;17;1
52281;164;416;16;16;17;1
52283;183;416;16;16;17;1
52284;202;416;16;16;17;1
52285;221;416;16;16;17;1
52286;240;416;16;16;17;1
52292;259;416;14;16;17;1
52293;276;416;14;16;17;1
52296;293;416;14;16;17;1
52300;310;416;14;16;17;1
52308;327;416;14;16;17;1
52309;344;416;14;16;17;1
52311;361;416;14;16;17;1
52312;378;416;15;16;17;1
52313;396;416;14;16;17;1
52320;413;416;16;16;17;1
52324;432;416;16;16;17;1
52326;451;416;16;16;17;1
52328;470;416;16;16;17;1
52336;489;416;16;16;17;1
52341;508;416;16;16;17;1
52376;527;416;13;16;17;1
52377;543;416;13;16;17;1
52380;559;416;13;16;17;1
52384;575;416;13;16;17;1
52392;591;416;13;16;17;1
52393;607;416;13;16;17;1
52395;623;416;14;16;17;1
52396;640;416;14;16;17;1
52397;657;416;13;16;17;1
52404;673;416;14;16;17;1
52405;690;416;14;16;17;1
52408;707;416;14;16;17;1
52412;724;416;14;16;17;1
52420;741;416;14;16;17;1
52421;758;416;14;16;17;1
52423;775;416;14;16;17;1
52425;792;416;14;16;17;1
52432;809;416;13;16;17;1
52436;825;416;13;16;17;1
52452;841;416;14;16;17;1
52460;858;416;14;16;17;1
52464;875;416;14;16;17;1
52481;892;416;14;16;17;1
52488;909;416;15;16;17;1
52489;927;416;15;16;17;1
52492;945;416;15;16;17;1
52496;963;416;15;16;17;1
52504;981;416;15;16;17;1
52505;999;416;15;16;17;1
52507;1017;416;15;16;17;1
52509;1035;416;15;16;17;1
52516;1053;416;16;16;17;1
52520;1072;416;16;16;17;1
52524;1091;416;16;16;17;1
52537;1110;416;16;16;17;1
52572;1129;416;13;16;17;1
52576;1145;416;13;16;17;1
52580;1161;416;13;16;17;1
52588;1177;416;13;16;17;1
52589;1193;416;13;16;17;1
52591;1209;416;14;16;17;1
52593;1226;416;13;16;17;1
52600;1242;416;15;16;17;1
52616;1260;416;15;16;17;1
52628;1278;416;15;16;17;1
52629;1296;416;15;16;17;1
52632;1314;416;15;16;17;1
52636;1332;416;15;16;17;1
52644;1350;416;15;16;17;1
52645;1368;416;15;16;17;1
52647;1386;416;15;16;17;1
52649;1404;416;15;16;17;1
52656;1422;416;13;16;17;1
52676;1438;416;14;16;17;1
52684;1455;416;14;16;17;1
52688;1472;416;14;16;17;1
52712;1489;416;13;16;17;1
52716;1505;416;13;16;17;1
52720;1521;416;13;16;17;1
52728;1537;416;13;16;17;1
52729;1553;416;13;16;17;1
52731;1569;416;14;16;17;1
52733;1586;416;13;16;17;1
52740;1602;416;15;16;17;1
52744;1620;416;15;16;17;1
52748;1638;416;15;16;17;1
52756;1656;416;15;16;17;1
52761;1674;416;15;16;17;1
52768;1692;416;15;16;17;1
52769;1710;416;15;16;17;1
52772;1728;416;15;16;17;1
52776;1746;416;15;16;17;1
52784;1764;416;15;16;17;1
52785;1782;416;15;16;17;1
52787;1800;416;15;16;17;1
52789;1818;416;15;16;17;1
52824;1836;416;13;16;17;1
52825;1852;416;13;16;17;1
52828;1868;416;13;16;17;1
52831;1884;416;13;16;17;1
52832;1900;416;13;16;17;1
52833;1916;416;13;16;17;1
52840;1932;416;13;16;17;1
52841;1948;416;13;16;17;1
52843;1964;416;14;16;17;1
52845;1981;416;13;16;17;1
52852;1997;416;16;16;17;1
52853;0;442;16;16;17;1
52856;19;442;16;16;17;1
52860;38;442;16;16;17;1
52868;57;442;16;16;17;1
52869;76;442;16;16;17;1
52871;95;442;16;16;17;1
52873;114;442;16;16;17;1
52880;133;442;14;16;17;1
52881;150;442;14;16;17;1
52884;167;442;14;16;17;1
52888;184;442;14;16;17;1
52896;201;442;14;16;17;1
52897;218;442;14;16;17;1
52899;235;442;14;16;17;1
52900;252;442;15;16;17;1
52901;270;442;14;16;17;1
52908;287;442;16;16;17;1
52909;306;442;16;16;17;1
52929;325;442;16;16;17;1
52964;344;442;13;16;17;1
52965;360;442;13;16;17;1
52968;376;442;13;16;17;1
52971;392;442;13;16;17;1
52972;408;442;13;16;17;1
52980;424;442;13;16;17;1
52981;440;442;13;16;17;1
52983;456;442;14;16;17;1
52984;473;442;14;16;17;1
52985;490;442;13;16;17;1
52992;506;442;14;16;17;1
52993;523;442;14;16;17;1
52996;540;442;14;16;17;1
53000;557;442;14;16;17;1
53008;574;442;14;16;17;1
53009;591;442;14;16;17;1
53011;608;442;14;16;17;1
53013;625;442;14;16;17;1
53020;642;442;13;16;17;1
53024;658;442;13;16;17;1
53028;674;442;13;16;17;1
53036;690;442;13;16;17;1
53037;706;442;13;16;17;1
53039;722;442;14;16;17;1
53040;739;442;14;16;17;1
53041;756;442;13;16;17;1
53048;772;442;14;16;17;1
53076;789;442;15;16;17;1
53077;807;442;15;16;17;1
53080;825;442;15;16;17;1
53084;843;442;15;16;17;1
53092;861;442;15;16;17;1
53093;879;442;15;16;17;1
53095;897;442;15;16;17;1
53097;915;442;15;16;17;1
53104;933;442;16;16;17;1
53105;952;442;16;16;17;1
53108;971;442;16;16;17;1
53112;990;442;16;16;17;1
53120;1009;442;16;16;17;1
53125;1028;442;16;16;17;1
53132;1047;442;14;16;17;1
53153;1064;442;14;16;17;1
53160;1081;442;13;16;17;1
53168;1097;442;13;16;17;1
53188;1113;442;15;16;17;1
53216;1131;442;15;16;17;1
53217;1149;442;15;16;17;1
53220;1167;442;15;16;17;1
53224;1185;442;15;16;17;1
53232;1203;442;15;16;17;1
53233;1221;442;15;16;17;1
53235;1239;442;15;16;17;1
53237;1257;442;15;16;17;1
53244;1275;442;13;16;17;1
53248;1291;442;13;16;17;1
53252;1307;442;13;16;17;1
53265;1323;442;13;16;17;1
53272;1339;442;14;16;17;1
53293;1356;442;14;16;17;1
53300;1373;442;13;16;17;1
53301;1389;442;13;16;17;1
53304;1405;442;13;16;17;1
53308;1421;442;13;16;17;1
53316;1437;442;13;16;17;1
53317;1453;442;13;16;17;1
53319;1469;442;14;16;17;1
53321;1486;442;13;16;17;1
53328;1502;442;15;16;17;1
53332;1520;442;15;16;17;1
53336;1538;442;15;16;17;1
53344;1556;442;15;16;17;1
53356;1574;442;15;16;17;1
53357;1592;442;15;16;17;1
53360;1610;442;15;16;17;1
53364;1628;442;15;16;17;1
53372;1646;442;15;16;17;1
53373;1664;442;15;16;17;1
53377;1682;442;15;16;17;1
53412;1700;442;13;16;17;1
53413;1716;442;13;16;17;1
53416;1732;442;13;16;17;1
53420;1748;442;13;16;17;1
53428;1764;442;13;16;17;1
53429;1780;442;13;16;17;1
53431;1796;442;14;16;17;1
53433;1813;442;13;16;17;1
53440;1829;442;15;16;17;2
53441;1847;442;15;16;17;2
53444;1865;442;15;16;17;2
53448;1883;442;15;16;17;2
53449;1901;442;15;16;17;2
53456;1919;442;15;16;17;2
53457;1937;442;15;16;17;2
53459;1955;442;15;16;17;2
53460;1973;442;15;16;17;2
53461;1991;442;15;16;17;2
53468;0;468;13;16;17;2
53469;16;468;13;16;17;2
53472;32;468;13;16;17;2
53476;48;468;13;16;17;2
53484;64;468;13;16;17;2
53485;80;468;13;16;17;2
53487;96;468;13;16;17;2
53488;112;468;14;16;17;2
53489;129;468;13;16;17;2
53496;145;468;15;16;17;2
53517;163;468;15;16;17;2
53552;181;468;12;16;17;2
53553;196;468;12;16;17;2
53556;211;468;12;16;17;2
53560;226;468;12;16;17;2
53562;241;468;12;16;17;2
53568;256;468;12;16;17;2
53569;271;468;12;16;17;2
53571;286;468;13;16;17;2
53572;302;468;13;16;17;2
53573;318;468;12;16;17;2
53580;333;468;13;16;17;2
53581;349;468;13;16;17;2
53584;365;468;13;16;17;2
53588;381;468;13;16;17;2
53596;397;468;13;16;17;2
53597;413;468;13;16;17;2
53599;429;468;13;16;17;2
53601;445;468;13;16;17;2
53608;461;468;12;16;17;2
53612;476;468;12;16;17;2
53628;491;468;13;16;17;2
53636;507;468;13;16;17;2
53640;523;468;13;16;17;2
53664;539;468;15;16;17;1
53665;557;468;15;16;17;1
53668;575;468;15;16;17;1
53672;593;468;15;16;17;1
53680;611;468;15;16;17;1
53681;629;468;15;16;17;1
53683;647;468;15;16;17;1
53685;665;468;15;16;17;1
53690;683;468;15;16;17;1
53692;701;468;16;16;17;1
53696;720;468;16;16;17;1
53720;739;468;14;16;17;1
53748;756;468;13;16;17;1
53752;772;468;13;16;17;1
53767;788;468;14;16;17;1
53769;805;468;13;16;17;1
53776;821;468;15;16;17;1
53804;839;468;15;16;17;1
53805;857;468;15;16;17;1
53808;875;468;15;16;17;1
53812;893;468;15;16;17;1
53820;911;468;15;16;17;1
53821;929;468;15;16;17;1
53823;947;468;15;16;17;1
53825;965;468;15;16;17;1
53832;983;468;13;16;17;1
53852;999;468;14;16;17;1
53860;1016;468;14;16;17;1
53888;1033;468;13;16;17;1
53889;1049;468;13;16;17;1
53892;1065;468;13;16;17;1
53896;1081;468;13;16;17;1
53904;1097;468;13;16;17;1
53905;1113;468;13;16;17;1
53909;1129;468;13;16;17;1
53916;1145;468;15;16;17;1
53920;1163;468;15;16;17;1
53924;1181;468;15;16;17;1
53932;1199;468;15;16;17;1
53937;1217;468;15;16;17;1
53944;1235;468;15;16;17;1
53945;1253;468;15;16;17;1
53948;1271;468;15;16;17;1
53951;1289;468;15;16;17;1
53952;1307;468;15;16;17;1
53954;1325;468;15;16;17;1
53960;1343;468;15;16;17;1
53961;1361;468;15;16;17;1
53963;1379;468;15;16;17;1
53972;1397;468;13;16;17;1
53976;1413;468;13;16;17;1
53980;1429;468;13;16;17;1
53988;1445;468;13;16;17;1
53989;1461;468;13;16;17;1
54000;1477;468;12;16;17;2
54001;1492;468;12;16;17;2
54004;1507;468;12;16;17;2
54008;1522;468;12;16;17;2
54016;1537;468;12;16;17;2
54017;1552;468;12;16;17;2
54019;1567;468;13;16;17;2
54021;1583;468;12;16;17;2
54028;1598;468;16;16;17;1
54029;1617;468;16;16;17;1
54030;1636;468;16;16;17;1
54032;1655;468;16;16;17;1
54036;1674;468;16;16;17;1
54038;1693;468;16;16;17;1
54044;1712;468;16;16;17;1
54045;1731;468;16;16;17;1
54047;1750;468;16;16;17;1
54048;1769;468;16;16;17;1
54049;1788;468;16;16;17;1
54053;1807;468;16;16;17;1
54056;1826;468;14;16;17;1
54057;1843;468;14;16;17;1
54060;1860;468;14;16;17;1
54064;1877;468;14;16;17;1
54072;1894;468;14;16;17;1
54073;1911;468;14;16;17;1
54075;1928;468;14;16;17;1
54076;1945;468;15;16;17;1
54077;1963;468;14;16;17;1
54084;1980;468;16;16;17;1
54085;1999;468;16;16;17;1
54140;0;494;13;16;17;1
54141;16;494;13;16;17;1
54144;32;494;13;16;17;1
54148;48;494;13;16;17;1
54156;64;494;13;16;17;1
54157;80;494;13;16;17;1
54159;96;494;14;16;17;1
54160;113;494;14;16;17;1
54161;130;494;13;16;17;1
54168;146;494;14;16;17;1
54169;163;494;14;16;17;1
54172;180;494;14;16;17;1
54176;197;494;14;16;17;1
54184;214;494;14;16;17;1
54185;231;494;14;16;17;1
54187;248;494;14;16;17;1
54189;265;494;14;16;17;1
54196;282;494;13;16;17;1
54200;298;494;13;16;17;1
54204;314;494;13;16;17;1
54212;330;494;13;16;17;1
54213;346;494;13;16;17;1
54216;362;494;14;16;17;1
54217;379;494;13;16;17;1
54224;395;494;14;16;17;1
54232;412;494;14;16;17;1
54241;429;494;14;16;17;1
54243;446;494;14;16;17;1
54252;463;494;15;16;17;1
54253;481;494;15;16;17;1
54256;499;494;15;16;17;1
54260;517;494;15;16;17;1
54268;535;494;15;16;17;1
54269;553;494;15;16;17;1
54271;571;494;15;16;17;1
54273;589;494;15;16;17;1
54280;607;494;16;16;17;1
54301;626;494;16;16;17;1
54336;645;494;13;16;17;1
54340;661;494;13;16;17;1
54364;677;494;15;16;17;1
54368;695;494;15;16;17;1
54372;713;494;15;16;17;1
54381;731;494;15;16;17;1
54383;749;494;15;16;17;1
54392;767;494;15;16;17;1
54393;785;494;15;16;17;1
54396;803;494;15;16;17;1
54399;821;494;15;16;17;1
54400;839;494;15;16;17;1
54402;857;494;15;16;17;1
54408;875;494;15;16;17;1
54409;893;494;15;16;17;1
54411;911;494;15;16;17;1
54413;929;494;15;16;17;1
54420;947;494;13;16;17;1
54441;963;494;13;16;17;1
54476;979;494;13;16;17;1
54480;995;494;13;16;17;1
54484;1011;494;13;16;17;1
54492;1027;494;13;16;17;1
54495;1043;494;14;16;17;1
54504;1060;494;15;16;17;1
54508;1078;494;15;16;17;1
54512;1096;494;15;16;17;1
54520;1114;494;15;16;17;1
54523;1132;494;15;16;17;1
54525;1150;494;15;16;17;1
54532;1168;494;15;16;17;1
54536;1186;494;15;16;17;1
54540;1204;494;15;16;17;1
54548;1222;494;15;16;17;1
54549;1240;494;15;16;17;1
54551;1258;494;15;16;17;1
54588;1276;494;13;16;17;1
54589;1292;494;13;16;17;1
54592;1308;494;13;16;17;1
54596;1324;494;13;16;17;1
54604;1340;494;13;16;17;1
54605;1356;494;13;16;17;1
54607;1372;494;14;16;17;1
54609;1389;494;13;16;17;1
54616;1405;494;16;16;17;1
54617;1424;494;16;16;17;1
54620;1443;494;16;16;17;1
54624;1462;494;16;16;17;1
54629;1481;494;16;16;17;1
54632;1500;494;16;16;17;1
54633;1519;494;16;16;17;1
54635;1538;494;16;16;17;1
54637;1557;494;16;16;17;1
54644;1576;494;14;16;17;1
54645;1593;494;14;16;17;1
54648;1610;494;14;16;17;1
54652;1627;494;14;16;17;1
54660;1644;494;14;16;17;1
54661;1661;494;14;16;17;1
54663;1678;494;14;16;17;1
54664;1695;494;15;16;17;1
54665;1713;494;14;16;17;1
54672;1730;494;16;16;17;1
54693;1749;494;16;16;17;1
54728;1768;494;13;16;17;1
54729;1784;494;13;16;17;1
54732;1800;494;13;16;17;1
54736;1816;494;13;16;17;1
54738;1832;494;13;16;17;1
54744;1848;494;13;16;17;1
54745;1864;494;13;16;17;1
54747;1880;494;14;16;17;1
54749;1897;494;13;16;17;1
54756;1913;494;14;16;17;1
54757;1930;494;14;16;17;1
54760;1947;494;14;16;17;1
54764;1964;494;14;16;17;1
54772;1981;494;14;16;17;1
54773;1998;494;14;16;17;1
54775;0;520;14;16;17;1
54777;17;520;14;16;17;1
54784;34;520;13;16;17;1
54785;50;520;13;16;17;1
54788;66;520;13;16;17;1
54792;82;520;13;16;17;1
54800;98;520;13;16;17;1
54801;114;520;13;16;17;1
54803;130;520;14;16;17;1
54804;147;520;14;16;17;1
54805;164;520;13;16;17;1
54812;180;520;14;16;17;1
54816;197;520;14;16;17;1
54820;214;520;14;16;17;1
54829;231;520;14;16;17;1
54840;248;520;15;16;17;1
54841;266;520;15;16;17;1
54844;284;520;15;16;17;1
54848;302;520;15;16;17;1
54853;320;520;15;16;17;1
54856;338;520;15;16;17;1
54857;356;520;15;16;17;1
54859;374;520;15;16;17;1
54861;392;520;15;16;17;1
54865;410;520;15;16;17;1
54868;428;520;16;16;17;1
54869;447;520;16;16;17;1
54872;466;520;16;16;17;1
54876;485;520;16;16;17;1
54887;504;520;16;16;17;1
54889;523;520;16;16;17;1
54896;542;520;14;16;17;1
54897;559;520;14;16;17;1
54900;576;520;14;16;17;1
54915;593;520;14;16;17;1
54917;610;520;14;16;17;1
54924;627;520;13;16;17;1
54925;643;520;13;16;17;1
54928;659;520;13;16;17;1
54932;675;520;13;16;17;1
54941;691;520;13;16;17;1
54943;707;520;14;16;17;1
54945;724;520;13;16;17;1
54952;740;520;15;16;17;1
54956;758;520;15;16;17;1
54960;776;520;15;16;17;1
54969;794;520;15;16;17;1
54971;812;520;15;16;17;1
54980;830;520;15;16;17;1
54981;848;520;15;16;17;1
54984;866;520;15;16;17;1
54988;884;520;15;16;17;1
54993;902;520;15;16;17;1
54996;920;520;15;16;17;1
54999;938;520;15;16;17;1
55001;956;520;15;16;17;1
55008;974;520;13;16;17;1
55012;990;520;13;16;17;1
55016;1006;520;13;16;17;1
55024;1022;520;13;16;17;1
55029;1038;520;13;16;17;1
55036;1054;520;14;16;17;1
55037;1071;520;14;16;17;1
55040;1088;520;14;16;17;1
55044;1105;520;14;16;17;1
55057;1122;520;14;16;17;1
55064;1139;520;13;16;17;1
55065;1155;520;13;16;17;1
55068;1171;520;13;16;17;1
55072;1187;520;13;16;17;1
55080;1203;520;13;16;17;1
55081;1219;520;13;16;17;1
55083;1235;520;14;16;17;1
55085;1252;520;13;16;17;1
55092;1268;520;15;16;17;1
55093;1286;520;15;16;17;1
55096;1304;520;15;16;17;1
55100;1322;520;15;16;17;1
55108;1340;520;15;16;17;1
55111;1358;520;15;16;17;1
55113;1376;520;15;16;17;1
55120;1394;520;15;16;17;1
55121;1412;520;15;16;17;1
55124;1430;520;15;16;17;1
55126;1448;520;15;16;17;1
55127;1466;520;15;16;17;1
55128;1484;520;15;16;17;1
55129;1502;520;15;16;17;1
55136;1520;520;15;16;17;1
55137;1538;520;15;16;17;1
55139;1556;520;15;16;17;1
55141;1574;520;15;16;17;1
55145;1592;520;15;16;17;1
55148;1610;520;13;16;17;1
55152;1626;520;13;16;17;1
55156;1642;520;13;16;17;1
55164;1658;520;13;16;17;1
55165;1674;520;13;16;17;1
55169;1690;520;13;16;17;1
55176;1706;520;13;16;17;1
55177;1722;520;13;16;17;1
55180;1738;520;13;16;17;1
55184;1754;520;13;16;17;1
55192;1770;520;13;16;17;1
55193;1786;520;13;16;17;1
55195;1802;520;14;16;17;1
55197;1819;520;13;16;17;1
