"8bitoperator JVE";24;False;False;1;0;1;1
32;0;0;6;32;6;0
33;9;0;8;26;12;2
34;20;0;10;16;12;0
35;33;0;14;26;16;0
36;50;0;12;30;14;0
37;65;0;14;26;16;0
38;82;0;14;26;16;0
39;99;0;4;16;6;0
40;106;0;8;26;10;0
41;117;0;8;26;10;0
42;128;0;16;22;18;0
43;147;0;12;22;14;0
44;162;0;4;30;6;0
45;169;0;12;18;14;0
46;184;0;4;26;6;0
47;191;0;12;28;14;0
48;206;0;12;26;14;0
49;221;0;12;26;14;0
50;236;0;12;26;14;0
51;251;0;12;26;14;0
52;266;0;12;26;14;0
53;281;0;12;26;14;0
54;296;0;12;26;14;0
55;311;0;12;26;14;0
56;326;0;12;26;14;0
57;341;0;12;26;14;0
58;356;0;4;26;6;0
59;363;0;4;30;6;0
60;370;0;10;26;12;0
61;383;0;12;20;14;0
62;398;0;10;26;12;0
63;411;0;12;26;14;0
64;426;0;12;26;14;0
65;441;0;12;26;14;0
66;456;0;12;26;14;0
67;471;0;12;26;14;0
68;486;0;12;26;14;0
69;501;0;12;26;14;0
70;516;0;12;26;14;0
71;531;0;12;26;14;0
72;546;0;12;26;14;0
73;561;0;12;26;14;0
74;576;0;12;26;14;0
75;591;0;12;26;14;0
76;606;0;12;26;14;0
77;621;0;14;26;16;0
78;638;0;12;26;14;0
79;653;0;12;26;14;0
80;668;0;12;26;14;0
81;683;0;12;30;14;0
82;698;0;12;26;14;0
83;713;0;12;26;14;0
84;728;0;12;26;14;0
85;743;0;12;26;14;0
86;758;0;12;26;14;0
87;773;0;14;26;16;0
88;790;0;12;26;14;0
89;805;0;12;26;14;0
90;820;0;12;26;14;0
91;835;0;8;26;10;0
92;846;0;12;28;14;0
93;861;0;8;26;10;0
94;872;0;12;14;14;0
95;887;0;8;32;10;0
96;898;0;6;10;8;0
97;907;0;12;26;14;0
98;922;0;12;26;14;0
99;937;0;12;26;14;0
100;952;0;12;26;14;0
101;967;0;12;26;14;0
102;982;0;12;26;14;0
103;997;0;12;32;14;0
104;1012;0;12;26;14;0
105;1027;0;12;26;14;0
106;1042;0;12;32;14;0
107;1057;0;12;26;14;0
108;1072;0;12;26;14;0
109;1087;0;14;26;16;0
110;1104;0;12;26;14;0
111;1119;0;12;26;14;0
112;1134;0;12;32;14;0
113;1149;0;12;32;14;0
114;1164;0;12;26;14;0
115;1179;0;12;26;14;0
116;1194;0;12;26;14;0
117;1209;0;12;26;14;0
118;1224;0;12;26;14;0
119;1239;0;14;26;16;0
120;1256;0;12;26;14;0
121;1271;0;12;32;14;0
122;1286;0;12;26;14;0
123;1301;0;10;26;12;0
124;1314;0;4;26;6;0
125;1321;0;10;26;12;0
126;1334;0;14;18;16;0
127;1351;0;14;18;16;0
12593;1368;0;15;15;32;1
12594;1386;0;21;15;32;1
12595;1410;0;25;15;32;1
12596;1438;0;15;15;32;1
12597;1456;0;23;15;32;1
12598;1482;0;23;17;32;1
12599;1508;0;17;15;32;1
12600;1528;0;21;15;32;1
12601;1552;0;17;15;32;1
12602;1572;0;23;15;32;1
12603;1598;0;23;15;32;1
12604;1624;0;23;15;32;1
12605;1650;0;25;15;32;1
12606;1678;0;23;15;32;1
12607;1704;0;25;15;32;1
12608;1732;0;25;17;32;1
12609;1760;0;17;15;32;1
12610;1780;0;17;15;32;1
12611;1800;0;21;15;32;1
12612;1824;0;23;15;32;1
12613;1850;0;17;15;32;1
12614;1870;0;23;15;32;1
12615;1896;0;17;15;32;1
12616;1916;0;17;15;32;1
12617;1936;0;21;15;32;1
12618;1960;0;17;17;32;1
12619;1980;0;15;15;32;1
12620;1998;0;17;15;32;1
12621;0;36;19;15;32;1
12622;22;36;17;17;32;1
12623;42;36;11;29;32;7
12624;56;36;11;29;32;6
12625;70;36;11;29;32;9
12626;84;36;11;29;32;6
12627;98;36;11;29;32;5
12628;112;36;17;29;32;5
12629;132;36;11;29;32;5
12630;146;36;17;29;32;5
12631;166;36;29;9;32;1
12632;198;36;29;29;32;1
12633;230;36;25;29;32;1
12634;258;36;23;29;32;1
12635;284;36;29;9;32;1
12636;316;36;29;13;32;1
12637;348;36;25;29;32;1
12638;376;36;27;29;32;1
12639;406;36;25;29;32;1
12640;434;36;29;17;32;1
12641;466;36;29;3;32;1
12642;498;36;23;29;32;1
12643;524;36;5;29;32;1
44032;532;36;27;27;30;1
44033;562;36;27;27;30;1
44036;592;36;27;27;30;1
44039;622;36;27;27;30;1
44040;652;36;27;27;30;1
44041;682;36;27;27;30;1
44042;712;36;27;27;30;1
44048;742;36;27;27;30;1
44049;772;36;27;27;30;1
44050;802;36;27;27;30;1
44051;832;36;27;27;30;1
44052;862;36;27;27;30;1
44053;892;36;27;27;30;1
44054;922;36;27;27;30;1
44055;952;36;27;27;30;1
44057;982;36;27;27;30;1
44058;1012;36;27;27;30;1
44059;1042;36;27;27;30;1
44060;1072;36;25;27;30;1
44061;1100;36;25;27;30;1
44064;1128;36;25;27;30;1
44068;1156;36;25;27;30;1
44076;1184;36;25;27;30;1
44077;1212;36;25;27;30;1
44079;1240;36;25;27;30;1
44080;1268;36;27;27;30;1
44081;1298;36;25;27;30;1
44088;1326;36;27;27;30;1
44089;1356;36;27;27;30;1
44092;1386;36;27;27;30;1
44096;1416;36;27;27;30;1
44107;1446;36;27;27;30;1
44109;1476;36;27;27;30;1
44116;1506;36;25;27;30;1
44120;1534;36;25;27;30;1
44124;1562;36;25;27;30;1
44144;1590;36;23;27;30;1
44145;1616;36;23;27;30;1
44148;1642;36;23;27;30;1
44151;1668;36;23;27;30;1
44152;1694;36;23;27;30;1
44154;1720;36;23;27;30;1
44160;1746;36;23;27;30;1
44161;1772;36;23;27;30;1
44163;1798;36;23;27;30;1
44164;1824;36;25;27;30;1
44165;1852;36;23;27;30;1
44166;1878;36;23;27;30;1
44169;1904;36;23;27;30;1
44170;1930;36;25;27;30;1
44171;1958;36;25;27;30;1
44172;1986;36;25;27;30;1
44176;0;82;25;27;30;1
44180;28;82;25;27;30;1
44188;56;82;25;27;30;1
44189;84;82;25;27;30;1
44191;112;82;25;27;30;1
44192;140;82;27;27;30;1
44193;170;82;25;27;30;1
44200;198;82;23;27;30;1
44201;224;82;23;27;30;1
44202;250;82;23;27;30;1
44204;276;82;23;27;30;1
44207;302;82;23;27;30;1
44208;328;82;23;27;30;1
44216;354;82;23;27;30;1
44217;380;82;23;27;30;1
44219;406;82;23;27;30;1
44220;432;82;25;27;30;1
44221;460;82;23;27;30;1
44225;486;82;23;27;30;1
44228;512;82;25;27;30;1
44232;540;82;25;27;30;1
44236;568;82;25;27;30;1
44245;596;82;25;27;30;1
44247;624;82;25;27;30;1
44256;652;82;25;25;30;1
44257;680;82;25;27;30;1
44260;708;82;25;27;30;1
44263;736;82;25;27;30;1
44264;764;82;25;27;30;1
44266;792;82;25;27;30;1
44268;820;82;25;27;30;1
44271;848;82;25;27;30;1
44272;876;82;25;27;30;1
44273;904;82;25;27;30;1
44275;932;82;25;27;30;1
44277;960;82;25;27;30;1
44278;988;82;25;27;30;1
44284;1016;82;29;27;30;0
44285;1048;82;29;27;30;0
44288;1080;82;29;27;30;0
44292;1112;82;29;27;30;0
44294;1144;82;29;27;30;0
44300;1176;82;29;27;30;0
44301;1208;82;29;27;30;0
44303;1240;82;29;27;30;0
44305;1272;82;29;27;30;0
44312;1304;82;27;27;30;0
44316;1334;82;27;27;30;0
44320;1364;82;27;27;30;0
44329;1394;82;27;27;30;0
44332;1424;82;29;27;30;0
44333;1456;82;27;27;30;0
44340;1486;82;25;27;30;1
44341;1514;82;25;27;30;1
44344;1542;82;25;27;30;1
44348;1570;82;25;27;30;1
44356;1598;82;25;27;30;1
44357;1626;82;25;27;30;1
44359;1654;82;25;27;30;1
44361;1682;82;25;27;30;1
44368;1710;82;25;25;30;1
44372;1738;82;25;27;30;1
44376;1766;82;25;27;30;1
44385;1794;82;25;27;30;1
44387;1822;82;25;27;30;1
44396;1850;82;25;27;30;1
44397;1878;82;25;27;30;1
44400;1906;82;25;27;30;1
44403;1934;82;25;27;30;1
44404;1962;82;25;27;30;1
44405;1990;82;25;27;30;1
44406;0;127;25;27;30;1
44411;28;127;25;27;30;1
44412;56;127;25;27;30;1
44413;84;127;25;27;30;1
44415;112;127;25;27;30;1
44417;140;127;25;27;30;1
44418;168;127;25;27;30;1
44424;196;127;25;27;30;1
44425;224;127;25;27;30;1
44428;252;127;25;27;30;1
44432;280;127;25;27;30;1
44444;308;127;27;27;30;1
44445;338;127;25;27;30;1
44452;366;127;25;27;30;1
44471;394;127;25;27;30;1
44480;422;127;25;27;30;1
44481;450;127;25;27;30;1
44484;478;127;25;27;30;1
44488;506;127;25;27;30;1
44496;534;127;25;27;30;1
44497;562;127;25;27;30;1
44499;590;127;25;27;30;1
44508;618;127;25;27;30;1
44512;646;127;25;27;30;1
44516;674;127;25;27;30;1
44536;702;127;25;25;30;1
44537;730;127;25;27;30;1
44540;758;127;25;27;30;1
44543;786;127;25;27;30;1
44544;814;127;25;27;30;1
44545;842;127;25;27;30;1
44552;870;127;25;27;30;1
44553;898;127;25;27;30;1
44555;926;127;25;27;30;1
44557;954;127;25;27;30;1
44564;982;127;25;27;30;1
44592;1010;127;23;27;30;1
44593;1036;127;23;27;30;1
44596;1062;127;23;27;30;1
44599;1088;127;23;27;30;1
44600;1114;127;23;27;30;1
44602;1140;127;23;27;30;1
44608;1166;127;23;27;30;1
44609;1192;127;23;27;30;1
44611;1218;127;23;27;30;1
44613;1244;127;23;27;30;1
44614;1270;127;23;27;30;1
44618;1296;127;25;27;30;1
44620;1324;127;27;27;30;1
44621;1354;127;27;27;30;1
44622;1384;127;27;27;30;1
44624;1414;127;27;27;30;1
44628;1444;127;27;27;30;1
44630;1474;127;27;27;30;1
44636;1504;127;27;27;30;1
44637;1534;127;27;27;30;1
44639;1564;127;27;27;30;1
44640;1594;127;27;27;30;1
44641;1624;127;27;27;30;1
44645;1654;127;27;27;30;1
44648;1684;127;25;27;30;1
44649;1712;127;25;27;30;1
44652;1740;127;25;27;30;1
44656;1768;127;25;27;30;1
44664;1796;127;25;27;30;1
44665;1824;127;25;27;30;1
44667;1852;127;25;27;30;1
44668;1880;127;27;27;30;1
44669;1910;127;25;27;30;1
44676;1938;127;27;27;30;1
44677;1968;127;27;27;30;1
44684;1998;127;27;27;30;1
44732;0;172;23;27;30;1
44733;26;172;23;27;30;1
44734;52;172;23;27;30;1
44736;78;172;23;27;30;1
44740;104;172;23;27;30;1
44748;130;172;23;27;30;1
44749;156;172;23;27;30;1
44751;182;172;25;27;30;1
44752;210;172;25;27;30;1
44753;238;172;23;27;30;1
44760;264;172;25;27;30;1
44761;292;172;25;27;30;1
44764;320;172;25;27;30;1
44776;348;172;25;27;30;1
44779;376;172;25;27;30;1
44781;404;172;25;27;30;1
44788;432;172;23;27;30;1
44792;458;172;23;27;30;1
44796;484;172;23;27;30;1
44807;510;172;25;27;30;1
44808;538;172;25;27;30;1
44813;566;172;23;27;30;1
44816;592;172;25;27;30;1
44844;620;172;25;25;30;1
44845;648;172;25;27;30;1
44848;676;172;25;27;30;1
44850;704;172;25;27;30;1
44852;732;172;25;27;30;1
44860;760;172;25;27;30;1
44861;788;172;25;27;30;1
44863;816;172;25;27;30;1
44865;844;172;25;27;30;1
44866;872;172;25;27;30;1
44867;900;172;25;27;30;1
44872;928;172;29;27;30;0
44873;960;172;29;27;30;0
44880;992;172;29;27;30;0
44892;1024;172;29;27;30;0
44893;1056;172;29;27;30;0
44900;1088;172;27;27;30;0
44901;1118;172;27;27;30;0
44921;1148;172;27;27;30;0
44928;1178;172;25;27;30;0
44932;1206;172;25;27;30;1
44936;1234;172;25;27;30;1
44944;1262;172;25;27;30;1
44945;1290;172;25;27;30;1
44949;1318;172;25;27;30;1
44956;1346;172;25;25;30;1
44984;1374;172;25;27;30;1
44985;1402;172;25;27;30;1
44988;1430;172;25;27;30;1
44992;1458;172;25;27;30;1
44999;1486;172;25;27;30;1
45000;1514;172;25;27;30;1
45001;1542;172;25;27;30;1
45003;1570;172;25;27;30;1
45005;1598;172;25;27;30;1
45006;1626;172;25;27;30;1
45012;1654;172;25;27;30;1
45020;1682;172;25;27;30;1
45032;1710;172;27;27;30;1
45033;1740;172;25;27;30;1
45040;1768;172;25;27;30;1
45041;1796;172;25;27;30;1
45044;1824;172;25;27;30;1
45048;1852;172;25;27;30;1
45056;1880;172;25;27;30;1
45057;1908;172;25;27;30;1
45060;1936;172;27;27;30;1
45068;1966;172;25;27;30;1
45072;1994;172;25;27;30;1
45076;0;217;25;27;30;1
45084;28;217;25;27;30;1
45085;56;217;25;27;30;1
45096;84;217;25;27;30;1
45124;112;217;25;25;30;1
45125;140;217;25;27;30;1
45128;168;217;25;27;30;1
45130;196;217;25;27;30;1
45132;224;217;25;27;30;1
45134;252;217;25;27;30;1
45139;280;217;25;27;30;1
45140;308;217;25;27;30;1
45141;336;217;25;27;30;1
45143;364;217;25;27;30;1
45145;392;217;25;27;30;1
45149;420;217;25;27;30;1
45180;448;217;23;27;30;1
45181;474;217;23;27;30;1
45184;500;217;23;27;30;1
45188;526;217;23;27;30;1
45196;552;217;23;27;30;1
45197;578;217;23;27;30;1
45199;604;217;23;27;30;1
45201;630;217;23;27;30;1
45208;656;217;27;27;30;1
45209;686;217;27;27;30;1
45210;716;217;27;27;30;1
45212;746;217;27;27;30;1
45215;776;217;27;27;30;1
45216;806;217;27;27;30;1
45217;836;217;27;27;30;1
45218;866;217;27;27;30;1
45224;896;217;27;27;30;1
45225;926;217;27;27;30;1
45227;956;217;27;27;30;1
45228;986;217;27;27;30;1
45229;1016;217;27;27;30;1
45230;1046;217;27;27;30;1
45231;1076;217;27;27;30;1
45233;1106;217;27;27;30;1
45235;1136;217;27;27;30;1
45236;1166;217;23;27;30;1
45237;1192;217;23;27;30;1
45240;1218;217;23;27;30;1
45244;1244;217;23;27;30;1
45252;1270;217;23;27;30;1
45253;1296;217;23;27;30;1
45255;1322;217;23;27;30;1
45256;1348;217;25;27;30;1
45257;1376;217;23;27;30;1
45264;1402;217;27;27;30;1
45265;1432;217;27;27;30;1
45268;1462;217;27;27;30;1
45272;1492;217;27;27;30;1
45280;1522;217;27;27;30;1
45285;1552;217;27;27;30;1
45320;1582;217;23;27;30;1
45321;1608;217;23;27;30;1
45323;1634;217;25;27;30;1
45324;1662;217;23;27;30;1
45328;1688;217;23;27;30;1
45330;1714;217;23;27;30;1
45331;1740;217;23;27;30;1
45336;1766;217;23;27;30;1
45337;1792;217;23;27;30;1
45339;1818;217;23;27;30;1
45340;1844;217;25;27;30;1
45341;1872;217;23;27;30;1
45347;1898;217;25;27;30;1
45348;1926;217;23;27;30;1
45349;1952;217;23;27;30;1
45352;1978;217;23;27;30;1
45356;0;262;23;27;30;1
45364;26;262;23;27;30;1
45365;52;262;23;27;30;1
45367;78;262;23;27;30;1
45368;104;262;25;27;30;1
45369;132;262;23;27;30;1
45376;158;262;23;27;30;1
45377;184;262;23;27;30;1
45380;210;262;23;27;30;1
45384;236;262;23;27;30;1
45392;262;262;23;27;30;1
45393;288;262;23;27;30;1
45396;314;262;25;27;30;1
45397;342;262;23;27;30;1
45400;368;262;23;27;30;1
45404;394;262;23;27;30;1
45408;420;262;23;27;30;1
45432;446;262;25;25;30;1
45433;474;262;25;27;30;1
45436;502;262;25;27;30;1
45440;530;262;25;27;30;1
45442;558;262;25;27;30;1
45448;586;262;25;27;30;1
45449;614;262;25;27;30;1
45451;642;262;25;27;30;1
45453;670;262;25;27;30;1
45458;698;262;25;27;30;1
45459;726;262;25;27;30;1
45460;754;262;29;27;30;0
45464;786;262;29;27;30;0
45468;818;262;29;27;30;0
45480;850;262;29;27;30;0
45516;882;262;25;27;30;1
45520;910;262;25;27;30;1
45524;938;262;25;27;30;1
45532;966;262;25;27;30;1
45533;994;262;25;27;30;1
45535;1022;262;25;27;30;1
45544;1050;262;25;25;30;1
45545;1078;262;25;27;30;1
45548;1106;262;25;27;30;1
45552;1134;262;25;27;30;1
45561;1162;262;25;27;30;1
45563;1190;262;25;27;30;1
45565;1218;262;25;27;30;1
45572;1246;262;25;27;30;1
45573;1274;262;25;27;30;1
45576;1302;262;25;27;30;1
45579;1330;262;25;27;30;1
45580;1358;262;25;27;30;1
45588;1386;262;25;27;30;1
45589;1414;262;25;27;30;1
45591;1442;262;25;27;30;1
45593;1470;262;25;27;30;1
45600;1498;262;25;27;30;1
45620;1526;262;27;27;30;1
45628;1556;262;25;27;30;1
45656;1584;262;25;27;30;1
45660;1612;262;25;27;30;1
45664;1640;262;25;27;30;1
45672;1668;262;25;27;30;1
45673;1696;262;25;27;30;1
45684;1724;262;25;27;30;1
45685;1752;262;25;27;30;1
45692;1780;262;25;27;30;1
45700;1808;262;25;27;30;1
45701;1836;262;25;27;30;1
45705;1864;262;25;27;30;1
45712;1892;262;25;25;30;1
45713;1920;262;25;27;30;1
45716;1948;262;25;27;30;1
45720;1976;262;25;27;30;1
45721;0;307;25;27;30;1
45722;28;307;25;27;30;1
45728;56;307;25;27;30;1
45729;84;307;25;27;30;1
45731;112;307;25;27;30;1
45733;140;307;25;27;30;1
45734;168;307;25;27;30;1
45738;196;307;25;27;30;1
45740;224;307;25;27;30;1
45744;252;307;25;27;30;1
45748;280;307;25;27;30;1
45768;308;307;23;27;30;1
45769;334;307;23;27;30;1
45772;360;307;23;27;30;1
45776;386;307;23;27;30;1
45778;412;307;23;27;30;1
45784;438;307;23;27;30;1
45785;464;307;23;27;30;1
45787;490;307;23;27;30;1
45789;516;307;23;27;30;1
45794;542;307;23;27;30;1
45796;568;307;27;27;30;1
45797;598;307;27;27;30;1
45798;628;307;27;27;30;1
45800;658;307;27;27;30;1
45803;688;307;27;27;30;1
45804;718;307;27;27;30;1
45805;748;307;27;27;30;1
45806;778;307;27;27;30;1
45807;808;307;27;27;30;1
45811;838;307;27;27;30;1
45812;868;307;27;27;30;1
45813;898;307;27;27;30;1
45815;928;307;27;27;30;1
45816;958;307;27;27;30;1
45817;988;307;27;27;30;1
45818;1018;307;27;27;30;1
45819;1048;307;27;27;30;1
45823;1078;307;27;27;30;1
45824;1108;307;25;27;30;1
45825;1136;307;25;27;30;1
45828;1164;307;25;27;30;1
45832;1192;307;25;27;30;1
45840;1220;307;25;27;30;1
45841;1248;307;25;27;30;1
45843;1276;307;25;27;30;1
45844;1304;307;27;27;30;1
45845;1334;307;25;27;30;1
45852;1362;307;27;27;30;1
45908;1392;307;23;27;30;1
45909;1418;307;23;27;30;1
45910;1444;307;23;27;30;1
45912;1470;307;23;27;30;1
45915;1496;307;23;27;30;1
45916;1522;307;23;27;30;1
45918;1548;307;23;27;30;1
45919;1574;307;23;27;30;1
45924;1600;307;23;27;30;1
45925;1626;307;23;27;30;1
45927;1652;307;23;27;30;1
45929;1678;307;23;27;30;1
45931;1704;307;23;27;30;1
45934;1730;307;23;27;30;1
45936;1756;307;25;27;30;1
45937;1784;307;25;27;30;1
45940;1812;307;25;27;30;1
45944;1840;307;25;27;30;1
45952;1868;307;25;27;30;1
45953;1896;307;25;27;30;1
45955;1924;307;25;27;30;1
45956;1952;307;27;27;30;1
45957;1982;307;25;27;30;1
45964;0;352;23;27;30;1
45968;26;352;23;27;30;1
45972;52;352;23;27;30;1
45984;78;352;25;27;30;1
45985;106;352;23;27;30;1
45992;132;352;25;27;30;1
45996;160;352;25;27;30;1
46020;188;352;25;25;30;1
46021;216;352;25;27;30;1
46024;244;352;25;27;30;1
46027;272;352;25;27;30;1
46028;300;352;25;27;30;1
46030;328;352;25;27;30;1
46032;356;352;25;27;30;1
46036;384;352;25;27;30;1
46037;412;352;25;27;30;1
46039;440;352;25;27;30;1
46041;468;352;25;27;30;1
46043;496;352;25;27;30;1
46045;524;352;25;27;30;1
46048;552;352;29;27;30;0
46052;584;352;29;27;30;0
46056;616;352;29;27;30;0
46076;648;352;25;27;30;1
46096;676;352;27;27;30;1
46104;706;352;25;27;30;1
46108;734;352;25;27;30;1
46112;762;352;25;27;30;1
46120;790;352;25;27;30;1
46121;818;352;25;27;30;1
46123;846;352;25;27;30;1
46132;874;352;25;25;30;1
46160;902;352;25;27;30;1
46161;930;352;25;27;30;1
46164;958;352;25;27;30;1
46168;986;352;25;27;30;1
46176;1014;352;25;27;30;1
46177;1042;352;25;27;30;1
46179;1070;352;25;27;30;1
46181;1098;352;25;27;30;1
46188;1126;352;25;27;30;1
46208;1154;352;27;27;30;1
46216;1184;352;25;27;30;1
46237;1212;352;25;27;30;1
46244;1240;352;25;27;30;1
46248;1268;352;25;27;30;1
46252;1296;352;25;27;30;1
46261;1324;352;25;27;30;1
46263;1352;352;25;27;30;1
46265;1380;352;25;27;30;1
46272;1408;352;25;27;30;1
46276;1436;352;25;27;30;1
46280;1464;352;25;27;30;1
46288;1492;352;25;27;30;1
46293;1520;352;25;27;30;1
46300;1548;352;25;25;30;1
46301;1576;352;25;27;30;1
46304;1604;352;25;27;30;1
46307;1632;352;25;27;30;1
46308;1660;352;25;27;30;1
46310;1688;352;25;27;30;1
46316;1716;352;25;27;30;1
46317;1744;352;25;27;30;1
46319;1772;352;25;27;30;1
46321;1800;352;25;27;30;1
46328;1828;352;25;27;30;1
46356;1856;352;23;27;30;1
46357;1882;352;23;27;30;1
46360;1908;352;23;27;30;1
46363;1934;352;23;27;30;1
46364;1960;352;23;27;30;1
46372;1986;352;23;27;30;1
46373;0;397;23;27;30;1
46375;26;397;23;27;30;1
46376;52;397;25;27;30;1
46377;80;397;23;27;30;1
46378;106;397;23;27;30;1
46384;132;397;27;27;30;1
46385;162;397;27;27;30;1
46388;192;397;27;27;30;1
46392;222;397;27;27;30;1
46400;252;397;27;27;30;1
46401;282;397;27;27;30;1
46403;312;397;27;27;30;1
46404;342;397;27;27;30;1
46405;372;397;27;27;30;1
46411;402;397;27;27;30;1
46412;432;397;25;27;30;1
46413;460;397;25;27;30;1
46416;488;397;25;27;30;1
46420;516;397;25;27;30;1
46428;544;397;25;27;30;1
46429;572;397;25;27;30;1
46431;600;397;25;27;30;1
46432;628;397;25;27;30;1
46433;656;397;25;27;30;1
46496;684;397;23;27;30;1
46497;710;397;23;27;30;1
46500;736;397;23;27;30;1
46504;762;397;23;27;30;1
46506;788;397;23;27;30;1
46507;814;397;23;27;30;1
46512;840;397;23;27;30;1
46513;866;397;23;27;30;1
46515;892;397;23;27;30;1
46516;918;397;25;27;30;1
46517;946;397;23;27;30;1
46523;972;397;25;27;30;1
46524;1000;397;25;27;30;1
46525;1028;397;25;27;30;1
46528;1056;397;25;27;30;1
46532;1084;397;25;27;30;1
46540;1112;397;25;27;30;1
46541;1140;397;25;27;30;1
46543;1168;397;25;27;30;1
46544;1196;397;25;27;30;1
46545;1224;397;25;27;30;1
46552;1252;397;23;27;30;1
46572;1278;397;25;27;30;1
46608;1306;397;25;25;30;1
46609;1334;397;25;27;30;1
46612;1362;397;25;27;30;1
46616;1390;397;25;27;30;1
46629;1418;397;25;27;30;1
46636;1446;397;29;27;30;0
46644;1478;397;29;27;30;0
46664;1510;397;27;27;30;0
46692;1540;397;25;27;30;0
46696;1568;397;25;27;30;0
46748;1596;397;25;27;30;1
46749;1624;397;25;27;30;1
46752;1652;397;25;27;30;1
46756;1680;397;25;27;30;1
46763;1708;397;25;27;30;1
46764;1736;397;25;27;30;1
46769;1764;397;25;27;30;1
46804;1792;397;27;27;30;0
46832;1822;397;25;27;30;0
46836;1850;397;25;27;30;0
46840;1878;397;25;27;30;0
46848;1906;397;25;27;30;0
46849;1934;397;25;27;30;0
46853;1962;397;25;27;30;0
46888;1990;397;25;25;30;1
46889;0;440;25;27;30;1
46892;28;440;25;27;30;1
46895;56;440;25;27;30;1
46896;84;440;25;27;30;1
46904;112;440;25;27;30;1
46905;140;440;25;27;30;1
46907;168;440;25;27;30;1
46916;196;440;25;27;30;0
46920;224;440;25;27;30;0
46924;252;440;25;27;30;0
46932;280;440;25;27;30;0
46933;308;440;25;27;30;0
46944;336;440;23;27;30;1
46948;362;440;23;27;30;1
46952;388;440;23;27;30;1
46960;414;440;23;27;30;1
46961;440;440;23;27;30;1
46963;466;440;23;27;30;1
46965;492;440;23;27;30;1
46972;518;440;27;27;30;1
46973;548;440;27;27;30;1
46976;578;440;27;27;30;1
46980;608;440;27;27;30;1
46988;638;440;27;27;30;1
46989;668;440;27;27;30;1
46991;698;440;27;27;30;1
46992;728;440;27;27;30;1
46993;758;440;27;27;30;1
46994;788;440;27;27;30;1
46998;818;440;27;27;30;1
46999;848;440;27;27;30;1
47000;878;440;25;27;30;1
47001;906;440;25;27;30;1
47004;934;440;25;27;30;1
47008;962;440;25;27;30;1
47016;990;440;25;27;30;1
47017;1018;440;25;27;30;1
47019;1046;440;25;27;30;1
47020;1074;440;27;27;30;1
47021;1104;440;25;27;30;1
47028;1132;440;27;27;30;1
47029;1162;440;27;27;30;1
47032;1192;440;27;27;30;1
47047;1222;440;27;27;30;1
47049;1252;440;27;27;30;1
47084;1282;440;23;27;30;1
47085;1308;440;23;27;30;1
47088;1334;440;23;27;30;1
47092;1360;440;23;27;30;1
47100;1386;440;23;27;30;1
47101;1412;440;23;27;30;1
47103;1438;440;23;27;30;1
47104;1464;440;25;27;30;1
47105;1492;440;23;27;30;1
47111;1518;440;23;27;30;1
47112;1544;440;25;27;30;1
47113;1572;440;25;27;30;1
47116;1600;440;25;27;30;1
47120;1628;440;25;27;30;1
47128;1656;440;25;27;30;1
47129;1684;440;25;27;30;1
47131;1712;440;25;27;30;1
47133;1740;440;25;27;30;1
47140;1768;440;23;27;30;1
47141;1794;440;23;27;30;1
47144;1820;440;23;27;30;1
47148;1846;440;23;27;30;1
47156;1872;440;23;27;30;1
47157;1898;440;23;27;30;1
47159;1924;440;23;27;30;1
47160;1950;440;25;27;30;1
47161;1978;440;23;27;30;1
47168;0;485;25;27;30;1
47172;28;485;25;27;30;1
47185;56;485;25;27;30;1
47187;84;485;25;27;30;1
47196;112;485;25;25;30;1
47197;140;485;25;27;30;1
47200;168;485;25;27;30;1
47204;196;485;25;27;30;1
47212;224;485;25;27;30;1
47213;252;485;25;27;30;1
47215;280;485;25;27;30;1
47217;308;485;25;27;30;1
47224;336;485;29;27;30;0
47228;368;485;29;27;30;0
47245;400;485;29;27;30;0
47272;432;485;29;27;30;0
47280;464;485;25;27;30;1
47284;492;485;25;27;30;1
47288;520;485;25;27;30;1
47296;548;485;25;27;30;1
47297;576;485;25;27;30;1
47299;604;485;25;27;30;1
47301;632;485;25;27;30;1
47308;660;485;25;25;30;1
47312;688;485;25;27;30;1
47316;716;485;25;27;30;1
47325;744;485;25;27;30;1
47327;772;485;25;27;30;1
47329;800;485;25;27;30;1
47336;828;485;25;27;30;1
47337;856;485;25;27;30;1
47340;884;485;25;27;30;1
47344;912;485;25;27;30;1
47352;940;485;25;27;30;1
47353;968;485;25;27;30;1
47355;996;485;25;27;30;1
47357;1024;485;25;27;30;1
47364;1052;485;25;27;30;1
47384;1080;485;27;27;30;1
47392;1110;485;25;27;30;1
47420;1138;485;25;27;30;1
47421;1166;485;25;27;30;1
47424;1194;485;25;27;30;1
47428;1222;485;25;27;30;1
47436;1250;485;25;27;30;1
47439;1278;485;25;27;30;1
47441;1306;485;25;27;30;1
47448;1334;485;25;27;30;1
47449;1362;485;25;27;30;1
47452;1390;485;25;27;30;1
47456;1418;485;25;27;30;1
47464;1446;485;25;27;30;1
47465;1474;485;25;27;30;1
47467;1502;485;25;27;30;1
47469;1530;485;25;27;30;1
47476;1558;485;25;25;30;1
47477;1586;485;25;27;30;1
47480;1614;485;25;27;30;1
47484;1642;485;25;27;30;1
47492;1670;485;25;27;30;1
47493;1698;485;25;27;30;1
47495;1726;485;25;27;30;1
47497;1754;485;25;27;30;1
47498;1782;485;25;27;30;1
47501;1810;485;25;27;30;1
47502;1838;485;25;27;30;1
47532;1866;485;23;27;30;1
47533;1892;485;23;27;30;1
47536;1918;485;23;27;30;1
47540;1944;485;23;27;30;1
47548;1970;485;23;27;30;1
47549;1996;485;23;27;30;1
47551;0;530;23;27;30;1
47553;26;530;23;27;30;1
47560;52;530;27;27;30;1
47561;82;530;27;27;30;1
47564;112;530;27;27;30;1
47566;142;530;27;27;30;1
47567;172;530;27;27;30;1
47568;202;530;27;27;30;1
47569;232;530;27;27;30;1
47570;262;530;27;27;30;1
47576;292;530;27;27;30;1
47577;322;530;27;27;30;1
47579;352;530;27;27;30;1
47581;382;530;27;27;30;1
47582;412;530;27;27;30;1
47585;442;530;27;27;30;1
47587;472;530;27;27;30;1
47588;502;530;25;27;30;1
47589;530;530;25;27;30;1
47592;558;530;25;27;30;1
47596;586;530;25;27;30;1
47604;614;530;25;27;30;1
47605;642;530;25;27;30;1
47607;670;530;25;27;30;1
47608;698;530;27;27;30;1
47609;728;530;25;27;30;1
47610;756;530;25;27;30;1
47616;784;530;27;27;30;1
47617;814;530;27;27;30;1
47624;844;530;27;27;30;1
47637;874;530;27;27;30;1
47672;904;530;23;27;30;1
47673;930;530;23;27;30;1
47676;956;530;23;27;30;1
47680;982;530;23;27;30;1
47682;1008;530;23;27;30;1
47688;1034;530;23;27;30;1
47689;1060;530;23;27;30;1
47691;1086;530;23;27;30;1
47693;1112;530;23;27;30;1
47694;1138;530;23;27;30;1
47699;1164;530;25;27;30;1
47700;1192;530;25;27;30;1
47701;1220;530;25;27;30;1
47704;1248;530;25;27;30;1
47708;1276;530;25;27;30;1
47716;1304;530;25;27;30;1
47717;1332;530;25;27;30;1
47719;1360;530;25;27;30;1
47720;1388;530;27;27;30;1
47721;1418;530;25;27;30;1
47728;1446;530;23;27;30;1
47729;1472;530;23;27;30;1
47732;1498;530;23;27;30;1
47736;1524;530;23;27;30;1
47747;1550;530;23;27;30;1
47748;1576;530;25;27;30;1
47749;1604;530;23;27;30;1
47751;1630;530;23;27;30;1
47756;1656;530;25;27;30;1
47784;1684;530;25;25;30;1
47785;1712;530;25;27;30;1
47787;1740;530;25;27;30;1
47788;1768;530;25;27;30;1
47792;1796;530;25;27;30;1
47794;1824;530;25;27;30;0
47800;1852;530;25;27;30;1
47801;1880;530;25;27;30;1
47803;1908;530;25;27;30;1
47805;1936;530;25;27;30;1
47812;1964;530;29;27;30;0
47816;1996;530;29;27;30;0
47832;0;575;29;27;30;0
47833;32;575;29;27;30;0
47868;64;575;25;27;30;1
47872;92;575;25;27;30;1
47876;120;575;25;27;30;1
47885;148;575;25;27;30;1
47887;176;575;25;27;30;1
47889;204;575;25;27;30;1
47896;232;575;25;25;30;1
47900;260;575;25;27;30;1
47904;288;575;25;27;30;1
47913;316;575;25;27;30;1
47915;344;575;25;27;30;1
47924;372;575;25;27;30;1
47925;400;575;25;27;30;1
47926;428;575;25;27;30;1
47928;456;575;25;27;30;1
47931;484;575;25;27;30;1
47932;512;575;25;27;30;1
47933;540;575;25;27;30;1
47934;568;575;25;27;30;1
47940;596;575;25;27;30;1
47941;624;575;25;27;30;1
47943;652;575;25;27;30;1
47945;680;575;25;27;30;1
47949;708;575;25;27;30;1
47951;736;575;25;27;30;1
47952;764;575;25;27;30;1
47956;792;575;25;27;30;1
47960;820;575;25;27;30;1
47969;848;575;25;27;30;1
47971;876;575;25;27;30;1
47980;904;575;25;27;30;1
48008;932;575;25;27;30;1
48012;960;575;25;27;30;1
48016;988;575;25;27;30;1
48036;1016;575;25;27;30;1
48040;1044;575;25;27;30;1
48044;1072;575;25;27;30;1
48052;1100;575;25;27;30;1
48055;1128;575;25;27;30;1
48064;1156;575;25;25;30;1
48068;1184;575;25;27;30;1
48072;1212;575;25;27;30;1
48080;1240;575;25;27;30;1
48083;1268;575;25;27;30;1
48120;1296;575;23;27;30;1
48121;1322;575;23;27;30;1
48124;1348;575;23;27;30;1
48127;1374;575;23;27;30;1
48128;1400;575;23;27;30;1
48130;1426;575;23;27;30;1
48136;1452;575;23;27;30;1
48137;1478;575;23;27;30;1
48139;1504;575;23;27;30;1
48140;1530;575;25;27;30;1
48141;1558;575;23;27;30;1
48143;1584;575;23;27;30;1
48145;1610;575;23;27;30;1
48148;1636;575;27;27;30;1
48149;1666;575;27;27;30;1
48150;1696;575;27;27;30;1
48151;1726;575;27;27;30;1
48152;1756;575;27;27;30;1
48155;1786;575;27;27;30;1
48156;1816;575;27;27;30;1
48157;1846;575;27;27;30;1
48158;1876;575;27;27;30;1
48159;1906;575;27;27;30;1
48164;1936;575;27;27;30;1
48165;1966;575;27;27;30;1
48167;1996;575;27;27;30;1
48169;0;620;27;27;30;1
48173;30;620;27;27;30;1
48176;60;620;25;27;30;1
48177;88;620;25;27;30;1
48180;116;620;25;27;30;1
48184;144;620;25;27;30;1
48192;172;620;25;27;30;1
48193;200;620;25;27;30;1
48195;228;620;25;27;30;1
48196;256;620;27;27;30;1
48197;286;620;25;27;30;1
48201;314;620;25;27;30;1
48204;342;620;27;27;30;1
48205;372;620;27;27;30;1
48208;402;620;27;27;30;1
48221;432;620;27;27;30;1
48260;462;620;23;27;30;1
48261;488;620;23;27;30;1
48264;514;620;23;27;30;1
48267;540;620;23;27;30;1
48268;566;620;23;27;30;1
48270;592;620;23;27;30;1
48276;618;620;23;27;30;1
48277;644;620;23;27;30;1
48279;670;620;23;27;30;1
48281;696;620;23;27;30;1
48282;722;620;23;27;30;1
48288;748;620;25;27;30;1
48289;776;620;25;27;30;1
48292;804;620;25;27;30;1
48295;832;620;25;27;30;1
48296;860;620;25;27;30;1
48304;888;620;25;27;30;1
48305;916;620;25;27;30;1
48307;944;620;25;27;30;1
48308;972;620;27;27;30;1
48309;1002;620;25;27;30;1
48316;1030;620;23;27;30;1
48317;1056;620;23;27;30;1
48320;1082;620;23;27;30;1
48324;1108;620;23;27;30;1
48333;1134;620;23;27;30;1
48335;1160;620;23;27;30;1
48336;1186;620;25;27;30;1
48337;1214;620;23;27;30;1
48341;1240;620;23;27;30;1
48344;1266;620;25;27;30;1
48348;1294;620;25;27;30;1
48372;1322;620;25;25;30;1
48373;1350;620;25;27;30;1
48374;1378;620;25;27;30;1
48376;1406;620;25;27;30;1
48380;1434;620;25;27;30;1
48388;1462;620;25;27;30;1
48389;1490;620;25;27;30;1
48391;1518;620;25;27;30;1
48393;1546;620;25;27;30;1
48400;1574;620;29;27;30;0
48404;1606;620;29;27;30;0
48420;1638;620;29;27;30;0
48428;1670;620;27;27;30;0
48448;1700;620;29;27;30;0
48456;1732;620;25;27;30;1
48457;1760;620;25;27;30;1
48460;1788;620;25;27;30;1
48464;1816;620;25;27;30;1
48472;1844;620;25;27;30;1
48473;1872;620;25;27;30;1
48484;1900;620;25;25;30;1
48488;1928;620;25;27;30;1
48512;1956;620;25;27;30;1
48513;1984;620;25;27;30;1
48516;0;665;25;27;30;1
48519;28;665;25;27;30;1
48520;56;665;25;27;30;1
48521;84;665;25;27;30;1
48522;112;665;25;27;30;1
48528;140;665;25;27;30;1
48529;168;665;25;27;30;1
48531;196;665;25;27;30;1
48533;224;665;25;27;30;1
48537;252;665;25;27;30;1
48538;280;665;25;27;30;1
48540;308;665;25;27;30;1
48548;336;665;25;27;30;1
48560;364;665;27;27;30;1
48568;394;665;25;27;30;1
48596;422;665;25;27;30;1
48597;450;665;25;27;30;1
48600;478;665;25;27;30;1
48604;506;665;25;27;30;1
48617;534;665;25;27;30;1
48624;562;665;25;27;30;1
48628;590;665;25;27;30;1
48632;618;665;25;27;30;1
48640;646;665;25;27;30;1
48643;674;665;25;27;30;1
48645;702;665;25;27;30;1
48652;730;665;25;25;30;1
48653;758;665;25;27;30;1
48656;786;665;25;27;30;1
48660;814;665;25;27;30;1
48668;842;665;25;27;30;1
48669;870;665;25;27;30;1
48671;898;665;25;27;30;1
48708;926;665;23;27;30;1
48709;952;665;23;27;30;1
48712;978;665;23;27;30;1
48716;1004;665;23;27;30;1
48718;1030;665;23;27;30;1
48724;1056;665;23;27;30;1
48725;1082;665;23;27;30;1
48727;1108;665;23;27;30;1
48729;1134;665;23;27;30;1
48730;1160;665;23;27;30;1
48731;1186;665;23;27;30;1
48736;1212;665;27;27;30;1
48737;1242;665;27;27;30;1
48740;1272;665;27;27;30;1
48744;1302;665;27;27;30;1
48746;1332;665;27;27;30;1
48752;1362;665;27;27;30;1
48753;1392;665;27;27;30;1
48755;1422;665;27;27;30;1
48756;1452;665;27;27;30;1
48757;1482;665;27;27;30;1
48763;1512;665;27;27;30;1
48764;1542;665;25;27;30;1
48765;1570;665;25;27;30;1
48768;1598;665;25;27;30;1
48772;1626;665;25;27;30;1
48780;1654;665;25;27;30;1
48781;1682;665;25;27;30;1
48783;1710;665;25;27;30;1
48784;1738;665;25;27;30;1
48785;1766;665;25;27;30;1
48792;1794;665;27;27;30;1
48793;1824;665;27;27;30;1
48808;1854;665;27;27;30;1
48848;1884;665;23;27;30;1
48849;1910;665;23;27;30;1
48852;1936;665;23;27;30;1
48855;1962;665;23;27;30;1
48856;1988;665;23;27;30;1
48864;0;710;23;27;30;1
48867;26;710;23;27;30;1
48868;52;710;25;27;30;1
48869;80;710;23;27;30;1
48876;106;710;25;27;30;1
48897;134;710;25;27;30;1
48904;162;710;23;27;30;1
48905;188;710;23;27;30;1
48920;214;710;23;27;30;1
48921;240;710;23;27;30;1
48923;266;710;23;27;30;1
48924;292;710;25;27;30;1
48925;320;710;23;27;30;1
48960;346;710;25;25;30;1
48961;374;710;25;27;30;1
48964;402;710;25;27;30;1
48968;430;710;25;27;30;1
48976;458;710;25;27;30;1
48977;486;710;25;27;30;1
48981;514;710;25;27;30;1
49044;542;710;25;27;30;1
49072;570;710;25;25;30;1
49093;598;710;25;27;30;1
49100;626;710;25;27;30;1
49101;654;710;25;27;30;1
49104;682;710;25;27;30;1
49108;710;710;25;27;30;1
49116;738;710;25;27;30;1
49119;766;710;25;27;30;1
49121;794;710;25;27;30;1
49212;822;710;25;27;30;1
49233;850;710;25;27;30;1
49240;878;710;25;25;30;1
49244;906;710;25;27;30;1
49248;934;710;25;27;30;1
49256;962;710;25;27;30;1
49257;990;710;25;27;30;1
49296;1018;710;23;27;30;1
49297;1044;710;23;27;30;1
49300;1070;710;23;27;30;1
49304;1096;710;23;27;30;1
49312;1122;710;23;27;30;1
49313;1148;710;23;27;30;1
49315;1174;710;23;27;30;1
49317;1200;710;23;27;30;1
49324;1226;710;27;27;30;1
49325;1256;710;27;27;30;1
49327;1286;710;27;27;30;1
49328;1316;710;27;27;30;1
49331;1346;710;27;27;30;1
49332;1376;710;27;27;30;1
49333;1406;710;27;27;30;1
49334;1436;710;27;27;30;1
49340;1466;710;27;27;30;1
49341;1496;710;27;27;30;1
49343;1526;710;27;27;30;1
49344;1556;710;27;27;30;1
49345;1586;710;27;27;30;1
49349;1616;710;27;27;30;1
49352;1646;710;25;27;30;1
49353;1674;710;25;27;30;1
49356;1702;710;25;27;30;1
49360;1730;710;25;27;30;1
49368;1758;710;25;27;30;1
49369;1786;710;25;27;30;1
49371;1814;710;25;27;30;1
49372;1842;710;27;27;30;1
49373;1872;710;25;27;30;1
49380;1900;710;27;27;30;1
49381;1930;710;27;27;30;1
49384;1960;710;27;27;30;1
49388;1990;710;27;27;30;1
49396;0;755;27;27;30;1
49397;30;755;27;27;30;1
49399;60;755;27;27;30;1
49401;90;755;27;27;30;1
49408;120;755;25;27;30;1
49412;148;755;25;27;30;1
49416;176;755;25;27;30;1
49424;204;755;25;27;30;1
49429;232;755;25;27;30;1
49436;260;755;23;27;30;1
49437;286;755;23;27;30;1
49438;312;755;23;27;30;1
49439;338;755;27;27;30;1
49440;368;755;23;27;30;1
49443;394;755;23;27;30;1
49444;420;755;23;27;30;1
49446;446;755;23;27;30;1
49447;472;755;23;27;30;1
49452;498;755;23;27;30;1
49453;524;755;23;27;30;1
49455;550;755;25;27;30;1
49456;578;755;25;27;30;1
49457;606;755;23;27;30;1
49462;632;755;23;27;30;1
49464;658;755;25;27;30;1
49465;686;755;25;27;30;1
49468;714;755;25;27;30;1
49472;742;755;25;27;30;1
49480;770;755;25;27;30;1
49481;798;755;25;27;30;1
49483;826;755;25;27;30;1
49484;854;755;27;27;30;1
49485;884;755;25;27;30;1
49492;912;755;23;27;30;1
49493;938;755;23;27;30;1
49496;964;755;23;27;30;1
49500;990;755;23;27;30;1
49508;1016;755;23;27;30;1
49509;1042;755;23;27;30;1
49511;1068;755;25;27;30;1
49512;1096;755;25;27;30;1
49513;1124;755;23;27;30;1
49520;1150;755;25;27;30;1
49524;1178;755;25;27;30;1
49528;1206;755;25;27;30;1
49541;1234;755;25;27;30;1
49548;1262;755;25;25;30;1
49549;1290;755;25;27;30;1
49550;1318;755;25;27;30;1
49552;1346;755;25;27;30;1
49556;1374;755;25;27;30;1
49558;1402;755;25;27;30;1
49564;1430;755;25;27;30;1
49565;1458;755;25;27;30;1
49567;1486;755;25;27;30;1
49569;1514;755;25;27;30;1
49573;1542;755;25;27;30;1
49576;1570;755;27;27;30;1
49577;1600;755;27;27;30;1
49580;1630;755;29;27;30;0
49584;1662;755;29;27;30;0
49597;1694;755;29;27;30;0
49604;1726;755;27;27;30;0
49608;1756;755;27;27;30;0
49612;1786;755;27;27;30;0
49620;1816;755;27;27;30;0
49623;1846;755;27;27;30;0
49624;1876;755;29;27;30;0
49632;1908;755;25;27;30;1
49636;1936;755;25;27;30;1
49640;1964;755;25;27;30;1
49648;1992;755;25;27;30;1
49649;0;800;25;27;30;1
49651;28;800;25;27;30;1
49660;56;800;25;25;30;1
49661;84;800;25;27;30;1
49664;112;800;25;27;30;1
49668;140;800;25;27;30;1
49676;168;800;25;27;30;1
49677;196;800;25;27;30;1
49679;224;800;25;27;30;1
49681;252;800;25;27;30;1
49688;280;800;25;27;30;1
49689;308;800;25;27;30;1
49692;336;800;25;27;30;1
49695;364;800;25;27;30;1
49696;392;800;25;27;30;1
49704;420;800;25;27;30;1
49705;448;800;25;27;30;1
49707;476;800;25;27;30;1
49709;504;800;25;27;30;1
49711;532;800;25;27;30;1
49713;560;800;25;27;30;1
49714;588;800;25;27;30;1
49716;616;800;25;27;30;1
49736;644;800;27;27;30;1
49744;674;800;27;27;30;0
49745;704;800;27;27;30;0
49748;734;800;27;27;30;0
49752;764;800;27;27;30;0
49760;794;800;27;27;30;0
49765;824;800;27;27;30;0
49772;854;800;25;27;30;1
49773;882;800;25;27;30;1
49776;910;800;25;27;30;1
49780;938;800;25;27;30;1
49788;966;800;25;27;30;1
49789;994;800;25;27;30;1
49791;1022;800;25;27;30;1
49793;1050;800;25;27;30;1
49800;1078;800;25;27;30;1
49801;1106;800;25;27;30;1
49808;1134;800;25;27;30;1
49816;1162;800;25;27;30;1
49819;1190;800;25;27;30;1
49821;1218;800;25;27;30;1
49828;1246;800;25;25;30;1
49829;1274;800;25;27;30;1
49832;1302;800;25;27;30;1
49836;1330;800;25;27;30;1
49837;1358;800;25;27;30;1
49844;1386;800;25;27;30;1
49845;1414;800;25;27;30;1
49847;1442;800;25;27;30;1
49849;1470;800;25;27;30;1
49884;1498;800;23;27;30;1
49885;1524;800;23;27;30;1
49888;1550;800;23;27;30;1
49891;1576;800;23;27;30;1
49892;1602;800;23;27;30;1
49899;1628;800;25;27;30;1
49900;1656;800;23;27;30;1
49901;1682;800;23;27;30;1
49903;1708;800;25;27;30;1
49905;1736;800;23;27;30;1
49910;1762;800;23;27;30;1
49912;1788;800;29;27;30;0
49913;1820;800;29;27;30;0
49915;1852;800;29;27;30;0
49916;1884;800;29;27;30;0
49920;1916;800;29;27;30;0
49928;1948;800;29;27;30;0
49929;1980;800;29;27;30;0
49932;0;845;29;27;30;0
49933;32;845;29;27;30;0
49939;64;845;29;27;30;0
49940;96;845;27;27;30;0
49941;126;845;27;27;30;0
49944;156;845;27;27;30;0
49948;186;845;27;27;30;0
49956;216;845;27;27;30;0
49957;246;845;27;27;30;0
49960;276;845;27;27;30;0
49961;306;845;27;27;30;0
49989;336;845;29;27;30;0
50024;368;845;25;27;30;0
50025;396;845;25;27;30;0
50028;424;845;25;27;30;0
50032;452;845;25;27;30;0
50034;480;845;25;27;30;0
50040;508;845;25;27;30;0
50041;536;845;25;27;30;0
50044;564;845;27;27;30;0
50045;594;845;25;27;30;0
50052;622;845;27;27;30;0
50056;652;845;27;27;30;0
50060;682;845;27;27;30;0
50112;712;845;27;27;30;0
50136;742;845;25;25;30;1
50137;770;845;25;27;30;1
50140;798;845;25;27;30;1
50143;826;845;25;27;30;1
50144;854;845;25;27;30;1
50146;882;845;25;27;30;1
50152;910;845;25;27;30;1
50153;938;845;25;27;30;1
50157;966;845;25;27;30;1
50164;994;845;29;27;30;0
50165;1026;845;29;27;30;0
50168;1058;845;29;27;30;0
50184;1090;845;29;27;30;0
50192;1122;845;27;27;30;0
50212;1152;845;27;27;30;0
50220;1182;845;25;27;30;1
50224;1210;845;25;27;30;1
50228;1238;845;25;27;30;1
50236;1266;845;25;27;30;1
50237;1294;845;25;27;30;1
50248;1322;845;25;25;30;1
50276;1350;845;25;27;30;1
50277;1378;845;25;27;30;1
50280;1406;845;25;27;30;1
50284;1434;845;25;27;30;1
50292;1462;845;25;27;30;1
50293;1490;845;25;27;30;1
50297;1518;845;25;27;30;1
50304;1546;845;25;27;30;1
50324;1574;845;27;27;30;1
50332;1604;845;27;27;30;0
50360;1634;845;25;27;30;1
50364;1662;845;25;27;30;1
50409;1690;845;25;27;30;1
50416;1718;845;25;25;30;1
50417;1746;845;25;27;30;1
50420;1774;845;25;27;30;1
50424;1802;845;25;27;30;1
50426;1830;845;25;27;30;1
50431;1858;845;25;27;30;1
50432;1886;845;25;27;30;1
50433;1914;845;25;27;30;1
50444;1942;845;25;27;30;1
50448;1970;845;25;27;30;1
50452;1998;845;25;27;30;1
50460;0;890;25;27;30;1
50472;28;890;25;27;30;0
50473;56;890;25;27;30;0
50476;84;890;25;27;30;0
50480;112;890;25;27;30;0
50488;140;890;25;27;30;0
50489;168;890;25;27;30;0
50491;196;890;25;27;30;0
50493;224;890;25;27;30;0
50500;252;890;27;27;30;1
50501;282;890;27;27;30;1
50504;312;890;27;27;30;1
50505;342;890;27;27;30;1
50506;372;890;27;27;30;1
50508;402;890;27;27;30;1
50509;432;890;27;27;30;1
50510;462;890;27;27;30;1
50515;492;890;27;27;30;1
50516;522;890;27;27;30;1
50517;552;890;27;27;30;1
50519;582;890;27;27;30;1
50520;612;890;27;27;30;1
50521;642;890;27;27;30;1
50525;672;890;27;27;30;1
50526;702;890;27;27;30;1
50528;732;890;25;27;30;1
50529;760;890;25;27;30;1
50532;788;890;25;27;30;1
50536;816;890;25;27;30;1
50544;844;890;25;27;30;1
50545;872;890;25;27;30;1
50547;900;890;25;27;30;1
50548;928;890;27;27;30;1
50549;958;890;25;27;30;1
50556;986;890;27;27;30;1
50557;1016;890;27;27;30;1
50560;1046;890;27;27;30;1
50564;1076;890;27;27;30;1
50567;1106;890;27;27;30;1
50572;1136;890;27;27;30;1
50573;1166;890;27;27;30;1
50575;1196;890;27;27;30;1
50577;1226;890;27;27;30;1
50581;1256;890;27;27;30;1
50583;1286;890;27;27;30;1
50584;1316;890;25;27;30;1
50588;1344;890;25;27;30;1
50592;1372;890;25;27;30;1
50601;1400;890;25;27;30;1
50612;1428;890;23;27;30;1
50613;1454;890;23;27;30;1
50616;1480;890;23;27;30;1
50617;1506;890;27;27;30;1
50619;1536;890;23;27;30;1
50620;1562;890;23;27;30;1
50621;1588;890;23;27;30;1
50622;1614;890;23;27;30;1
50628;1640;890;23;27;30;1
50629;1666;890;23;27;30;1
50630;1692;890;27;27;30;1
50631;1722;890;25;27;30;1
50632;1750;890;25;27;30;1
50633;1778;890;23;27;30;1
50634;1804;890;23;27;30;1
50636;1830;890;23;27;30;1
50638;1856;890;23;27;30;1
50640;1882;890;25;27;30;1
50641;1910;890;25;27;30;1
50644;1938;890;25;27;30;1
50648;1966;890;25;27;30;1
50656;1994;890;25;27;30;1
50657;0;935;25;27;30;1
50659;28;935;25;27;30;1
50661;56;935;25;27;30;1
50668;84;935;23;27;30;1
50669;110;935;23;27;30;1
50670;136;935;23;27;30;1
50672;162;935;23;27;30;1
50676;188;935;23;27;30;1
50678;214;935;23;27;30;1
50679;240;935;23;27;30;1
50684;266;935;23;27;30;1
50685;292;935;23;27;30;1
50686;318;935;27;27;30;1
50687;348;935;25;27;30;1
50688;376;935;25;27;30;1
50689;404;935;23;27;30;1
50693;430;935;23;27;30;1
50694;456;935;23;27;30;1
50695;482;935;25;27;30;1
50696;510;935;25;27;30;1
50700;538;935;25;27;30;1
50704;566;935;25;27;30;1
50712;594;935;25;27;30;1
50713;622;935;25;27;30;1
50715;650;935;27;27;30;1
50716;680;935;27;27;30;1
50724;710;935;25;25;30;1
50725;738;935;25;27;30;1
50728;766;935;25;27;30;1
50732;794;935;25;27;30;1
50733;822;935;25;27;30;1
50734;850;935;25;27;30;1
50736;878;935;25;27;30;1
50739;906;935;25;27;30;1
50740;934;935;25;27;30;1
50741;962;935;25;27;30;1
50743;990;935;25;27;30;1
50745;1018;935;25;27;30;1
50747;1046;935;25;27;30;1
50752;1074;935;29;27;30;0
50753;1106;935;29;27;30;0
50756;1138;935;29;27;30;0
50760;1170;935;29;27;30;0
50768;1202;935;29;27;30;0
50769;1234;935;29;27;30;0
50771;1266;935;29;27;30;0
50772;1298;935;29;27;30;0
50773;1330;935;29;27;30;0
50780;1362;935;27;27;30;0
50781;1392;935;27;27;30;0
50784;1422;935;27;27;30;0
50796;1452;935;27;27;30;0
50799;1482;935;27;27;30;0
50801;1512;935;27;27;30;0
50808;1542;935;25;27;30;1
50809;1570;935;25;27;30;1
50812;1598;935;25;27;30;1
50816;1626;935;25;27;30;1
50824;1654;935;25;27;30;1
50825;1682;935;25;27;30;1
50827;1710;935;25;27;30;1
50829;1738;935;25;27;30;1
50836;1766;935;25;25;30;1
50837;1794;935;25;27;30;1
50840;1822;935;25;27;30;1
50844;1850;935;25;27;30;1
50852;1878;935;25;27;30;1
50853;1906;935;25;27;30;1
50855;1934;935;25;27;30;1
50857;1962;935;25;27;30;1
50864;1990;935;25;27;30;1
50865;0;980;25;27;30;1
50868;28;980;25;27;30;1
50872;56;980;25;27;30;1
50873;84;980;25;27;30;1
50874;112;980;25;27;30;1
50880;140;980;25;27;30;1
50881;168;980;25;27;30;1
50883;196;980;25;27;30;1
50885;224;980;25;27;30;1
50892;252;980;25;27;30;1
50893;280;980;25;27;30;1
50896;308;980;25;27;30;1
50900;336;980;25;27;30;1
50908;364;980;25;27;30;1
50909;392;980;25;27;30;1
50912;420;980;27;27;30;1
50913;450;980;25;27;30;1
50920;478;980;25;27;30;1
50921;506;980;27;27;30;0
50924;536;980;27;27;30;0
50928;566;980;27;27;30;0
50936;596;980;27;27;30;0
50937;626;980;27;27;30;0
50941;656;980;27;27;30;0
50948;686;980;25;27;30;1
50949;714;980;25;27;30;1
50952;742;980;25;27;30;1
50956;770;980;25;27;30;1
50964;798;980;25;27;30;1
50965;826;980;25;27;30;1
50967;854;980;25;27;30;1
50969;882;980;25;27;30;1
50976;910;980;25;27;30;1
50977;938;980;25;27;30;1
50980;966;980;25;27;30;1
50984;994;980;25;27;30;1
50992;1022;980;25;27;30;1
50993;1050;980;25;27;30;1
50995;1078;980;25;27;30;1
50997;1106;980;25;27;30;1
50999;1134;980;25;27;30;1
51004;1162;980;25;25;30;1
51005;1190;980;25;27;30;1
51008;1218;980;25;27;30;1
51012;1246;980;25;27;30;1
51018;1274;980;25;27;30;1
51020;1302;980;25;27;30;1
51021;1330;980;25;27;30;1
51023;1358;980;25;27;30;1
51025;1386;980;25;27;30;1
51026;1414;980;25;27;30;1
51027;1442;980;25;27;30;1
51028;1470;980;25;27;30;1
51029;1498;980;25;27;30;1
51030;1526;980;25;27;30;1
51031;1554;980;25;27;30;1
51032;1582;980;25;27;30;1
51036;1610;980;25;27;30;1
51040;1638;980;25;27;30;1
51048;1666;980;25;27;30;1
51051;1694;980;25;27;30;1
51060;1722;980;23;27;30;1
51061;1748;980;23;27;30;1
51064;1774;980;23;27;30;1
51068;1800;980;23;27;30;1
51069;1826;980;23;27;30;1
51070;1852;980;23;27;30;1
51075;1878;980;25;27;30;1
51076;1906;980;23;27;30;1
51077;1932;980;23;27;30;1
51079;1958;980;25;27;30;1
51080;1986;980;25;27;30;1
51081;0;1025;25;27;30;1
51082;28;1025;23;27;30;1
51086;54;1025;23;27;30;1
51088;80;1025;27;27;30;1
51089;110;1025;27;27;30;1
51092;140;1025;27;27;30;1
51094;170;1025;27;27;30;1
51095;200;1025;27;27;30;1
51096;230;1025;27;27;30;1
51098;260;1025;27;27;30;1
51104;290;1025;27;27;30;1
51105;320;1025;27;27;30;1
51107;350;1025;27;27;30;1
51108;380;1025;27;27;30;1
51109;410;1025;27;27;30;1
51110;440;1025;27;27;30;1
51116;470;1025;25;27;30;1
51117;498;1025;25;27;30;1
51120;526;1025;25;27;30;1
51124;554;1025;25;27;30;1
51132;582;1025;25;27;30;1
51133;610;1025;25;27;30;1
51135;638;1025;25;27;30;1
51136;666;1025;27;27;30;1
51137;696;1025;25;27;30;1
51144;724;1025;27;27;30;1
51145;754;1025;27;27;30;1
51148;784;1025;27;27;30;1
51150;814;1025;27;27;30;1
51152;844;1025;27;27;30;1
51160;874;1025;27;27;30;1
51165;904;1025;27;27;30;1
51172;934;1025;25;27;30;1
51176;962;1025;25;27;30;1
51180;990;1025;25;27;30;1
51200;1018;1025;23;27;30;1
51201;1044;1025;23;27;30;1
51204;1070;1025;23;27;30;1
51208;1096;1025;23;27;30;1
51210;1122;1025;23;27;30;1
51216;1148;1025;23;27;30;1
51217;1174;1025;23;27;30;1
51219;1200;1025;23;27;30;1
51221;1226;1025;23;27;30;1
51222;1252;1025;23;27;30;1
51228;1278;1025;25;27;30;1
51229;1306;1025;25;27;30;1
51232;1334;1025;25;27;30;1
51236;1362;1025;25;27;30;1
51244;1390;1025;25;27;30;1
51245;1418;1025;25;27;30;1
51247;1446;1025;25;27;30;1
51249;1474;1025;25;27;30;1
51256;1502;1025;23;27;30;1
51260;1528;1025;23;27;30;1
51264;1554;1025;23;27;30;1
51272;1580;1025;23;27;30;1
51273;1606;1025;23;27;30;1
51276;1632;1025;25;27;30;1
51277;1660;1025;23;27;30;1
51284;1686;1025;25;27;30;1
51312;1714;1025;25;25;30;1
51313;1742;1025;25;27;30;1
51316;1770;1025;25;27;30;1
51320;1798;1025;25;27;30;1
51322;1826;1025;25;27;30;1
51328;1854;1025;25;27;30;1
51329;1882;1025;25;27;30;1
51331;1910;1025;25;27;30;1
51333;1938;1025;25;27;30;1
51334;1966;1025;25;27;30;1
51335;1994;1025;25;27;30;1
51339;0;1070;25;27;30;2
51340;28;1070;29;27;30;0
51341;60;1070;29;27;30;0
51348;92;1070;29;27;30;0
51357;124;1070;29;27;30;0
51359;156;1070;29;27;30;0
51361;188;1070;29;27;30;0
51368;220;1070;25;27;30;1
51388;248;1070;29;27;30;0
51389;280;1070;27;27;30;0
51396;310;1070;25;27;30;1
51400;338;1070;25;27;30;1
51404;366;1070;25;27;30;1
51412;394;1070;25;27;30;1
51413;422;1070;25;27;30;1
51415;450;1070;25;27;30;1
51417;478;1070;25;27;30;1
51424;506;1070;25;25;30;1
51425;534;1070;25;27;30;1
51428;562;1070;25;27;30;1
51445;590;1070;25;27;30;1
51452;618;1070;25;27;30;1
51453;646;1070;25;27;30;1
51456;674;1070;25;27;30;1
51460;702;1070;25;27;30;1
51461;730;1070;25;27;30;1
51462;758;1070;25;27;30;1
51468;786;1070;25;27;30;1
51469;814;1070;25;27;30;1
51471;842;1070;25;27;30;1
51473;870;1070;25;27;30;1
51480;898;1070;25;27;30;1
51500;926;1070;27;27;30;1
51508;956;1070;25;27;30;1
51536;984;1070;25;27;30;1
51537;1012;1070;25;27;30;1
51540;1040;1070;25;27;30;1
51544;1068;1070;25;27;30;1
51552;1096;1070;25;27;30;1
51553;1124;1070;25;27;30;1
51555;1152;1070;25;27;30;1
51564;1180;1070;25;27;30;1
51568;1208;1070;25;27;30;1
51572;1236;1070;25;27;30;1
51580;1264;1070;25;27;30;1
51592;1292;1070;25;25;30;1
51593;1320;1070;25;27;30;1
51596;1348;1070;25;27;30;1
51600;1376;1070;25;27;30;1
51608;1404;1070;25;27;30;1
51609;1432;1070;25;27;30;1
51611;1460;1070;25;27;30;1
51613;1488;1070;25;27;30;1
51648;1516;1070;23;27;30;1
51649;1542;1070;23;27;30;1
51652;1568;1070;23;27;30;1
51655;1594;1070;23;27;30;1
51656;1620;1070;23;27;30;1
51658;1646;1070;23;27;30;1
51664;1672;1070;23;27;30;1
51665;1698;1070;23;27;30;1
51667;1724;1070;23;27;30;1
51669;1750;1070;23;27;30;1
51670;1776;1070;23;27;30;1
51673;1802;1070;23;27;30;1
51674;1828;1070;23;27;30;1
51676;1854;1070;27;27;30;1
51677;1884;1070;27;27;30;1
51680;1914;1070;27;27;30;1
51682;1944;1070;27;27;30;1
51684;1974;1070;27;27;30;1
51687;0;1115;27;27;30;1
51692;30;1115;27;27;30;1
51693;60;1115;27;27;30;1
51695;90;1115;27;27;30;1
51696;120;1115;27;27;30;1
51697;150;1115;27;27;30;1
51704;180;1115;27;27;30;0
51705;210;1115;27;27;30;0
51708;240;1115;27;27;30;0
51712;270;1115;27;27;30;0
51720;300;1115;27;27;30;0
51721;330;1115;27;27;30;0
51723;360;1115;27;27;30;0
51724;390;1115;27;27;30;0
51725;420;1115;27;27;30;0
51732;450;1115;27;27;30;1
51736;480;1115;27;27;30;1
51753;510;1115;27;27;30;1
51788;540;1115;23;27;30;1
51789;566;1115;23;27;30;1
51792;592;1115;23;27;30;1
51796;618;1115;23;27;30;1
51804;644;1115;23;27;30;1
51805;670;1115;23;27;30;1
51807;696;1115;25;27;30;1
51808;724;1115;25;27;30;1
51809;752;1115;23;27;30;1
51816;778;1115;27;27;30;0
51837;808;1115;27;27;30;0
51844;838;1115;25;27;30;1
51864;866;1115;27;27;30;1
51900;896;1115;25;25;30;1
51901;924;1115;25;27;30;1
51904;952;1115;25;27;30;1
51908;980;1115;25;27;30;1
51916;1008;1115;25;27;30;1
51917;1036;1115;25;27;30;1
51919;1064;1115;25;27;30;1
51921;1092;1115;25;27;30;1
51923;1120;1115;25;27;30;1
51928;1148;1115;29;27;30;0
51929;1180;1115;29;27;30;0
51936;1212;1115;29;27;30;0
51948;1244;1115;29;27;30;0
51956;1276;1115;27;27;30;0
51976;1306;1115;27;27;30;0
51984;1336;1115;25;27;30;1
51988;1364;1115;25;27;30;1
51992;1392;1115;25;27;30;1
52000;1420;1115;25;27;30;1
52001;1448;1115;25;27;30;1
52033;1476;1115;25;27;30;1
52040;1504;1115;25;27;30;1
52041;1532;1115;25;27;30;1
52044;1560;1115;25;27;30;1
52048;1588;1115;25;27;30;1
52056;1616;1115;25;27;30;1
52057;1644;1115;25;27;30;1
52061;1672;1115;25;27;30;1
52068;1700;1115;25;27;30;1
52088;1728;1115;27;27;30;1
52089;1758;1115;25;27;30;1
52124;1786;1115;25;27;30;1
52152;1814;1115;25;27;30;1
52180;1842;1115;25;25;30;1
52196;1870;1115;25;27;30;1
52199;1898;1115;25;27;30;1
52201;1926;1115;25;27;30;1
52236;1954;1115;25;27;30;1
52237;1982;1115;23;27;30;1
52240;0;1160;23;27;30;1
52244;26;1160;23;27;30;1
52252;52;1160;23;27;30;1
52253;78;1160;23;27;30;1
52257;104;1160;23;27;30;1
52258;130;1160;23;27;30;1
52263;156;1160;25;27;30;1
52264;184;1160;27;27;30;1
52265;214;1160;27;27;30;1
52268;244;1160;27;27;30;1
52270;274;1160;27;27;30;1
52272;304;1160;27;27;30;1
52280;334;1160;27;27;30;1
52281;364;1160;27;27;30;1
52283;394;1160;27;27;30;1
52284;424;1160;27;27;30;1
52285;454;1160;27;27;30;1
52286;484;1160;27;27;30;1
52292;514;1160;25;27;30;1
52293;542;1160;25;27;30;1
52296;570;1160;25;27;30;1
52300;598;1160;25;27;30;1
52308;626;1160;25;27;30;1
52309;654;1160;25;27;30;1
52311;682;1160;25;27;30;1
52312;710;1160;27;27;30;1
52313;740;1160;25;27;30;1
52320;768;1160;27;27;30;1
52324;798;1160;27;27;30;1
52326;828;1160;27;27;30;1
52328;858;1160;27;27;30;1
52336;888;1160;27;27;30;1
52341;918;1160;27;27;30;1
52376;948;1160;23;27;30;1
52377;974;1160;23;27;30;1
52380;1000;1160;23;27;30;1
52384;1026;1160;23;27;30;1
52392;1052;1160;23;27;30;1
52393;1078;1160;23;27;30;1
52395;1104;1160;23;27;30;1
52396;1130;1160;25;27;30;1
52397;1158;1160;23;27;30;1
52404;1184;1160;25;27;30;1
52405;1212;1160;25;27;30;1
52408;1240;1160;25;27;30;1
52412;1268;1160;25;27;30;1
52420;1296;1160;25;27;30;1
52421;1324;1160;25;27;30;1
52423;1352;1160;25;27;30;1
52425;1380;1160;25;27;30;1
52432;1408;1160;23;27;30;1
52436;1434;1160;23;27;30;1
52452;1460;1160;25;27;30;1
52460;1488;1160;25;27;30;1
52464;1516;1160;25;27;30;1
52481;1544;1160;25;27;30;1
52488;1572;1160;25;25;30;1
52489;1600;1160;25;27;30;1
52492;1628;1160;25;27;30;1
52496;1656;1160;25;27;30;1
52504;1684;1160;25;27;30;1
52505;1712;1160;25;27;30;1
52507;1740;1160;25;27;30;1
52509;1768;1160;25;27;30;1
52516;1796;1160;29;27;30;0
52520;1828;1160;29;27;30;0
52524;1860;1160;29;27;30;0
52537;1892;1160;29;27;30;0
52572;1924;1160;25;27;30;1
52576;1952;1160;25;27;30;1
52580;1980;1160;25;27;30;1
52588;0;1205;25;27;30;1
52589;28;1205;25;27;30;1
52591;56;1205;25;27;30;1
52593;84;1205;25;27;30;1
52600;112;1205;25;25;30;1
52616;140;1205;25;27;30;1
52628;168;1205;25;27;30;1
52629;196;1205;25;27;30;1
52632;224;1205;25;27;30;1
52636;252;1205;25;27;30;1
52644;280;1205;25;27;30;1
52645;308;1205;25;27;30;1
52647;336;1205;25;27;30;1
52649;364;1205;25;27;30;1
52656;392;1205;27;27;30;0
52676;422;1205;27;27;30;1
52684;452;1205;27;27;30;0
52688;482;1205;27;27;30;0
52712;512;1205;27;27;30;0
52716;542;1205;27;27;30;0
52720;572;1205;27;27;30;0
52728;602;1205;27;27;30;0
52729;632;1205;27;27;30;0
52731;662;1205;27;27;30;0
52733;692;1205;27;27;30;0
52740;722;1205;25;27;30;1
52744;750;1205;25;27;30;1
52748;778;1205;25;27;30;1
52756;806;1205;25;27;30;1
52761;834;1205;25;27;30;1
52768;862;1205;25;23;30;1
52769;890;1205;25;27;30;1
52772;918;1205;25;27;30;1
52776;946;1205;25;27;30;1
52784;974;1205;25;27;30;1
52785;1002;1205;25;27;30;1
52787;1030;1205;25;27;30;1
52789;1058;1205;25;27;30;2
52824;1086;1205;23;27;30;1
52825;1112;1205;23;27;30;1
52828;1138;1205;23;27;30;1
52831;1164;1205;23;27;30;1
52832;1190;1205;23;27;30;1
52833;1216;1205;23;27;30;1
52840;1242;1205;23;27;30;1
52841;1268;1205;23;27;30;1
52843;1294;1205;23;27;30;1
52845;1320;1205;23;27;30;1
52852;1346;1205;27;27;30;1
52853;1376;1205;27;27;30;1
52856;1406;1205;27;27;30;1
52860;1436;1205;27;27;30;1
52868;1466;1205;27;27;30;1
52869;1496;1205;27;27;30;1
52871;1526;1205;27;27;30;1
52873;1556;1205;27;27;30;1
52880;1586;1205;25;27;30;1
52881;1614;1205;25;27;30;1
52884;1642;1205;25;27;30;1
52888;1670;1205;25;27;30;1
52896;1698;1205;25;27;30;1
52897;1726;1205;25;27;30;1
52899;1754;1205;25;27;30;1
52900;1782;1205;27;27;30;1
52901;1812;1205;25;27;30;1
52908;1840;1205;27;27;30;1
52909;1870;1205;27;27;30;1
52929;1900;1205;27;27;30;1
52964;1930;1205;23;27;30;1
52965;1956;1205;23;27;30;1
52968;1982;1205;23;27;30;1
52971;0;1250;23;27;30;1
52972;26;1250;23;27;30;1
52980;52;1250;23;27;30;1
52981;78;1250;23;27;30;1
52983;104;1250;23;27;30;1
52984;130;1250;25;27;30;1
52985;158;1250;23;27;30;1
52992;184;1250;25;27;30;1
52993;212;1250;25;27;30;1
52996;240;1250;25;27;30;1
53000;268;1250;25;27;30;1
53008;296;1250;25;27;30;1
53009;324;1250;25;27;30;1
53011;352;1250;25;27;30;1
53013;380;1250;25;27;30;1
53020;408;1250;23;27;30;1
53024;434;1250;23;27;30;1
53028;460;1250;23;27;30;1
53036;486;1250;23;27;30;1
53037;512;1250;23;27;30;1
53039;538;1250;23;27;30;1
53040;564;1250;25;27;30;1
53041;592;1250;23;27;30;1
53048;618;1250;25;27;30;1
53076;646;1250;25;25;30;1
53077;674;1250;25;27;30;1
53080;702;1250;25;27;30;1
53084;730;1250;25;27;30;1
53092;758;1250;25;27;30;1
53093;786;1250;25;27;30;1
53095;814;1250;27;27;30;1
53097;844;1250;25;27;30;1
53104;872;1250;29;27;30;0
53105;904;1250;29;27;30;0
53108;936;1250;29;27;30;0
53112;968;1250;29;27;30;0
53120;1000;1250;29;27;30;0
53125;1032;1250;29;27;30;0
53132;1064;1250;27;27;30;0
53153;1094;1250;27;27;30;0
53160;1124;1250;25;27;30;1
53168;1152;1250;25;27;30;1
53188;1180;1250;25;25;30;1
53216;1208;1250;25;27;30;1
53217;1236;1250;25;27;30;1
53220;1264;1250;25;27;30;1
53224;1292;1250;25;27;30;1
53232;1320;1250;25;27;30;1
53233;1348;1250;27;27;30;1
53235;1378;1250;25;27;30;1
53237;1406;1250;25;27;30;1
53244;1434;1250;25;27;30;1
53248;1462;1250;25;27;30;1
53252;1490;1250;25;27;30;1
53265;1518;1250;25;27;30;1
53272;1546;1250;25;27;30;1
53293;1574;1250;27;27;30;0
53300;1604;1250;25;27;30;1
53301;1632;1250;25;27;30;1
53304;1660;1250;25;27;30;1
53308;1688;1250;25;27;30;1
53316;1716;1250;25;27;30;1
53317;1744;1250;25;27;30;1
53319;1772;1250;25;27;30;1
53321;1800;1250;25;27;30;1
53328;1828;1250;25;27;30;1
53332;1856;1250;25;27;30;1
53336;1884;1250;25;27;30;1
53344;1912;1250;25;27;30;1
53356;1940;1250;25;25;30;1
53357;1968;1250;25;27;30;1
53360;1996;1250;25;27;30;1
53364;0;1295;25;27;30;1
53372;28;1295;25;27;30;1
53373;56;1295;25;27;30;1
53377;84;1295;25;27;30;1
53412;112;1295;23;27;30;1
53413;138;1295;23;27;30;1
53416;164;1295;23;27;30;1
53420;190;1295;23;27;30;1
53428;216;1295;23;27;30;1
53429;242;1295;23;27;30;1
53431;268;1295;23;27;30;1
53433;294;1295;23;27;30;1
53440;320;1295;27;27;30;1
53441;350;1295;27;27;30;1
53444;380;1295;27;27;30;1
53448;410;1295;27;27;30;1
53449;440;1295;27;27;30;1
53456;470;1295;27;27;30;1
53457;500;1295;27;27;30;1
53459;530;1295;27;27;30;1
53460;560;1295;27;27;30;1
53461;590;1295;27;27;30;1
53468;620;1295;25;27;30;1
53469;648;1295;25;27;30;1
53472;676;1295;25;27;30;1
53476;704;1295;25;27;30;1
53484;732;1295;25;27;30;1
53485;760;1295;25;27;30;1
53487;788;1295;25;27;30;1
53488;816;1295;27;27;30;1
53489;846;1295;25;27;30;1
53496;874;1295;27;27;30;1
53517;904;1295;27;27;30;1
53552;934;1295;23;27;30;1
53553;960;1295;23;27;30;1
53556;986;1295;23;27;30;1
53560;1012;1295;23;27;30;1
53562;1038;1295;23;27;30;1
53568;1064;1295;23;27;30;1
53569;1090;1295;23;27;30;1
53571;1116;1295;23;27;30;1
53572;1142;1295;25;27;30;1
53573;1170;1295;23;27;30;1
53580;1196;1295;25;27;30;1
53581;1224;1295;25;27;30;1
53584;1252;1295;25;27;30;1
53588;1280;1295;25;27;30;1
53596;1308;1295;25;27;30;1
53597;1336;1295;25;27;30;1
53599;1364;1295;25;27;30;1
53601;1392;1295;25;27;30;1
53608;1420;1295;23;27;30;1
53612;1446;1295;23;27;30;1
53628;1472;1295;25;27;30;1
53636;1500;1295;25;27;30;1
53640;1528;1295;25;27;30;1
53664;1556;1295;25;25;30;1
53665;1584;1295;25;27;30;1
53668;1612;1295;25;27;30;1
53672;1640;1295;25;27;30;1
53680;1668;1295;25;27;30;1
53681;1696;1295;27;27;30;1
53683;1726;1295;25;27;30;1
53685;1754;1295;25;27;30;1
53690;1782;1295;25;27;30;1
53692;1810;1295;29;27;30;0
53696;1842;1295;29;27;30;0
53720;1874;1295;27;27;30;0
53748;1904;1295;25;27;30;1
53752;1932;1295;25;27;30;1
53767;1960;1295;25;27;30;1
53769;1988;1295;25;27;30;1
53776;0;1340;25;25;30;1
53804;28;1340;25;27;30;1
53805;56;1340;25;27;30;1
53808;84;1340;25;27;30;1
53812;112;1340;25;27;30;1
53820;140;1340;25;27;30;1
53821;168;1340;25;27;30;1
53823;196;1340;25;27;30;1
53825;224;1340;25;27;30;1
53832;252;1340;25;27;30;1
53852;280;1340;27;27;30;1
53860;310;1340;27;27;30;0
53888;340;1340;25;27;30;1
53889;368;1340;25;27;30;1
53892;396;1340;25;27;30;1
53896;424;1340;25;27;30;1
53904;452;1340;25;27;30;1
53905;480;1340;25;27;30;1
53909;508;1340;25;27;30;1
53916;536;1340;25;27;30;1
53920;564;1340;25;27;30;1
53924;592;1340;25;27;30;1
53932;620;1340;25;27;30;1
53937;648;1340;25;27;30;1
53944;676;1340;25;25;30;1
53945;704;1340;25;27;30;1
53948;732;1340;25;27;30;1
53951;760;1340;25;27;30;1
53952;788;1340;25;27;30;1
53954;816;1340;25;27;30;1
53960;844;1340;25;27;30;1
53961;872;1340;25;27;30;1
53963;900;1340;25;27;30;1
53972;928;1340;25;27;30;0
53976;956;1340;25;27;30;1
53980;984;1340;25;27;30;1
53988;1012;1340;25;27;30;1
53989;1040;1340;25;27;30;1
54000;1068;1340;23;27;30;1
54001;1094;1340;23;27;30;1
54004;1120;1340;23;27;30;1
54008;1146;1340;23;27;30;1
54016;1172;1340;23;27;30;1
54017;1198;1340;23;27;30;1
54019;1224;1340;23;27;30;1
54021;1250;1340;23;27;30;1
54028;1276;1340;29;27;30;0
54029;1308;1340;27;27;30;1
54030;1338;1340;27;27;30;1
54032;1368;1340;27;27;30;1
54036;1398;1340;27;27;30;1
54038;1428;1340;27;27;30;1
54044;1458;1340;27;27;30;1
54045;1488;1340;27;27;30;1
54047;1518;1340;27;27;30;1
54048;1548;1340;27;27;30;1
54049;1578;1340;27;27;30;1
54053;1608;1340;27;27;30;1
54056;1638;1340;27;27;30;0
54057;1668;1340;27;27;30;0
54060;1698;1340;27;27;30;0
54064;1728;1340;27;27;30;0
54072;1758;1340;27;27;30;0
54073;1788;1340;27;27;30;0
54075;1818;1340;27;27;30;0
54076;1848;1340;29;27;30;0
54077;1880;1340;27;27;30;0
54084;1910;1340;29;27;30;0
54085;1942;1340;27;27;30;1
54140;1972;1340;25;27;30;1
54141;0;1385;25;27;30;1
54144;28;1385;25;27;30;1
54148;56;1385;25;27;30;1
54156;84;1385;25;27;30;1
54157;112;1385;25;27;30;1
54159;140;1385;25;27;30;1
54160;168;1385;27;27;30;1
54161;198;1385;25;27;30;1
54168;226;1385;27;27;30;0
54169;256;1385;27;27;30;0
54172;286;1385;27;27;30;0
54176;316;1385;27;27;30;0
54184;346;1385;27;27;30;0
54185;376;1385;27;27;30;0
54187;406;1385;27;27;30;0
54189;436;1385;27;27;30;0
54196;466;1385;25;27;30;1
54200;494;1385;25;27;30;1
54204;522;1385;25;27;30;1
54212;550;1385;25;27;30;1
54213;578;1385;25;27;30;1
54216;606;1385;27;27;30;1
54217;636;1385;25;27;30;1
54224;664;1385;27;27;30;0
54232;694;1385;27;27;30;0
54241;724;1385;27;27;30;0
54243;754;1385;27;27;30;0
54252;784;1385;27;25;30;0
54253;814;1385;27;27;30;0
54256;844;1385;27;27;30;0
54260;874;1385;27;27;30;0
54268;904;1385;27;27;30;0
54269;934;1385;27;27;30;0
54271;964;1385;27;27;30;0
54273;994;1385;27;27;30;0
54280;1024;1385;29;27;30;0
54301;1056;1385;29;27;30;0
54336;1088;1385;25;27;30;1
54340;1116;1385;25;27;30;1
54364;1144;1385;27;25;30;0
54368;1174;1385;27;27;30;0
54372;1204;1385;27;27;30;0
54381;1234;1385;27;27;30;0
54383;1264;1385;27;27;30;0
54392;1294;1385;27;27;30;0
54393;1324;1385;27;27;30;0
54396;1354;1385;27;27;30;0
54399;1384;1385;27;27;30;0
54400;1414;1385;27;27;30;0
54402;1444;1385;27;27;30;0
54408;1474;1385;27;27;30;0
54409;1504;1385;27;27;30;0
54411;1534;1385;27;27;30;0
54413;1564;1385;27;27;30;0
54420;1594;1385;25;27;30;1
54441;1622;1385;25;27;30;1
54476;1650;1385;25;27;30;1
54480;1678;1385;25;27;30;1
54484;1706;1385;25;27;30;1
54492;1734;1385;25;27;30;1
54495;1762;1385;25;27;30;1
54504;1790;1385;27;27;30;0
54508;1820;1385;27;27;30;0
54512;1850;1385;27;27;30;0
54520;1880;1385;27;27;30;0
54523;1910;1385;27;27;30;0
54525;1940;1385;27;27;30;0
54532;1970;1385;27;25;30;0
54536;0;1428;27;27;30;0
54540;30;1428;27;27;30;0
54548;60;1428;27;27;30;0
54549;90;1428;27;27;30;0
54551;120;1428;27;27;30;0
54588;150;1428;23;27;30;1
54589;176;1428;23;27;30;1
54592;202;1428;23;27;30;1
54596;228;1428;25;27;30;1
54604;256;1428;23;27;30;1
54605;282;1428;23;27;30;1
54607;308;1428;23;27;30;1
54609;334;1428;23;27;30;1
54616;360;1428;27;27;30;1
54617;390;1428;29;27;30;0
54620;422;1428;29;27;30;0
54624;454;1428;29;27;30;0
54629;486;1428;29;27;30;0
54632;518;1428;29;27;30;0
54633;550;1428;29;27;30;0
54635;582;1428;29;27;30;0
54637;614;1428;29;27;30;0
54644;646;1428;25;27;30;1
54645;674;1428;27;27;30;0
54648;704;1428;27;27;30;0
54652;734;1428;27;27;30;0
54660;764;1428;27;27;30;0
54661;794;1428;27;27;30;0
54663;824;1428;27;27;30;0
54664;854;1428;29;27;30;0
54665;886;1428;27;27;30;0
54672;916;1428;27;27;30;1
54693;946;1428;29;27;30;0
54728;978;1428;25;27;30;0
54729;1006;1428;25;27;30;0
54732;1034;1428;25;27;30;0
54736;1062;1428;25;27;30;0
54738;1090;1428;25;27;30;0
54744;1118;1428;25;27;30;0
54745;1146;1428;25;27;30;0
54747;1174;1428;25;27;30;0
54749;1202;1428;25;27;30;0
54756;1230;1428;25;27;30;1
54757;1258;1428;27;27;30;0
54760;1288;1428;27;27;30;0
54764;1318;1428;27;27;30;0
54772;1348;1428;27;27;30;0
54773;1378;1428;27;27;30;0
54775;1408;1428;27;27;30;0
54777;1438;1428;27;27;30;0
54784;1468;1428;25;27;30;0
54785;1496;1428;25;27;30;0
54788;1524;1428;25;27;30;0
54792;1552;1428;25;27;30;0
54800;1580;1428;25;27;30;0
54801;1608;1428;25;27;30;0
54803;1636;1428;25;27;30;0
54804;1664;1428;27;27;30;0
54805;1694;1428;25;27;30;0
54812;1722;1428;25;27;30;1
54816;1750;1428;27;27;30;0
54820;1780;1428;27;27;30;0
54829;1810;1428;27;27;30;0
54840;1840;1428;25;25;30;1
54841;1868;1428;25;27;30;1
54844;1896;1428;25;27;30;1
54848;1924;1428;25;27;30;1
54853;1952;1428;25;27;30;1
54856;1980;1428;25;27;30;1
54857;0;1473;25;27;30;1
54859;28;1473;25;27;30;1
54861;56;1473;25;27;30;1
54865;84;1473;25;27;30;1
54868;112;1473;29;27;30;0
54869;144;1473;29;27;30;0
54872;176;1473;29;27;30;0
54876;208;1473;29;27;30;0
54887;240;1473;29;27;30;0
54889;272;1473;29;27;30;0
54896;304;1473;27;27;30;0
54897;334;1473;27;27;30;0
54900;364;1473;27;27;30;0
54915;394;1473;27;27;30;0
54917;424;1473;27;27;30;0
54924;454;1473;25;27;30;1
54925;482;1473;25;27;30;1
54928;510;1473;25;27;30;1
54932;538;1473;25;27;30;1
54941;566;1473;25;27;30;1
54943;594;1473;25;27;30;1
54945;622;1473;25;27;30;1
54952;650;1473;25;25;30;1
54956;678;1473;25;27;30;1
54960;706;1473;25;27;30;1
54969;734;1473;25;27;30;1
54971;762;1473;25;27;30;1
54980;790;1473;25;27;30;1
54981;818;1473;25;27;30;1
54984;846;1473;25;27;30;1
54988;874;1473;25;27;30;1
54993;902;1473;25;27;30;1
54996;930;1473;25;27;30;1
54999;958;1473;25;27;30;1
55001;986;1473;25;27;30;1
55008;1014;1473;25;27;30;1
55012;1042;1473;25;27;30;1
55016;1070;1473;25;27;30;1
55024;1098;1473;25;27;30;1
55029;1126;1473;25;27;30;1
55036;1154;1473;27;27;30;0
55037;1184;1473;27;27;30;0
55040;1214;1473;27;27;30;0
55044;1244;1473;27;27;30;0
55057;1274;1473;27;27;30;0
55064;1304;1473;25;27;30;1
55065;1332;1473;25;27;30;1
55068;1360;1473;25;27;30;1
55072;1388;1473;25;27;30;1
55080;1416;1473;25;27;30;1
55081;1444;1473;25;27;30;1
55083;1472;1473;25;27;30;1
55085;1500;1473;25;27;30;1
55092;1528;1473;25;27;30;1
55093;1556;1473;25;27;30;1
55096;1584;1473;25;27;30;1
55100;1612;1473;25;27;30;1
55108;1640;1473;25;27;30;1
55111;1668;1473;25;27;30;1
55113;1696;1473;25;27;30;1
55120;1724;1473;25;25;30;1
55121;1752;1473;25;27;30;1
55124;1780;1473;25;27;30;1
55126;1808;1473;25;27;30;1
55127;1836;1473;25;27;30;1
55128;1864;1473;25;27;30;1
55129;1892;1473;25;27;30;1
55136;1920;1473;25;27;30;1
55137;1948;1473;25;27;30;1
55139;1976;1473;25;27;30;1
55141;0;1518;25;27;30;1
55145;28;1518;25;27;30;1
55148;56;1518;25;27;30;1
55152;84;1518;25;27;30;1
55156;112;1518;25;27;30;1
55164;140;1518;25;27;30;1
55165;168;1518;25;27;30;1
55169;196;1518;25;27;30;1
55176;224;1518;25;27;30;0
55177;252;1518;25;27;30;0
55180;280;1518;25;27;30;0
55184;308;1518;25;27;30;0
55192;336;1518;25;27;30;0
55193;364;1518;25;27;30;0
55195;392;1518;25;27;30;0
55197;420;1518;25;27;30;0
