"Papyrus";8;True;False;1;0;1;1
32;0;0;3;18;3;0
33;6;0;2;12;3;1
34;11;0;4;9;6;1
35;18;0;7;12;7;0
36;28;0;6;12;8;1
37;37;0;7;12;8;1
38;47;0;7;12;8;1
39;57;0;2;9;3;1
40;62;0;4;14;5;1
41;69;0;4;14;5;0
42;76;0;4;9;5;0
43;83;0;6;11;7;1
44;92;0;3;14;3;0
45;98;0;5;11;5;0
46;106;0;2;12;3;1
47;111;0;9;14;8;1
48;123;0;7;12;7;0
49;133;0;3;13;7;2
50;139;0;6;12;7;1
51;148;0;5;14;7;1
52;156;0;7;12;7;0
53;166;0;5;14;7;1
54;174;0;6;12;7;1
55;183;0;6;14;7;1
56;192;0;5;12;7;1
57;200;0;6;14;7;0
58;209;0;2;12;3;1
59;214;0;3;15;4;0
60;220;0;7;13;7;0
61;230;0;5;10;7;1
62;238;0;6;13;7;1
63;247;0;5;12;5;0
64;255;0;9;12;10;0
65;267;0;12;14;12;0
66;282;0;11;14;12;1
67;296;0;11;14;12;1
68;310;0;11;14;12;0
69;324;0;11;15;12;0
70;338;0;9;14;9;0
71;350;0;11;14;12;1
72;364;0;10;14;12;1
73;377;0;2;14;4;1
74;382;0;8;14;8;0
75;393;0;10;14;11;1
76;406;0;9;14;9;0
77;418;0;11;14;12;1
78;432;0;9;14;11;1
79;444;0;12;14;14;1
80;459;0;8;15;8;0
81;470;0;14;15;13;1
82;487;0;8;14;9;1
83;498;0;11;14;12;0
84;512;0;11;14;11;0
85;526;0;10;14;12;1
86;539;0;9;14;9;0
87;551;0;12;14;13;0
88;566;0;9;14;9;0
89;578;0;10;14;10;0
90;591;0;10;14;10;0
91;604;0;3;14;5;1
92;610;0;9;14;7;0
93;622;0;3;14;5;1
94;628;0;6;7;7;1
95;637;0;7;15;7;0
96;647;0;2;7;5;1
97;652;0;5;12;6;0
98;660;0;6;12;8;1
99;669;0;5;12;6;1
100;677;0;6;12;8;1
101;686;0;6;12;7;1
102;695;0;5;12;5;0
103;703;0;7;15;7;0
104;713;0;5;12;7;1
105;721;0;2;12;4;1
106;726;0;5;18;4;1
107;734;0;6;12;7;1
108;743;0;2;12;4;1
109;748;0;8;12;10;1
110;759;0;5;12;7;1
111;767;0;6;12;8;1
112;776;0;6;17;8;1
113;785;0;5;16;7;1
114;793;0;4;12;5;1
115;800;0;5;12;6;1
116;808;0;5;12;5;0
117;816;0;5;12;7;1
118;824;0;5;12;5;0
119;832;0;7;12;8;0
120;842;0;6;12;6;0
121;851;0;6;16;7;0
122;860;0;5;12;5;0
123;868;0;4;14;5;1
124;875;0;2;14;8;3
125;880;0;4;14;6;1
126;887;0;7;10;8;1
127;897;0;7;10;8;1
12593;907;0;6;11;12;1
12594;916;0;8;11;12;1
12595;927;0;9;11;12;1
12596;939;0;7;11;12;1
12597;949;0;9;11;12;1
12598;961;0;9;12;12;1
12599;973;0;6;11;12;1
12600;982;0;8;11;12;1
12601;993;0;7;11;12;1
12602;1003;0;9;11;12;1
12603;1015;0;9;12;12;1
12604;1027;0;9;11;12;1
12605;1039;0;9;11;12;1
12606;1051;0;9;11;12;1
12607;1063;0;10;11;12;1
12608;1076;0;9;12;12;1
12609;1088;0;6;11;12;1
12610;1097;0;7;13;12;1
12611;1107;0;8;12;12;1
12612;1118;0;10;12;12;1
12613;1131;0;8;11;12;1
12614;1142;0;9;11;12;1
12615;1154;0;7;11;12;1
12616;1164;0;7;11;12;1
12617;1174;0;9;11;12;1
12618;1186;0;7;13;12;1
12619;1196;0;6;11;12;1
12620;1205;0;7;12;12;1
12621;1215;0;7;11;12;1
12622;1225;0;8;12;12;1
12623;1236;0;5;15;12;1
12624;1244;0;5;15;12;1
12625;1252;0;5;15;12;1
12626;1260;0;5;15;12;1
12627;1268;0;4;15;12;1
12628;1275;0;6;15;12;1
12629;1284;0;4;15;12;1
12630;1291;0;6;15;12;1
12631;1300;0;9;10;12;1
12632;1312;0;10;15;12;1
12633;1325;0;9;15;12;1
12634;1337;0;8;15;12;1
12635;1348;0;10;10;12;1
12636;1361;0;9;11;12;2
12637;1373;0;9;15;12;1
12638;1385;0;10;15;12;1
12639;1398;0;9;15;12;1
12640;1410;0;10;11;12;1
12641;1423;0;10;6;12;1
12642;1436;0;8;15;12;1
12643;1447;0;2;15;12;1
44032;1452;0;11;16;12;1
44033;1466;0;11;16;12;1
44036;1480;0;11;16;12;1
44039;1494;0;11;16;12;1
44040;1508;0;11;16;12;1
44041;1522;0;11;16;12;1
44042;1536;0;11;16;12;1
44048;1550;0;11;16;12;1
44049;1564;0;11;16;12;1
44050;1578;0;11;16;12;1
44051;1592;0;11;16;12;1
44052;1606;0;11;16;12;1
44053;1620;0;11;16;12;1
44054;1634;0;11;16;12;1
44055;1648;0;11;16;12;1
44057;1662;0;11;16;12;1
44058;1676;0;11;16;12;1
44059;1690;0;11;16;12;1
44060;1704;0;9;16;12;1
44061;1716;0;9;16;12;1
44064;1728;0;9;16;12;1
44068;1740;0;9;16;12;1
44076;1752;0;9;16;12;1
44077;1764;0;9;16;12;1
44079;1776;0;9;16;12;1
44080;1788;0;10;16;12;1
44081;1801;0;9;16;12;1
44088;1813;0;11;16;12;1
44089;1827;0;11;16;12;1
44092;1841;0;11;16;12;1
44096;1855;0;11;16;12;1
44107;1869;0;11;16;12;1
44109;1883;0;11;16;12;1
44116;1897;0;9;16;12;1
44120;1909;0;9;16;12;1
44124;1921;0;9;16;12;1
44144;1933;0;9;16;12;1
44145;1945;0;9;16;12;1
44148;1957;0;9;16;12;1
44151;1969;0;9;16;12;1
44152;1981;0;9;16;12;1
44154;1993;0;9;16;12;1
44160;0;28;9;16;12;1
44161;12;28;9;16;12;1
44163;24;28;9;16;12;1
44164;36;28;10;16;12;1
44165;49;28;9;16;12;1
44166;61;28;9;16;12;1
44169;73;28;9;16;12;1
44170;85;28;10;16;12;1
44171;98;28;9;16;12;1
44172;110;28;9;16;12;1
44176;122;28;9;16;12;1
44180;134;28;9;16;12;1
44188;146;28;9;16;12;1
44189;158;28;9;16;12;1
44191;170;28;9;16;12;1
44192;182;28;10;16;12;1
44193;195;28;9;16;12;1
44200;207;28;9;16;12;1
44201;219;28;9;16;12;1
44202;231;28;9;16;12;1
44204;243;28;9;16;12;1
44207;255;28;9;16;12;1
44208;267;28;9;16;12;1
44216;279;28;9;16;12;1
44217;291;28;9;16;12;1
44219;303;28;9;16;12;1
44220;315;28;10;16;12;1
44221;328;28;9;16;12;1
44225;340;28;9;16;12;1
44228;352;28;9;16;12;1
44232;364;28;9;16;12;1
44236;376;28;9;16;12;1
44245;388;28;9;16;12;1
44247;400;28;9;16;12;1
44256;412;28;11;14;12;1
44257;426;28;11;16;12;1
44260;440;28;11;16;12;1
44263;454;28;11;16;12;1
44264;468;28;11;16;12;1
44266;482;28;11;16;12;1
44268;496;28;11;16;12;1
44271;510;28;11;16;12;1
44272;524;28;11;16;12;1
44273;538;28;11;16;12;1
44275;552;28;11;16;12;1
44277;566;28;11;16;12;1
44278;580;28;11;16;12;1
44284;594;28;11;16;12;1
44285;608;28;11;16;12;1
44288;622;28;11;16;12;1
44292;636;28;11;16;12;1
44294;650;28;11;16;12;1
44300;664;28;11;16;12;1
44301;678;28;11;16;12;1
44303;692;28;11;16;12;1
44305;706;28;11;16;12;1
44312;720;28;9;16;12;1
44316;732;28;9;16;12;1
44320;744;28;9;16;12;1
44329;756;28;9;16;12;1
44332;768;28;10;16;12;1
44333;781;28;9;16;12;1
44340;793;28;9;16;12;1
44341;805;28;9;16;12;1
44344;817;28;9;16;12;1
44348;829;28;9;16;12;1
44356;841;28;9;16;12;1
44357;853;28;9;16;12;1
44359;865;28;9;16;12;1
44361;877;28;9;16;12;1
44368;889;28;11;14;12;1
44372;903;28;11;16;12;1
44376;917;28;11;16;12;1
44385;931;28;11;16;12;1
44387;945;28;11;16;12;1
44396;959;28;11;16;12;1
44397;973;28;11;16;12;1
44400;987;28;11;16;12;1
44403;1001;28;11;16;12;1
44404;1015;28;11;16;12;1
44405;1029;28;11;16;12;1
44406;1043;28;11;16;12;1
44411;1057;28;11;16;12;1
44412;1071;28;11;16;12;1
44413;1085;28;11;16;12;1
44415;1099;28;11;16;12;1
44417;1113;28;11;16;12;1
44418;1127;28;11;16;12;1
44424;1141;28;9;16;12;1
44425;1153;28;9;16;12;1
44428;1165;28;9;16;12;1
44432;1177;28;9;16;12;1
44444;1189;28;10;16;12;1
44445;1202;28;9;16;12;1
44452;1214;28;9;16;12;1
44471;1226;28;9;16;12;1
44480;1238;28;9;16;12;1
44481;1250;28;9;16;12;1
44484;1262;28;9;16;12;1
44488;1274;28;9;16;12;1
44496;1286;28;9;16;12;1
44497;1298;28;9;16;12;1
44499;1310;28;9;16;12;1
44508;1322;28;11;16;12;1
44512;1336;28;11;16;12;1
44516;1350;28;11;16;12;1
44536;1364;28;11;14;12;1
44537;1378;28;11;16;12;1
44540;1392;28;11;16;12;1
44543;1406;28;11;16;12;1
44544;1420;28;11;16;12;1
44545;1434;28;11;16;12;1
44552;1448;28;11;16;12;1
44553;1462;28;11;16;12;1
44555;1476;28;11;16;12;1
44557;1490;28;11;16;12;1
44564;1504;28;9;16;12;1
44592;1516;28;9;16;12;1
44593;1528;28;9;16;12;1
44596;1540;28;9;16;12;1
44599;1552;28;9;16;12;1
44600;1564;28;9;16;12;1
44602;1576;28;9;16;12;1
44608;1588;28;9;16;12;1
44609;1600;28;9;16;12;1
44611;1612;28;9;16;12;1
44613;1624;28;9;16;12;1
44614;1636;28;9;16;12;1
44618;1648;28;10;16;12;1
44620;1661;28;11;16;12;1
44621;1675;28;11;16;12;1
44622;1689;28;11;16;12;1
44624;1703;28;11;16;12;1
44628;1717;28;11;16;12;1
44630;1731;28;11;16;12;1
44636;1745;28;11;16;12;1
44637;1759;28;11;16;12;1
44639;1773;28;11;16;12;1
44640;1787;28;11;16;12;1
44641;1801;28;11;16;12;1
44645;1815;28;11;16;12;1
44648;1829;28;9;16;12;1
44649;1841;28;9;16;12;1
44652;1853;28;10;16;12;1
44656;1866;28;9;16;12;1
44664;1878;28;9;16;12;1
44665;1890;28;9;16;12;1
44667;1902;28;9;16;12;1
44668;1914;28;10;16;12;1
44669;1927;28;9;16;12;1
44676;1939;28;11;16;12;1
44677;1953;28;11;16;12;1
44684;1967;28;11;16;12;1
44732;1981;28;9;16;12;1
44733;1993;28;9;16;12;1
44734;0;54;9;16;12;1
44736;12;54;9;16;12;1
44740;24;54;9;16;12;1
44748;36;54;9;16;12;1
44749;48;54;9;16;12;1
44751;60;54;9;16;12;1
44752;72;54;10;16;12;1
44753;85;54;9;16;12;1
44760;97;54;9;16;12;1
44761;109;54;9;16;12;1
44764;121;54;9;16;12;1
44776;133;54;9;16;12;1
44779;145;54;9;16;12;1
44781;157;54;9;16;12;1
44788;169;54;9;16;12;1
44792;181;54;9;16;12;1
44796;193;54;9;16;12;1
44807;205;54;9;16;12;1
44808;217;54;10;16;12;1
44813;230;54;9;16;12;1
44816;242;54;9;16;12;1
44844;254;54;11;14;12;1
44845;268;54;11;16;12;1
44848;282;54;11;16;12;1
44850;296;54;11;16;12;1
44852;310;54;11;16;12;1
44860;324;54;11;16;12;1
44861;338;54;11;16;12;1
44863;352;54;11;16;12;1
44865;366;54;11;16;12;1
44866;380;54;11;16;12;1
44867;394;54;11;16;12;1
44872;408;54;11;16;12;1
44873;422;54;11;16;12;1
44880;436;54;11;16;12;1
44892;450;54;11;16;12;1
44893;464;54;11;16;12;1
44900;478;54;9;16;12;1
44901;490;54;9;16;12;1
44921;502;54;9;16;12;1
44928;514;54;9;16;12;1
44932;526;54;9;16;12;1
44936;538;54;9;16;12;1
44944;550;54;9;16;12;1
44945;562;54;9;16;12;1
44949;574;54;9;16;12;1
44956;586;54;11;14;12;1
44984;600;54;11;16;12;1
44985;614;54;11;16;12;1
44988;628;54;11;16;12;1
44992;642;54;11;16;12;1
44999;656;54;11;16;12;1
45000;670;54;11;16;12;1
45001;684;54;11;16;12;1
45003;698;54;11;16;12;1
45005;712;54;11;16;12;1
45006;726;54;11;16;12;1
45012;740;54;9;16;12;1
45020;752;54;9;16;12;1
45032;764;54;10;16;12;1
45033;777;54;9;16;12;1
45040;789;54;9;16;12;1
45041;801;54;9;16;12;1
45044;813;54;9;16;12;1
45048;825;54;9;16;12;1
45056;837;54;9;16;12;1
45057;849;54;9;16;12;1
45060;861;54;10;16;12;1
45068;874;54;9;16;12;1
45072;886;54;9;16;12;1
45076;898;54;9;16;12;1
45084;910;54;9;16;12;1
45085;922;54;9;16;12;1
45096;934;54;11;16;12;1
45124;948;54;11;14;12;1
45125;962;54;11;16;12;1
45128;976;54;11;16;12;1
45130;990;54;11;16;12;1
45132;1004;54;11;16;12;1
45134;1018;54;11;16;12;1
45139;1032;54;11;16;12;1
45140;1046;54;11;16;12;1
45141;1060;54;11;16;12;1
45143;1074;54;11;16;12;1
45145;1088;54;11;16;12;1
45149;1102;54;11;16;12;1
45180;1116;54;9;16;12;1
45181;1128;54;9;16;12;1
45184;1140;54;9;16;12;1
45188;1152;54;9;16;12;1
45196;1164;54;9;16;12;1
45197;1176;54;9;16;12;1
45199;1188;54;9;16;12;1
45201;1200;54;9;16;12;1
45208;1212;54;11;16;12;1
45209;1226;54;10;16;12;1
45210;1239;54;10;16;12;1
45212;1252;54;10;16;12;1
45215;1265;54;10;16;12;1
45216;1278;54;10;16;12;1
45217;1291;54;10;16;12;1
45218;1304;54;10;16;12;1
45224;1317;54;10;16;12;1
45225;1330;54;10;16;12;1
45227;1343;54;10;16;12;1
45228;1356;54;10;16;12;1
45229;1369;54;10;16;12;1
45230;1382;54;10;16;12;1
45231;1395;54;10;16;12;1
45233;1408;54;10;16;12;1
45235;1421;54;10;16;12;1
45236;1434;54;9;16;12;1
45237;1446;54;9;16;12;1
45240;1458;54;9;16;12;1
45244;1470;54;9;16;12;1
45252;1482;54;9;16;12;1
45253;1494;54;9;16;12;1
45255;1506;54;9;16;12;1
45256;1518;54;10;16;12;1
45257;1531;54;9;16;12;1
45264;1543;54;11;16;12;1
45265;1557;54;10;16;12;1
45268;1570;54;10;16;12;1
45272;1583;54;10;16;12;1
45280;1596;54;10;16;12;1
45285;1609;54;10;16;12;1
45320;1622;54;9;16;12;1
45321;1634;54;9;16;12;1
45323;1646;54;10;16;12;1
45324;1659;54;9;16;12;1
45328;1671;54;9;16;12;1
45330;1683;54;9;16;12;1
45331;1695;54;9;16;12;1
45336;1707;54;9;16;12;1
45337;1719;54;9;16;12;1
45339;1731;54;9;16;12;1
45340;1743;54;10;16;12;1
45341;1756;54;9;16;12;1
45347;1768;54;9;16;12;1
45348;1780;54;9;16;12;1
45349;1792;54;9;16;12;1
45352;1804;54;9;16;12;1
45356;1816;54;9;16;12;1
45364;1828;54;9;16;12;1
45365;1840;54;9;16;12;1
45367;1852;54;9;16;12;1
45368;1864;54;10;16;12;1
45369;1877;54;9;16;12;1
45376;1889;54;9;16;12;1
45377;1901;54;9;16;12;1
45380;1913;54;9;16;12;1
45384;1925;54;9;16;12;1
45392;1937;54;9;16;12;1
45393;1949;54;9;16;12;1
45396;1961;54;10;16;12;1
45397;1974;54;9;16;12;1
45400;1986;54;9;16;12;1
45404;1998;54;9;16;12;1
45408;0;80;9;16;12;1
45432;12;80;11;14;12;1
45433;26;80;11;16;12;1
45436;40;80;11;16;12;1
45440;54;80;11;16;12;1
45442;68;80;11;16;12;1
45448;82;80;11;16;12;1
45449;96;80;11;16;12;1
45451;110;80;11;16;12;1
45453;124;80;11;16;12;1
45458;138;80;11;16;12;1
45459;152;80;11;16;12;1
45460;166;80;11;16;12;1
45464;180;80;11;16;12;1
45468;194;80;11;16;12;1
45480;208;80;11;16;12;1
45516;222;80;9;16;12;1
45520;234;80;9;16;12;1
45524;246;80;9;16;12;1
45532;258;80;9;16;12;1
45533;270;80;9;16;12;1
45535;282;80;9;16;12;1
45544;294;80;11;14;12;1
45545;308;80;11;16;12;1
45548;322;80;11;16;12;1
45552;336;80;11;16;12;1
45561;350;80;11;16;12;1
45563;364;80;11;16;12;1
45565;378;80;11;16;12;1
45572;392;80;11;16;12;1
45573;406;80;11;16;12;1
45576;420;80;11;16;12;1
45579;434;80;11;16;12;1
45580;448;80;11;16;12;1
45588;462;80;11;16;12;1
45589;476;80;11;16;12;1
45591;490;80;11;16;12;1
45593;504;80;11;16;12;1
45600;518;80;9;16;12;1
45620;530;80;10;16;12;1
45628;543;80;9;16;12;1
45656;555;80;9;16;12;1
45660;567;80;9;16;12;1
45664;579;80;9;16;12;1
45672;591;80;9;16;12;1
45673;603;80;9;16;12;1
45684;615;80;11;16;12;1
45685;629;80;11;16;12;1
45692;643;80;11;16;12;1
45700;657;80;11;16;12;1
45701;671;80;11;16;12;1
45705;685;80;11;16;12;1
45712;699;80;11;14;12;1
45713;713;80;11;16;12;1
45716;727;80;11;16;12;1
45720;741;80;11;16;12;1
45721;755;80;11;16;12;1
45722;769;80;11;16;12;1
45728;783;80;11;16;12;1
45729;797;80;11;16;12;1
45731;811;80;11;16;12;1
45733;825;80;11;16;12;1
45734;839;80;11;16;12;1
45738;853;80;11;16;12;1
45740;867;80;9;16;12;1
45744;879;80;9;16;12;1
45748;891;80;9;16;12;1
45768;903;80;9;16;12;1
45769;915;80;8;16;12;1
45772;926;80;8;16;12;1
45776;937;80;8;16;12;1
45778;948;80;8;16;12;1
45784;959;80;8;16;12;1
45785;970;80;8;16;12;1
45787;981;80;8;16;12;1
45789;992;80;8;16;12;1
45794;1003;80;9;16;12;1
45796;1015;80;11;16;12;1
45797;1029;80;10;16;12;1
45798;1042;80;10;16;12;1
45800;1055;80;10;16;12;1
45803;1068;80;10;16;12;1
45804;1081;80;10;16;12;1
45805;1094;80;10;16;12;1
45806;1107;80;10;16;12;1
45807;1120;80;10;16;12;1
45811;1133;80;10;16;12;1
45812;1146;80;10;16;12;1
45813;1159;80;10;16;12;1
45815;1172;80;10;16;12;1
45816;1185;80;10;16;12;1
45817;1198;80;10;16;12;1
45818;1211;80;10;16;12;1
45819;1224;80;10;16;12;1
45823;1237;80;10;16;12;1
45824;1250;80;9;16;12;1
45825;1262;80;9;16;12;1
45828;1274;80;9;16;12;1
45832;1286;80;9;16;12;1
45840;1298;80;9;16;12;1
45841;1310;80;9;16;12;1
45843;1322;80;9;16;12;1
45844;1334;80;10;16;12;1
45845;1347;80;9;16;12;1
45852;1359;80;11;16;12;1
45908;1373;80;9;16;12;1
45909;1385;80;9;16;12;1
45910;1397;80;9;16;12;1
45912;1409;80;8;16;12;1
45915;1420;80;9;16;12;1
45916;1432;80;9;16;12;1
45918;1444;80;9;16;12;1
45919;1456;80;9;16;12;1
45924;1468;80;9;16;12;1
45925;1480;80;9;16;12;1
45927;1492;80;9;16;12;1
45929;1504;80;9;16;12;1
45931;1516;80;9;16;12;1
45934;1528;80;10;16;12;1
45936;1541;80;9;16;12;1
45937;1553;80;9;16;12;1
45940;1565;80;9;16;12;1
45944;1577;80;9;16;12;1
45952;1589;80;9;16;12;1
45953;1601;80;9;16;12;1
45955;1613;80;9;16;12;1
45956;1625;80;10;16;12;1
45957;1638;80;9;16;12;1
45964;1650;80;9;16;12;1
45968;1662;80;8;16;12;1
45972;1673;80;9;16;12;1
45984;1685;80;10;16;12;1
45985;1698;80;9;16;12;1
45992;1710;80;9;16;12;1
45996;1722;80;9;16;12;1
46020;1734;80;11;14;12;1
46021;1748;80;11;16;12;1
46024;1762;80;11;16;12;1
46027;1776;80;11;16;12;1
46028;1790;80;11;16;12;1
46030;1804;80;11;16;12;1
46032;1818;80;11;16;12;1
46036;1832;80;11;16;12;1
46037;1846;80;11;16;12;1
46039;1860;80;11;16;12;1
46041;1874;80;11;16;12;1
46043;1888;80;11;16;12;1
46045;1902;80;11;16;12;1
46048;1916;80;11;16;12;1
46052;1930;80;11;16;12;1
46056;1944;80;11;16;12;1
46076;1958;80;9;16;12;1
46096;1970;80;10;16;12;1
46104;1983;80;9;16;12;1
46108;1995;80;9;16;12;1
46112;0;106;9;16;12;1
46120;12;106;9;16;12;1
46121;24;106;9;16;12;1
46123;36;106;9;16;12;1
46132;48;106;11;14;12;1
46160;62;106;11;15;12;1
46161;76;106;11;16;12;1
46164;90;106;11;16;12;1
46168;104;106;11;16;12;1
46176;118;106;11;16;12;1
46177;132;106;11;16;12;1
46179;146;106;11;16;12;1
46181;160;106;11;16;12;1
46188;174;106;9;16;12;1
46208;186;106;10;16;12;1
46216;199;106;9;16;12;1
46237;211;106;9;16;12;1
46244;223;106;9;16;12;1
46248;235;106;9;16;12;1
46252;247;106;9;16;12;1
46261;259;106;9;16;12;1
46263;271;106;9;16;12;1
46265;283;106;9;16;12;1
46272;295;106;11;15;12;1
46276;309;106;11;16;12;1
46280;323;106;11;16;12;1
46288;337;106;11;16;12;1
46293;351;106;11;16;12;1
46300;365;106;11;14;12;1
46301;379;106;11;16;12;1
46304;393;106;11;16;12;1
46307;407;106;11;16;12;1
46308;421;106;11;16;12;1
46310;435;106;11;16;12;1
46316;449;106;11;16;12;1
46317;463;106;11;16;12;1
46319;477;106;11;16;12;1
46321;491;106;11;16;12;1
46328;505;106;9;16;12;1
46356;517;106;9;16;12;1
46357;529;106;8;16;12;1
46360;540;106;8;16;12;1
46363;551;106;8;16;12;1
46364;562;106;8;16;12;1
46372;573;106;8;16;12;1
46373;584;106;8;16;12;1
46375;595;106;8;16;12;1
46376;606;106;9;16;12;1
46377;618;106;8;16;12;1
46378;629;106;8;16;12;1
46384;640;106;11;16;12;1
46385;654;106;11;16;12;1
46388;668;106;11;16;12;1
46392;682;106;11;16;12;1
46400;696;106;11;16;12;1
46401;710;106;11;16;12;1
46403;724;106;11;16;12;1
46404;738;106;11;16;12;1
46405;752;106;11;16;12;1
46411;766;106;11;16;12;1
46412;780;106;9;16;12;1
46413;792;106;9;16;12;1
46416;804;106;9;16;12;1
46420;816;106;9;16;12;1
46428;828;106;9;16;12;1
46429;840;106;9;16;12;1
46431;852;106;9;16;12;1
46432;864;106;10;16;12;1
46433;877;106;9;16;12;1
46496;889;106;9;16;12;1
46497;901;106;9;16;12;1
46500;913;106;9;16;12;1
46504;925;106;9;16;12;1
46506;937;106;9;16;12;1
46507;949;106;9;16;12;1
46512;961;106;9;16;12;1
46513;973;106;9;16;12;1
46515;985;106;9;16;12;1
46516;997;106;10;16;12;1
46517;1010;106;9;16;12;1
46523;1022;106;9;16;12;1
46524;1034;106;9;16;12;1
46525;1046;106;9;16;12;1
46528;1058;106;9;16;12;1
46532;1070;106;9;16;12;1
46540;1082;106;9;16;12;1
46541;1094;106;9;16;12;1
46543;1106;106;9;16;12;1
46544;1118;106;10;16;12;1
46545;1131;106;9;16;12;1
46552;1143;106;9;16;12;1
46572;1155;106;10;16;12;1
46608;1168;106;11;14;12;1
46609;1182;106;11;16;12;1
46612;1196;106;11;16;12;1
46616;1210;106;11;16;12;1
46629;1224;106;11;16;12;1
46636;1238;106;11;16;12;1
46644;1252;106;11;16;12;1
46664;1266;106;9;16;12;1
46692;1278;106;9;16;12;1
46696;1290;106;9;16;12;1
46748;1302;106;11;15;12;1
46749;1316;106;11;16;12;1
46752;1330;106;11;16;12;1
46756;1344;106;11;16;12;1
46763;1358;106;11;16;12;1
46764;1372;106;11;16;12;1
46769;1386;106;11;16;12;1
46804;1400;106;9;16;12;1
46832;1412;106;9;16;12;1
46836;1424;106;9;16;12;1
46840;1436;106;9;16;12;1
46848;1448;106;9;16;12;1
46849;1460;106;9;16;12;1
46853;1472;106;9;16;12;1
46888;1484;106;11;14;12;1
46889;1498;106;11;16;12;1
46892;1512;106;11;16;12;1
46895;1526;106;11;16;12;1
46896;1540;106;11;16;12;1
46904;1554;106;11;16;12;1
46905;1568;106;11;16;12;1
46907;1582;106;11;16;12;1
46916;1596;106;9;16;12;1
46920;1608;106;9;16;12;1
46924;1620;106;9;16;12;1
46932;1632;106;9;16;12;1
46933;1644;106;9;16;12;1
46944;1656;106;9;16;12;1
46948;1668;106;9;16;12;1
46952;1680;106;9;16;12;1
46960;1692;106;9;16;12;1
46961;1704;106;9;16;12;1
46963;1716;106;9;16;12;1
46965;1728;106;9;16;12;1
46972;1740;106;11;16;12;1
46973;1754;106;11;16;12;1
46976;1768;106;11;16;12;1
46980;1782;106;11;16;12;1
46988;1796;106;11;16;12;1
46989;1810;106;11;16;12;1
46991;1824;106;11;16;12;1
46992;1838;106;11;16;12;1
46993;1852;106;11;16;12;1
46994;1866;106;11;16;12;1
46998;1880;106;11;16;12;1
46999;1894;106;11;16;12;1
47000;1908;106;9;16;12;1
47001;1920;106;9;16;12;1
47004;1932;106;9;16;12;1
47008;1944;106;9;16;12;1
47016;1956;106;9;16;12;1
47017;1968;106;9;16;12;1
47019;1980;106;9;16;12;1
47020;1992;106;10;16;12;1
47021;0;132;9;16;12;1
47028;12;132;11;16;12;1
47029;26;132;11;16;12;1
47032;40;132;11;16;12;1
47047;54;132;11;16;12;1
47049;68;132;11;16;12;1
47084;82;132;9;16;12;1
47085;94;132;9;16;12;1
47088;106;132;9;16;12;1
47092;118;132;9;16;12;1
47100;130;132;9;16;12;1
47101;142;132;9;16;12;1
47103;154;132;9;16;12;1
47104;166;132;10;16;12;1
47105;179;132;9;16;12;1
47111;191;132;9;16;12;1
47112;203;132;9;16;12;1
47113;215;132;9;16;12;1
47116;227;132;9;16;12;1
47120;239;132;9;16;12;1
47128;251;132;9;16;12;1
47129;263;132;9;16;12;1
47131;275;132;9;16;12;1
47133;287;132;9;16;12;1
47140;299;132;9;16;12;1
47141;311;132;9;16;12;1
47144;323;132;9;16;12;1
47148;335;132;9;16;12;1
47156;347;132;9;16;12;1
47157;359;132;9;16;12;1
47159;371;132;9;16;12;1
47160;383;132;10;16;12;1
47161;396;132;9;16;12;1
47168;408;132;9;16;12;1
47172;420;132;9;16;12;1
47185;432;132;9;16;12;1
47187;444;132;9;16;12;1
47196;456;132;11;14;12;1
47197;470;132;11;16;12;1
47200;484;132;11;16;12;1
47204;498;132;11;16;12;1
47212;512;132;11;16;12;1
47213;526;132;11;16;12;1
47215;540;132;11;16;12;1
47217;554;132;11;16;12;1
47224;568;132;11;16;12;1
47228;582;132;11;16;12;1
47245;596;132;11;16;12;1
47272;610;132;10;16;12;1
47280;623;132;9;16;12;1
47284;635;132;9;16;12;1
47288;647;132;9;16;12;1
47296;659;132;9;16;12;1
47297;671;132;9;16;12;1
47299;683;132;9;16;12;1
47301;695;132;9;16;12;1
47308;707;132;11;14;12;1
47312;721;132;11;16;12;1
47316;735;132;11;16;12;1
47325;749;132;11;16;12;1
47327;763;132;11;16;12;1
47329;777;132;11;16;12;1
47336;791;132;11;16;12;1
47337;805;132;11;16;12;1
47340;819;132;11;16;12;1
47344;833;132;11;16;12;1
47352;847;132;11;16;12;1
47353;861;132;11;16;12;1
47355;875;132;11;16;12;1
47357;889;132;11;16;12;1
47364;903;132;9;16;12;1
47384;915;132;10;16;12;1
47392;928;132;9;16;12;1
47420;940;132;9;16;12;1
47421;952;132;9;16;12;1
47424;964;132;9;16;12;1
47428;976;132;9;16;12;1
47436;988;132;9;16;12;1
47439;1000;132;9;16;12;1
47441;1012;132;9;16;12;1
47448;1024;132;11;16;12;1
47449;1038;132;11;16;12;1
47452;1052;132;11;16;12;1
47456;1066;132;11;16;12;1
47464;1080;132;11;16;12;1
47465;1094;132;11;16;12;1
47467;1108;132;11;16;12;1
47469;1122;132;11;16;12;1
47476;1136;132;11;14;12;1
47477;1150;132;11;16;12;1
47480;1164;132;11;16;12;1
47484;1178;132;11;16;12;1
47492;1192;132;11;16;12;1
47493;1206;132;11;16;12;1
47495;1220;132;11;16;12;1
47497;1234;132;11;16;12;1
47498;1248;132;11;16;12;1
47501;1262;132;11;16;12;1
47502;1276;132;11;16;12;1
47532;1290;132;9;16;12;1
47533;1302;132;9;16;12;1
47536;1314;132;9;16;12;1
47540;1326;132;9;16;12;1
47548;1338;132;9;16;12;1
47549;1350;132;9;16;12;1
47551;1362;132;9;16;12;1
47553;1374;132;9;16;12;1
47560;1386;132;11;16;12;1
47561;1400;132;11;16;12;1
47564;1414;132;11;16;12;1
47566;1428;132;11;16;12;1
47567;1442;132;11;16;12;1
47568;1456;132;11;16;12;1
47569;1470;132;11;16;12;1
47570;1484;132;11;16;12;1
47576;1498;132;11;16;12;1
47577;1512;132;11;16;12;1
47579;1526;132;11;16;12;1
47581;1540;132;11;16;12;1
47582;1554;132;11;16;12;1
47585;1568;132;11;16;12;1
47587;1582;132;11;16;12;1
47588;1596;132;9;16;12;1
47589;1608;132;9;16;12;1
47592;1620;132;9;16;12;1
47596;1632;132;9;16;12;1
47604;1644;132;9;16;12;1
47605;1656;132;9;16;12;1
47607;1668;132;9;16;12;1
47608;1680;132;10;16;12;1
47609;1693;132;9;16;12;1
47610;1705;132;9;16;12;1
47616;1717;132;11;16;12;1
47617;1731;132;11;16;12;1
47624;1745;132;11;16;12;1
47637;1759;132;11;16;12;1
47672;1773;132;9;16;12;1
47673;1785;132;9;16;12;1
47676;1797;132;9;16;12;1
47680;1809;132;9;16;12;1
47682;1821;132;9;16;12;1
47688;1833;132;9;16;12;1
47689;1845;132;9;16;12;1
47691;1857;132;9;16;12;1
47693;1869;132;9;16;12;1
47694;1881;132;9;16;12;1
47699;1893;132;9;16;12;1
47700;1905;132;9;16;12;1
47701;1917;132;9;16;12;1
47704;1929;132;9;16;12;1
47708;1941;132;9;16;12;1
47716;1953;132;9;16;12;1
47717;1965;132;9;16;12;1
47719;1977;132;9;16;12;1
47720;1989;132;10;16;12;1
47721;0;158;9;16;12;1
47728;12;158;9;16;12;1
47729;24;158;9;16;12;1
47732;36;158;9;16;12;1
47736;48;158;9;16;12;1
47747;60;158;9;16;12;1
47748;72;158;10;16;12;1
47749;85;158;9;16;12;1
47751;97;158;9;16;12;1
47756;109;158;9;16;12;1
47784;121;158;11;14;12;1
47785;135;158;11;16;12;1
47787;149;158;11;16;12;1
47788;163;158;11;16;12;1
47792;177;158;11;16;12;1
47794;191;158;11;16;12;1
47800;205;158;11;16;12;1
47801;219;158;11;16;12;1
47803;233;158;11;16;12;1
47805;247;158;11;16;12;1
47812;261;158;11;16;12;1
47816;275;158;11;16;12;1
47832;289;158;11;16;12;1
47833;303;158;11;16;12;1
47868;317;158;9;16;12;1
47872;329;158;9;16;12;1
47876;341;158;9;16;12;1
47885;353;158;9;16;12;1
47887;365;158;9;16;12;1
47889;377;158;9;16;12;1
47896;389;158;11;14;12;1
47900;403;158;11;16;12;1
47904;417;158;11;16;12;1
47913;431;158;11;16;12;1
47915;445;158;11;16;12;1
47924;459;158;11;15;12;1
47925;473;158;11;16;12;1
47926;487;158;11;16;12;1
47928;501;158;11;16;12;1
47931;515;158;11;16;12;1
47932;529;158;11;16;12;1
47933;543;158;11;16;12;1
47934;557;158;11;16;12;1
47940;571;158;11;16;12;1
47941;585;158;11;16;12;1
47943;599;158;11;16;12;1
47945;613;158;11;16;12;1
47949;627;158;11;16;12;1
47951;641;158;11;16;12;1
47952;655;158;9;16;12;1
47956;667;158;9;16;12;1
47960;679;158;9;16;12;1
47969;691;158;9;16;12;1
47971;703;158;9;16;12;1
47980;715;158;9;16;12;1
48008;727;158;9;16;12;1
48012;739;158;9;16;12;1
48016;751;158;9;16;12;1
48036;763;158;11;15;12;1
48040;777;158;11;16;12;1
48044;791;158;11;16;12;1
48052;805;158;11;16;12;1
48055;819;158;11;16;12;1
48064;833;158;11;14;12;1
48068;847;158;11;16;12;1
48072;861;158;11;16;12;1
48080;875;158;11;16;12;1
48083;889;158;11;16;12;1
48120;903;158;9;16;12;1
48121;915;158;9;16;12;1
48124;927;158;9;16;12;1
48127;939;158;9;16;12;1
48128;951;158;9;16;12;1
48130;963;158;9;16;12;1
48136;975;158;9;16;12;1
48137;987;158;9;16;12;1
48139;999;158;9;16;12;1
48140;1011;158;10;16;12;1
48141;1024;158;9;16;12;1
48143;1036;158;9;16;12;1
48145;1048;158;9;16;12;1
48148;1060;158;11;16;12;1
48149;1074;158;11;16;12;1
48150;1088;158;11;16;12;1
48151;1102;158;11;16;12;1
48152;1116;158;11;16;12;1
48155;1130;158;11;16;12;1
48156;1144;158;11;16;12;1
48157;1158;158;11;16;12;1
48158;1172;158;11;16;12;1
48159;1186;158;11;16;12;1
48164;1200;158;11;16;12;1
48165;1214;158;11;16;12;1
48167;1228;158;11;16;12;1
48169;1242;158;11;16;12;1
48173;1256;158;11;16;12;1
48176;1270;158;9;16;12;1
48177;1282;158;9;16;12;1
48180;1294;158;9;16;12;1
48184;1306;158;9;16;12;1
48192;1318;158;9;16;12;1
48193;1330;158;9;16;12;1
48195;1342;158;9;16;12;1
48196;1354;158;10;16;12;1
48197;1367;158;9;16;12;1
48201;1379;158;9;16;12;1
48204;1391;158;11;16;12;1
48205;1405;158;11;16;12;1
48208;1419;158;11;16;12;1
48221;1433;158;11;16;12;1
48260;1447;158;9;16;12;1
48261;1459;158;9;16;12;1
48264;1471;158;9;16;12;1
48267;1483;158;9;16;12;1
48268;1495;158;9;16;12;1
48270;1507;158;9;16;12;1
48276;1519;158;9;16;12;1
48277;1531;158;9;16;12;1
48279;1543;158;9;16;12;1
48281;1555;158;9;16;12;1
48282;1567;158;9;16;12;1
48288;1579;158;9;16;12;1
48289;1591;158;9;16;12;1
48292;1603;158;9;16;12;1
48295;1615;158;9;16;12;1
48296;1627;158;9;16;12;1
48304;1639;158;9;16;12;1
48305;1651;158;9;16;12;1
48307;1663;158;9;16;12;1
48308;1675;158;10;16;12;1
48309;1688;158;9;16;12;1
48316;1700;158;9;16;12;1
48317;1712;158;9;16;12;1
48320;1724;158;9;16;12;1
48324;1736;158;9;16;12;1
48333;1748;158;9;16;12;1
48335;1760;158;9;16;12;1
48336;1772;158;10;16;12;1
48337;1785;158;9;16;12;1
48341;1797;158;9;16;12;1
48344;1809;158;9;16;12;1
48348;1821;158;9;16;12;1
48372;1833;158;11;14;12;1
48373;1847;158;11;16;12;1
48374;1861;158;11;16;12;1
48376;1875;158;11;16;12;1
48380;1889;158;11;16;12;1
48388;1903;158;11;16;12;1
48389;1917;158;11;16;12;1
48391;1931;158;11;16;12;1
48393;1945;158;11;16;12;1
48400;1959;158;11;16;12;1
48404;1973;158;11;16;12;1
48420;1987;158;11;16;12;1
48428;0;184;9;16;12;1
48448;12;184;10;16;12;1
48456;25;184;9;16;12;1
48457;37;184;9;16;12;1
48460;49;184;9;16;12;1
48464;61;184;9;16;12;1
48472;73;184;9;16;12;1
48473;85;184;9;16;12;1
48484;97;184;11;14;12;1
48488;111;184;11;16;12;1
48512;125;184;11;16;12;1
48513;139;184;11;16;12;1
48516;153;184;11;16;12;1
48519;167;184;11;16;12;1
48520;181;184;11;16;12;1
48521;195;184;11;16;12;1
48522;209;184;11;16;12;1
48528;223;184;11;16;12;1
48529;237;184;11;16;12;1
48531;251;184;11;16;12;1
48533;265;184;11;16;12;1
48537;279;184;11;16;12;1
48538;293;184;11;16;12;1
48540;307;184;9;16;12;1
48548;319;184;9;16;12;1
48560;331;184;10;16;12;1
48568;344;184;9;16;12;1
48596;356;184;9;16;12;1
48597;368;184;9;16;12;1
48600;380;184;9;16;12;1
48604;392;184;9;16;12;1
48617;404;184;9;16;12;1
48624;416;184;11;16;12;1
48628;430;184;11;16;12;1
48632;444;184;11;16;12;1
48640;458;184;11;16;12;1
48643;472;184;11;16;12;1
48645;486;184;11;16;12;1
48652;500;184;11;14;12;1
48653;514;184;11;16;12;1
48656;528;184;11;16;12;1
48660;542;184;11;16;12;1
48668;556;184;11;16;12;1
48669;570;184;11;16;12;1
48671;584;184;11;16;12;1
48708;598;184;9;16;12;1
48709;610;184;9;16;12;1
48712;622;184;9;16;12;1
48716;634;184;9;16;12;1
48718;646;184;9;16;12;1
48724;658;184;9;16;12;1
48725;670;184;9;16;12;1
48727;682;184;9;16;12;1
48729;694;184;9;16;12;1
48730;706;184;9;16;12;1
48731;718;184;9;16;12;1
48736;730;184;11;16;12;1
48737;744;184;11;16;12;1
48740;758;184;11;16;12;1
48744;772;184;11;16;12;1
48746;786;184;11;16;12;1
48752;800;184;11;16;12;1
48753;814;184;11;16;12;1
48755;828;184;11;16;12;1
48756;842;184;11;16;12;1
48757;856;184;11;16;12;1
48763;870;184;11;16;12;1
48764;884;184;9;16;12;1
48765;896;184;9;16;12;1
48768;908;184;9;16;12;1
48772;920;184;9;16;12;1
48780;932;184;9;16;12;1
48781;944;184;9;16;12;1
48783;956;184;9;16;12;1
48784;968;184;10;16;12;1
48785;981;184;9;16;12;1
48792;993;184;11;16;12;1
48793;1007;184;11;16;12;1
48808;1021;184;11;16;12;1
48848;1035;184;9;16;12;1
48849;1047;184;9;16;12;1
48852;1059;184;9;16;12;1
48855;1071;184;9;16;12;1
48856;1083;184;9;16;12;1
48864;1095;184;9;16;12;1
48867;1107;184;9;16;12;1
48868;1119;184;10;16;12;1
48869;1132;184;9;16;12;1
48876;1144;184;9;16;12;1
48897;1156;184;9;16;12;1
48904;1168;184;9;16;12;1
48905;1180;184;9;16;12;1
48920;1192;184;9;16;12;1
48921;1204;184;9;16;12;1
48923;1216;184;9;16;12;1
48924;1228;184;10;16;12;1
48925;1241;184;9;16;12;1
48960;1253;184;11;15;12;1
48961;1267;184;11;16;12;1
48964;1281;184;11;16;12;1
48968;1295;184;11;16;12;1
48976;1309;184;11;16;12;1
48977;1323;184;11;16;12;1
48981;1337;184;11;16;12;1
49044;1351;184;9;16;12;1
49072;1363;184;11;15;12;1
49093;1377;184;11;16;12;1
49100;1391;184;11;16;12;1
49101;1405;184;11;16;12;1
49104;1419;184;11;16;12;1
49108;1433;184;11;16;12;1
49116;1447;184;11;16;12;1
49119;1461;184;11;16;12;1
49121;1475;184;11;16;12;1
49212;1489;184;11;16;12;1
49233;1503;184;11;16;12;1
49240;1517;184;11;15;12;1
49244;1531;184;11;16;12;1
49248;1545;184;11;16;12;1
49256;1559;184;11;16;12;1
49257;1573;184;11;16;12;1
49296;1587;184;9;16;12;1
49297;1599;184;9;16;12;1
49300;1611;184;9;16;12;1
49304;1623;184;9;16;12;1
49312;1635;184;9;16;12;1
49313;1647;184;9;16;12;1
49315;1659;184;9;16;12;1
49317;1671;184;9;16;12;1
49324;1683;184;11;16;12;1
49325;1697;184;11;16;12;1
49327;1711;184;11;16;12;1
49328;1725;184;11;16;12;1
49331;1739;184;11;16;12;1
49332;1753;184;11;16;12;1
49333;1767;184;11;16;12;1
49334;1781;184;11;16;12;1
49340;1795;184;11;16;12;1
49341;1809;184;11;16;12;1
49343;1823;184;11;16;12;1
49344;1837;184;11;16;12;1
49345;1851;184;11;16;12;1
49349;1865;184;11;16;12;1
49352;1879;184;9;16;12;1
49353;1891;184;9;16;12;1
49356;1903;184;9;16;12;1
49360;1915;184;9;16;12;1
49368;1927;184;9;16;12;1
49369;1939;184;9;16;12;1
49371;1951;184;9;16;12;1
49372;1963;184;10;16;12;1
49373;1976;184;9;16;12;1
49380;1988;184;11;16;12;1
49381;0;210;11;16;12;1
49384;14;210;11;16;12;1
49388;28;210;11;16;12;1
49396;42;210;11;16;12;1
49397;56;210;11;16;12;1
49399;70;210;11;16;12;1
49401;84;210;11;16;12;1
49408;98;210;9;16;12;1
49412;110;210;9;16;12;1
49416;122;210;9;16;12;1
49424;134;210;9;16;12;1
49429;146;210;9;16;12;1
49436;158;210;9;16;12;1
49437;170;210;9;16;12;1
49438;182;210;9;16;12;1
49439;194;210;10;16;12;1
49440;207;210;9;16;12;1
49443;219;210;9;16;12;1
49444;231;210;9;16;12;1
49446;243;210;9;16;12;1
49447;255;210;9;16;12;1
49452;267;210;9;16;12;1
49453;279;210;9;16;12;1
49455;291;210;9;16;12;1
49456;303;210;10;16;12;1
49457;316;210;9;16;12;1
49462;328;210;10;16;12;1
49464;341;210;9;16;12;1
49465;353;210;9;16;12;1
49468;365;210;9;16;12;1
49472;377;210;9;16;12;1
49480;389;210;9;16;12;1
49481;401;210;9;16;12;1
49483;413;210;9;16;12;1
49484;425;210;10;16;12;1
49485;438;210;9;16;12;1
49492;450;210;9;16;12;1
49493;462;210;9;16;12;1
49496;474;210;9;16;12;1
49500;486;210;9;16;12;1
49508;498;210;9;16;12;1
49509;510;210;9;16;12;1
49511;522;210;9;16;12;1
49512;534;210;10;16;12;1
49513;547;210;9;16;12;1
49520;559;210;9;16;12;1
49524;571;210;9;16;12;1
49528;583;210;9;16;12;1
49541;595;210;9;16;12;1
49548;607;210;11;14;12;1
49549;621;210;11;16;12;1
49550;635;210;11;16;12;1
49552;649;210;11;16;12;1
49556;663;210;11;16;12;1
49558;677;210;11;16;12;1
49564;691;210;11;16;12;1
49565;705;210;11;16;12;1
49567;719;210;11;16;12;1
49569;733;210;11;16;12;1
49573;747;210;11;16;12;1
49576;761;210;11;16;12;1
49577;775;210;11;16;12;1
49580;789;210;11;16;12;1
49584;803;210;11;16;12;1
49597;817;210;11;16;12;1
49604;831;210;9;16;12;1
49608;843;210;9;16;12;1
49612;855;210;9;16;12;1
49620;867;210;9;16;12;1
49623;879;210;9;16;12;1
49624;891;210;10;16;12;1
49632;904;210;9;16;12;1
49636;916;210;9;16;12;1
49640;928;210;9;16;12;1
49648;940;210;9;16;12;1
49649;952;210;9;16;12;1
49651;964;210;9;16;12;1
49660;976;210;11;14;12;1
49661;990;210;11;16;12;1
49664;1004;210;11;16;12;1
49668;1018;210;11;16;12;1
49676;1032;210;11;16;12;1
49677;1046;210;11;16;12;1
49679;1060;210;11;16;12;1
49681;1074;210;11;16;12;1
49688;1088;210;11;16;12;1
49689;1102;210;11;16;12;1
49692;1116;210;11;16;12;1
49695;1130;210;11;16;12;1
49696;1144;210;11;16;12;1
49704;1158;210;11;16;12;1
49705;1172;210;11;16;12;1
49707;1186;210;11;16;12;1
49709;1200;210;11;16;12;1
49711;1214;210;11;16;12;1
49713;1228;210;11;16;12;1
49714;1242;210;11;16;12;1
49716;1256;210;9;16;12;1
49736;1268;210;10;16;12;1
49744;1281;210;9;16;12;1
49745;1293;210;9;16;12;1
49748;1305;210;9;16;12;1
49752;1317;210;9;16;12;1
49760;1329;210;9;16;12;1
49765;1341;210;9;16;12;1
49772;1353;210;9;16;12;1
49773;1365;210;9;16;12;1
49776;1377;210;9;16;12;1
49780;1389;210;9;16;12;1
49788;1401;210;9;16;12;1
49789;1413;210;9;16;12;1
49791;1425;210;9;16;12;1
49793;1437;210;9;16;12;1
49800;1449;210;11;16;12;1
49801;1463;210;11;16;12;1
49808;1477;210;11;16;12;1
49816;1491;210;11;16;12;1
49819;1505;210;11;16;12;1
49821;1519;210;11;16;12;1
49828;1533;210;11;14;12;1
49829;1547;210;11;16;12;1
49832;1561;210;11;16;12;1
49836;1575;210;11;16;12;1
49837;1589;210;11;16;12;1
49844;1603;210;11;16;12;1
49845;1617;210;11;16;12;1
49847;1631;210;11;16;12;1
49849;1645;210;11;16;12;1
49884;1659;210;9;16;12;1
49885;1671;210;9;16;12;1
49888;1683;210;9;16;12;1
49891;1695;210;9;16;12;1
49892;1707;210;9;16;12;1
49899;1719;210;10;16;12;1
49900;1732;210;9;16;12;1
49901;1744;210;9;16;12;1
49903;1756;210;9;16;12;1
49905;1768;210;9;16;12;1
49910;1780;210;10;16;12;1
49912;1793;210;11;16;12;1
49913;1807;210;11;16;12;1
49915;1821;210;11;16;12;1
49916;1835;210;11;16;12;1
49920;1849;210;11;16;12;1
49928;1863;210;11;16;12;1
49929;1877;210;11;16;12;1
49932;1891;210;11;16;12;1
49933;1905;210;11;16;12;1
49939;1919;210;11;16;12;1
49940;1933;210;9;16;12;1
49941;1945;210;9;16;12;1
49944;1957;210;9;16;12;1
49948;1969;210;9;16;12;1
49956;1981;210;9;16;12;1
49957;1993;210;9;16;12;1
49960;0;236;10;16;12;1
49961;13;236;9;16;12;1
49989;25;236;11;16;12;1
50024;39;236;9;16;12;1
50025;51;236;9;16;12;1
50028;63;236;9;16;12;1
50032;75;236;9;16;12;1
50034;87;236;9;16;12;1
50040;99;236;9;16;12;1
50041;111;236;9;16;12;1
50044;123;236;10;16;12;1
50045;136;236;9;16;12;1
50052;148;236;9;16;12;1
50056;160;236;9;16;12;1
50060;172;236;9;16;12;1
50112;184;236;9;16;12;1
50136;196;236;11;14;12;1
50137;210;236;11;16;12;1
50140;224;236;11;16;12;1
50143;238;236;11;16;12;1
50144;252;236;11;16;12;1
50146;266;236;11;16;12;1
50152;280;236;11;16;12;1
50153;294;236;11;16;12;1
50157;308;236;11;16;12;1
50164;322;236;11;16;12;1
50165;336;236;11;16;12;1
50168;350;236;11;16;12;1
50184;364;236;11;16;12;1
50192;378;236;9;16;12;1
50212;390;236;10;16;12;1
50220;403;236;9;16;12;1
50224;415;236;9;16;12;1
50228;427;236;9;16;12;1
50236;439;236;9;16;12;1
50237;451;236;9;16;12;1
50248;463;236;11;14;12;1
50276;477;236;11;16;12;1
50277;491;236;11;16;12;1
50280;505;236;11;16;12;1
50284;519;236;11;16;12;1
50292;533;236;11;16;12;1
50293;547;236;11;16;12;1
50297;561;236;11;16;12;1
50304;575;236;9;16;12;1
50324;587;236;10;16;12;1
50332;600;236;9;16;12;1
50360;612;236;9;16;12;1
50364;624;236;9;16;12;1
50409;636;236;11;16;12;1
50416;650;236;11;14;12;1
50417;664;236;11;16;12;1
50420;678;236;11;16;12;1
50424;692;236;11;16;12;1
50426;706;236;11;16;12;1
50431;720;236;11;16;12;1
50432;734;236;11;16;12;1
50433;748;236;11;16;12;1
50444;762;236;9;16;12;1
50448;774;236;9;16;12;1
50452;786;236;9;16;12;1
50460;798;236;9;16;12;1
50472;810;236;9;16;12;1
50473;822;236;9;16;12;1
50476;834;236;9;16;12;1
50480;846;236;9;16;12;1
50488;858;236;9;16;12;1
50489;870;236;9;16;12;1
50491;882;236;9;16;12;1
50493;894;236;9;16;12;1
50500;906;236;11;16;12;1
50501;920;236;10;16;12;1
50504;933;236;10;16;12;1
50505;946;236;10;16;12;1
50506;959;236;10;16;12;1
50508;972;236;10;16;12;1
50509;985;236;10;16;12;1
50510;998;236;10;16;12;1
50515;1011;236;10;16;12;1
50516;1024;236;10;16;12;1
50517;1037;236;10;16;12;1
50519;1050;236;10;16;12;1
50520;1063;236;10;16;12;1
50521;1076;236;10;16;12;1
50525;1089;236;10;16;12;1
50526;1102;236;10;16;12;1
50528;1115;236;9;16;12;1
50529;1127;236;9;16;12;1
50532;1139;236;9;16;12;1
50536;1151;236;9;16;12;1
50544;1163;236;9;16;12;1
50545;1175;236;9;16;12;1
50547;1187;236;9;16;12;1
50548;1199;236;10;16;12;1
50549;1212;236;9;16;12;1
50556;1224;236;11;16;12;1
50557;1238;236;10;16;12;1
50560;1251;236;10;16;12;1
50564;1264;236;10;16;12;1
50567;1277;236;10;16;12;1
50572;1290;236;10;16;12;1
50573;1303;236;10;16;12;1
50575;1316;236;10;16;12;1
50577;1329;236;10;16;12;1
50581;1342;236;10;16;12;1
50583;1355;236;10;16;12;1
50584;1368;236;9;16;12;1
50588;1380;236;9;16;12;1
50592;1392;236;9;16;12;1
50601;1404;236;9;16;12;1
50612;1416;236;8;16;12;1
50613;1427;236;8;16;12;1
50616;1438;236;8;16;12;1
50617;1449;236;9;16;12;1
50619;1461;236;8;16;12;1
50620;1472;236;8;16;12;1
50621;1483;236;8;16;12;1
50622;1494;236;8;16;12;1
50628;1505;236;8;16;12;1
50629;1516;236;8;16;12;1
50630;1527;236;9;16;12;1
50631;1539;236;8;16;12;1
50632;1550;236;9;16;12;1
50633;1562;236;8;16;12;1
50634;1573;236;8;16;12;1
50636;1584;236;8;16;12;1
50638;1595;236;9;16;12;1
50640;1607;236;9;16;12;1
50641;1619;236;9;16;12;1
50644;1631;236;9;16;12;1
50648;1643;236;9;16;12;1
50656;1655;236;9;16;12;1
50657;1667;236;9;16;12;1
50659;1679;236;9;16;12;1
50661;1691;236;9;16;12;1
50668;1703;236;8;16;12;1
50669;1714;236;8;16;12;1
50670;1725;236;8;16;12;1
50672;1736;236;8;16;12;1
50676;1747;236;8;16;12;1
50678;1758;236;8;16;12;1
50679;1769;236;8;16;12;1
50684;1780;236;8;16;12;1
50685;1791;236;8;16;12;1
50686;1802;236;9;16;12;1
50687;1814;236;8;16;12;1
50688;1825;236;9;16;12;1
50689;1837;236;8;16;12;1
50693;1848;236;8;16;12;1
50694;1859;236;9;16;12;1
50695;1871;236;8;16;12;1
50696;1882;236;9;16;12;1
50700;1894;236;9;16;12;1
50704;1906;236;9;16;12;1
50712;1918;236;9;16;12;1
50713;1930;236;9;16;12;1
50715;1942;236;9;16;12;1
50716;1954;236;10;16;12;1
50724;1967;236;11;14;12;1
50725;1981;236;11;16;12;1
50728;1995;236;11;16;12;1
50732;0;262;11;16;12;1
50733;14;262;11;16;12;1
50734;28;262;11;16;12;1
50736;42;262;11;16;12;1
50739;56;262;11;16;12;1
50740;70;262;11;16;12;1
50741;84;262;11;16;12;1
50743;98;262;11;16;12;1
50745;112;262;11;16;12;1
50747;126;262;11;16;12;1
50752;140;262;11;16;12;1
50753;154;262;11;16;12;1
50756;168;262;11;16;12;1
50760;182;262;11;16;12;1
50768;196;262;11;16;12;1
50769;210;262;11;16;12;1
50771;224;262;11;16;12;1
50772;238;262;11;16;12;1
50773;252;262;11;16;12;1
50780;266;262;9;16;12;1
50781;278;262;9;16;12;1
50784;290;262;9;16;12;1
50796;302;262;9;16;12;1
50799;314;262;9;16;12;1
50801;326;262;9;16;12;1
50808;338;262;9;16;12;1
50809;350;262;9;16;12;1
50812;362;262;9;16;12;1
50816;374;262;9;16;12;1
50824;386;262;9;16;12;1
50825;398;262;9;16;12;1
50827;410;262;9;16;12;1
50829;422;262;9;16;12;1
50836;434;262;11;14;12;1
50837;448;262;11;16;12;1
50840;462;262;11;16;12;1
50844;476;262;11;16;12;1
50852;490;262;11;16;12;1
50853;504;262;11;16;12;1
50855;518;262;11;16;12;1
50857;532;262;11;16;12;1
50864;546;262;11;16;12;1
50865;560;262;11;16;12;1
50868;574;262;11;16;12;1
50872;588;262;11;16;12;1
50873;602;262;11;16;12;1
50874;616;262;11;16;12;1
50880;630;262;11;16;12;1
50881;644;262;11;16;12;1
50883;658;262;11;16;12;1
50885;672;262;11;16;12;1
50892;686;262;9;16;12;1
50893;698;262;9;16;12;1
50896;710;262;9;16;12;1
50900;722;262;9;16;12;1
50908;734;262;9;16;12;1
50909;746;262;9;16;12;1
50912;758;262;10;16;12;1
50913;771;262;9;16;12;1
50920;783;262;9;16;12;1
50921;795;262;9;16;12;1
50924;807;262;9;16;12;1
50928;819;262;9;16;12;1
50936;831;262;9;16;12;1
50937;843;262;9;16;12;1
50941;855;262;9;16;12;1
50948;867;262;9;16;12;1
50949;879;262;9;16;12;1
50952;891;262;9;16;12;1
50956;903;262;9;16;12;1
50964;915;262;9;16;12;1
50965;927;262;9;16;12;1
50967;939;262;9;16;12;1
50969;951;262;9;16;12;1
50976;963;262;11;16;12;1
50977;977;262;11;16;12;1
50980;991;262;11;16;12;1
50984;1005;262;11;16;12;1
50992;1019;262;11;16;12;1
50993;1033;262;11;16;12;1
50995;1047;262;11;16;12;1
50997;1061;262;11;16;12;1
50999;1075;262;11;16;12;1
51004;1089;262;11;14;12;1
51005;1103;262;11;16;12;1
51008;1117;262;11;16;12;1
51012;1131;262;11;16;12;1
51018;1145;262;11;16;12;1
51020;1159;262;11;16;12;1
51021;1173;262;11;16;12;1
51023;1187;262;11;16;12;1
51025;1201;262;11;16;12;1
51026;1215;262;11;16;12;1
51027;1229;262;11;16;12;1
51028;1243;262;11;16;12;1
51029;1257;262;11;16;12;1
51030;1271;262;11;16;12;1
51031;1285;262;11;16;12;1
51032;1299;262;9;16;12;1
51036;1311;262;9;16;12;1
51040;1323;262;9;16;12;1
51048;1335;262;9;16;12;1
51051;1347;262;9;16;12;1
51060;1359;262;9;16;12;1
51061;1371;262;8;16;12;1
51064;1382;262;8;16;12;1
51068;1393;262;8;16;12;1
51069;1404;262;8;16;12;1
51070;1415;262;8;16;12;1
51075;1426;262;9;16;12;1
51076;1438;262;8;16;12;1
51077;1449;262;8;16;12;1
51079;1460;262;8;16;12;1
51080;1471;262;9;16;12;1
51081;1483;262;8;16;12;1
51082;1494;262;8;16;12;1
51086;1505;262;9;16;12;1
51088;1517;262;11;16;12;1
51089;1531;262;11;16;12;1
51092;1545;262;11;16;12;1
51094;1559;262;11;16;12;1
51095;1573;262;11;16;12;1
51096;1587;262;11;16;12;1
51098;1601;262;11;16;12;1
51104;1615;262;11;16;12;1
51105;1629;262;11;16;12;1
51107;1643;262;11;16;12;1
51108;1657;262;11;16;12;1
51109;1671;262;11;16;12;1
51110;1685;262;11;16;12;1
51116;1699;262;9;16;12;1
51117;1711;262;9;16;12;1
51120;1723;262;9;16;12;1
51124;1735;262;9;16;12;1
51132;1747;262;9;16;12;1
51133;1759;262;9;16;12;1
51135;1771;262;9;16;12;1
51136;1783;262;10;16;12;1
51137;1796;262;9;16;12;1
51144;1808;262;11;16;12;1
51145;1822;262;11;16;12;1
51148;1836;262;11;16;12;1
51150;1850;262;11;16;12;1
51152;1864;262;11;16;12;1
51160;1878;262;11;16;12;1
51165;1892;262;11;16;12;1
51172;1906;262;9;16;12;1
51176;1918;262;9;16;12;1
51180;1930;262;9;16;12;1
51200;1942;262;9;16;12;1
51201;1954;262;9;16;12;1
51204;1966;262;9;16;12;1
51208;1978;262;9;16;12;1
51210;1990;262;9;16;12;1
51216;0;288;9;16;12;1
51217;12;288;9;16;12;1
51219;24;288;9;16;12;1
51221;36;288;9;16;12;1
51222;48;288;9;16;12;1
51228;60;288;9;16;12;1
51229;72;288;9;16;12;1
51232;84;288;9;16;12;1
51236;96;288;9;16;12;1
51244;108;288;9;16;12;1
51245;120;288;9;16;12;1
51247;132;288;9;16;12;1
51249;144;288;9;16;12;1
51256;156;288;9;16;12;1
51260;168;288;9;16;12;1
51264;180;288;9;16;12;1
51272;192;288;9;16;12;1
51273;204;288;9;16;12;1
51276;216;288;10;16;12;1
51277;229;288;9;16;12;1
51284;241;288;9;16;12;1
51312;253;288;11;14;12;1
51313;267;288;11;16;12;1
51316;281;288;11;16;12;1
51320;295;288;11;16;12;1
51322;309;288;11;16;12;1
51328;323;288;11;16;12;1
51329;337;288;11;16;12;1
51331;351;288;11;16;12;1
51333;365;288;11;16;12;1
51334;379;288;11;16;12;1
51335;393;288;11;16;12;1
51339;407;288;11;16;12;1
51340;421;288;11;16;12;1
51341;435;288;11;16;12;1
51348;449;288;11;16;12;1
51357;463;288;11;16;12;1
51359;477;288;11;16;12;1
51361;491;288;11;16;12;1
51368;505;288;9;16;12;1
51388;517;288;10;16;12;1
51389;530;288;9;16;12;1
51396;542;288;9;16;12;1
51400;554;288;9;16;12;1
51404;566;288;9;16;12;1
51412;578;288;9;16;12;1
51413;590;288;9;16;12;1
51415;602;288;9;16;12;1
51417;614;288;9;16;12;1
51424;626;288;11;14;12;1
51425;640;288;11;16;12;1
51428;654;288;11;16;12;1
51445;668;288;11;16;12;1
51452;682;288;11;16;12;1
51453;696;288;11;16;12;1
51456;710;288;11;16;12;1
51460;724;288;11;16;12;1
51461;738;288;11;16;12;1
51462;752;288;11;16;12;1
51468;766;288;11;16;12;1
51469;780;288;11;16;12;1
51471;794;288;11;16;12;1
51473;808;288;11;16;12;1
51480;822;288;9;16;12;1
51500;834;288;10;16;12;1
51508;847;288;9;16;12;1
51536;859;288;9;16;12;1
51537;871;288;9;16;12;1
51540;883;288;9;16;12;1
51544;895;288;9;16;12;1
51552;907;288;9;16;12;1
51553;919;288;9;16;12;1
51555;931;288;9;16;12;1
51564;943;288;11;16;12;1
51568;957;288;11;16;12;1
51572;971;288;11;16;12;1
51580;985;288;11;16;12;1
51592;999;288;11;14;12;1
51593;1013;288;11;16;12;1
51596;1027;288;11;16;12;1
51600;1041;288;11;16;12;1
51608;1055;288;11;16;12;1
51609;1069;288;11;16;12;1
51611;1083;288;11;16;12;1
51613;1097;288;11;16;12;1
51648;1111;288;9;16;12;1
51649;1123;288;9;16;12;1
51652;1135;288;9;16;12;1
51655;1147;288;9;16;12;1
51656;1159;288;9;16;12;1
51658;1171;288;9;16;12;1
51664;1183;288;9;16;12;1
51665;1195;288;9;16;12;1
51667;1207;288;9;16;12;1
51669;1219;288;9;16;12;1
51670;1231;288;9;16;12;1
51673;1243;288;9;16;12;1
51674;1255;288;10;16;12;1
51676;1268;288;11;16;12;1
51677;1282;288;11;16;12;1
51680;1296;288;11;16;12;1
51682;1310;288;11;16;12;1
51684;1324;288;11;16;12;1
51687;1338;288;11;16;12;1
51692;1352;288;11;16;12;1
51693;1366;288;11;16;12;1
51695;1380;288;11;16;12;1
51696;1394;288;11;16;12;1
51697;1408;288;11;16;12;1
51704;1422;288;9;16;12;1
51705;1434;288;9;16;12;1
51708;1446;288;9;16;12;1
51712;1458;288;9;16;12;1
51720;1470;288;9;16;12;1
51721;1482;288;9;16;12;1
51723;1494;288;9;16;12;1
51724;1506;288;10;16;12;1
51725;1519;288;9;16;12;1
51732;1531;288;11;16;12;1
51736;1545;288;11;16;12;1
51753;1559;288;11;16;12;1
51788;1573;288;9;16;12;1
51789;1585;288;9;16;12;1
51792;1597;288;9;16;12;1
51796;1609;288;9;16;12;1
51804;1621;288;9;16;12;1
51805;1633;288;9;16;12;1
51807;1645;288;9;16;12;1
51808;1657;288;10;16;12;1
51809;1670;288;9;16;12;1
51816;1682;288;9;16;12;1
51837;1694;288;9;16;12;1
51844;1706;288;9;16;12;1
51864;1718;288;10;16;12;1
51900;1731;288;11;14;12;1
51901;1745;288;11;16;12;1
51904;1759;288;11;16;12;1
51908;1773;288;11;16;12;1
51916;1787;288;11;16;12;1
51917;1801;288;11;16;12;1
51919;1815;288;11;16;12;1
51921;1829;288;11;16;12;1
51923;1843;288;11;16;12;1
51928;1857;288;11;16;12;1
51929;1871;288;11;16;12;1
51936;1885;288;11;16;12;1
51948;1899;288;11;16;12;1
51956;1913;288;9;16;12;1
51976;1925;288;10;16;12;1
51984;1938;288;9;16;12;1
51988;1950;288;9;16;12;1
51992;1962;288;9;16;12;1
52000;1974;288;9;16;12;1
52001;1986;288;9;16;12;1
52033;1998;288;11;16;12;1
52040;0;314;11;16;12;1
52041;14;314;11;16;12;1
52044;28;314;11;16;12;1
52048;42;314;11;16;12;1
52056;56;314;11;16;12;1
52057;70;314;11;16;12;1
52061;84;314;11;16;12;1
52068;98;314;9;16;12;1
52088;110;314;10;16;12;1
52089;123;314;9;16;12;1
52124;135;314;9;16;12;1
52152;147;314;11;16;12;1
52180;161;314;11;14;12;1
52196;175;314;11;16;12;1
52199;189;314;11;16;12;1
52201;203;314;11;16;12;1
52236;217;314;9;16;12;1
52237;229;314;9;16;12;1
52240;241;314;9;16;12;1
52244;253;314;9;16;12;1
52252;265;314;9;16;12;1
52253;277;314;9;16;12;1
52257;289;314;9;16;12;1
52258;301;314;9;16;12;1
52263;313;314;9;16;12;1
52264;325;314;11;16;12;1
52265;339;314;11;16;12;1
52268;353;314;11;16;12;1
52270;367;314;11;16;12;1
52272;381;314;11;16;12;1
52280;395;314;11;16;12;1
52281;409;314;11;16;12;1
52283;423;314;11;16;12;1
52284;437;314;11;16;12;1
52285;451;314;11;16;12;1
52286;465;314;11;16;12;1
52292;479;314;9;16;12;1
52293;491;314;9;16;12;1
52296;503;314;9;16;12;1
52300;515;314;9;16;12;1
52308;527;314;9;16;12;1
52309;539;314;9;16;12;1
52311;551;314;9;16;12;1
52312;563;314;10;16;12;1
52313;576;314;9;16;12;1
52320;588;314;11;16;12;1
52324;602;314;11;16;12;1
52326;616;314;11;16;12;1
52328;630;314;11;16;12;1
52336;644;314;11;16;12;1
52341;658;314;11;16;12;1
52376;672;314;9;16;12;1
52377;684;314;9;16;12;1
52380;696;314;9;16;12;1
52384;708;314;9;16;12;1
52392;720;314;9;16;12;1
52393;732;314;9;16;12;1
52395;744;314;9;16;12;1
52396;756;314;10;16;12;1
52397;769;314;9;16;12;1
52404;781;314;9;16;12;1
52405;793;314;9;16;12;1
52408;805;314;9;16;12;1
52412;817;314;9;16;12;1
52420;829;314;9;16;12;1
52421;841;314;9;16;12;1
52423;853;314;9;16;12;1
52425;865;314;9;16;12;1
52432;877;314;9;16;12;1
52436;889;314;9;16;12;1
52452;901;314;10;16;12;1
52460;914;314;9;16;12;1
52464;926;314;9;16;12;1
52481;938;314;9;16;12;1
52488;950;314;11;15;12;1
52489;964;314;11;16;12;1
52492;978;314;11;16;12;1
52496;992;314;11;16;12;1
52504;1006;314;11;16;12;1
52505;1020;314;11;16;12;1
52507;1034;314;11;16;12;1
52509;1048;314;11;16;12;1
52516;1062;314;11;16;12;1
52520;1076;314;11;16;12;1
52524;1090;314;11;16;12;1
52537;1104;314;11;16;12;1
52572;1118;314;9;16;12;1
52576;1130;314;9;16;12;1
52580;1142;314;9;16;12;1
52588;1154;314;9;16;12;1
52589;1166;314;9;16;12;1
52591;1178;314;9;16;12;1
52593;1190;314;9;16;12;1
52600;1202;314;11;15;12;1
52616;1216;314;11;16;12;1
52628;1230;314;11;16;12;1
52629;1244;314;11;16;12;1
52632;1258;314;11;16;12;1
52636;1272;314;11;16;12;1
52644;1286;314;11;16;12;1
52645;1300;314;11;16;12;1
52647;1314;314;11;16;12;1
52649;1328;314;11;16;12;1
52656;1342;314;9;16;12;1
52676;1354;314;10;16;12;1
52684;1367;314;9;16;12;1
52688;1379;314;9;16;12;1
52712;1391;314;9;16;12;1
52716;1403;314;9;16;12;1
52720;1415;314;9;16;12;1
52728;1427;314;9;16;12;1
52729;1439;314;9;16;12;1
52731;1451;314;9;16;12;1
52733;1463;314;9;16;12;1
52740;1475;314;11;16;12;1
52744;1489;314;11;16;12;1
52748;1503;314;11;16;12;1
52756;1517;314;11;16;12;1
52761;1531;314;11;16;12;1
52768;1545;314;11;15;12;1
52769;1559;314;11;16;12;1
52772;1573;314;11;16;12;1
52776;1587;314;11;16;12;1
52784;1601;314;11;16;12;1
52785;1615;314;11;16;12;1
52787;1629;314;11;16;12;1
52789;1643;314;11;16;12;1
52824;1657;314;9;16;12;1
52825;1669;314;9;16;12;1
52828;1681;314;9;16;12;1
52831;1693;314;9;16;12;1
52832;1705;314;9;16;12;1
52833;1717;314;9;16;12;1
52840;1729;314;9;16;12;1
52841;1741;314;9;16;12;1
52843;1753;314;9;16;12;1
52845;1765;314;9;16;12;1
52852;1777;314;11;16;12;1
52853;1791;314;11;16;12;1
52856;1805;314;11;16;12;1
52860;1819;314;11;16;12;1
52868;1833;314;11;16;12;1
52869;1847;314;11;16;12;1
52871;1861;314;11;16;12;1
52873;1875;314;11;16;12;1
52880;1889;314;9;16;12;1
52881;1901;314;9;16;12;1
52884;1913;314;9;16;12;1
52888;1925;314;9;16;12;1
52896;1937;314;9;16;12;1
52897;1949;314;9;16;12;1
52899;1961;314;9;16;12;1
52900;1973;314;10;16;12;1
52901;1986;314;9;16;12;1
52908;1998;314;11;16;12;1
52909;0;340;11;16;12;1
52929;14;340;11;16;12;1
52964;28;340;9;16;12;1
52965;40;340;9;16;12;1
52968;52;340;9;16;12;1
52971;64;340;9;16;12;1
52972;76;340;9;16;12;1
52980;88;340;9;16;12;1
52981;100;340;9;16;12;1
52983;112;340;9;16;12;1
52984;124;340;10;16;12;1
52985;137;340;9;16;12;1
52992;149;340;9;16;12;1
52993;161;340;9;16;12;1
52996;173;340;9;16;12;1
53000;185;340;9;16;12;1
53008;197;340;9;16;12;1
53009;209;340;9;16;12;1
53011;221;340;9;16;12;1
53013;233;340;9;16;12;1
53020;245;340;9;16;12;1
53024;257;340;9;16;12;1
53028;269;340;9;16;12;1
53036;281;340;9;16;12;1
53037;293;340;9;16;12;1
53039;305;340;9;16;12;1
53040;317;340;10;16;12;1
53041;330;340;9;16;12;1
53048;342;340;9;16;12;1
53076;354;340;11;14;12;1
53077;368;340;11;16;12;1
53080;382;340;11;16;12;1
53084;396;340;11;16;12;1
53092;410;340;11;16;12;1
53093;424;340;11;16;12;1
53095;438;340;11;16;12;1
53097;452;340;11;16;12;1
53104;466;340;11;16;12;1
53105;480;340;11;16;12;1
53108;494;340;11;16;12;1
53112;508;340;11;16;12;1
53120;522;340;11;16;12;1
53125;536;340;11;16;12;1
53132;550;340;9;16;12;1
53153;562;340;9;16;12;1
53160;574;340;9;16;12;1
53168;586;340;9;16;12;1
53188;598;340;11;14;12;1
53216;612;340;11;16;12;1
53217;626;340;11;16;12;1
53220;640;340;11;16;12;1
53224;654;340;11;16;12;1
53232;668;340;11;16;12;1
53233;682;340;11;16;12;1
53235;696;340;11;16;12;1
53237;710;340;11;16;12;1
53244;724;340;9;16;12;1
53248;736;340;9;16;12;1
53252;748;340;9;16;12;1
53265;760;340;9;16;12;1
53272;772;340;9;16;12;1
53293;784;340;9;16;12;1
53300;796;340;9;16;12;1
53301;808;340;9;16;12;1
53304;820;340;9;16;12;1
53308;832;340;9;16;12;1
53316;844;340;9;16;12;1
53317;856;340;9;16;12;1
53319;868;340;9;16;12;1
53321;880;340;9;16;12;1
53328;892;340;11;16;12;1
53332;906;340;11;16;12;1
53336;920;340;11;16;12;1
53344;934;340;11;16;12;1
53356;948;340;11;14;12;1
53357;962;340;11;16;12;1
53360;976;340;11;16;12;1
53364;990;340;11;16;12;1
53372;1004;340;11;16;12;1
53373;1018;340;11;16;12;1
53377;1032;340;11;16;12;1
53412;1046;340;9;16;12;1
53413;1058;340;9;16;12;1
53416;1070;340;9;16;12;1
53420;1082;340;9;16;12;1
53428;1094;340;9;16;12;1
53429;1106;340;9;16;12;1
53431;1118;340;9;16;12;1
53433;1130;340;9;16;12;1
53440;1142;340;11;16;12;1
53441;1156;340;11;16;12;1
53444;1170;340;11;16;12;1
53448;1184;340;11;16;12;1
53449;1198;340;11;16;12;1
53456;1212;340;11;16;12;1
53457;1226;340;11;16;12;1
53459;1240;340;11;16;12;1
53460;1254;340;11;16;12;1
53461;1268;340;11;16;12;1
53468;1282;340;9;16;12;1
53469;1294;340;9;16;12;1
53472;1306;340;9;16;12;1
53476;1318;340;9;16;12;1
53484;1330;340;9;16;12;1
53485;1342;340;9;16;12;1
53487;1354;340;9;16;12;1
53488;1366;340;10;16;12;1
53489;1379;340;9;16;12;1
53496;1391;340;11;16;12;1
53517;1405;340;11;16;12;1
53552;1419;340;9;16;12;1
53553;1431;340;9;16;12;1
53556;1443;340;9;16;12;1
53560;1455;340;9;16;12;1
53562;1467;340;9;16;12;1
53568;1479;340;9;16;12;1
53569;1491;340;9;16;12;1
53571;1503;340;9;16;12;1
53572;1515;340;10;16;12;1
53573;1528;340;9;16;12;1
53580;1540;340;9;16;12;1
53581;1552;340;9;16;12;1
53584;1564;340;9;16;12;1
53588;1576;340;9;16;12;1
53596;1588;340;9;16;12;1
53597;1600;340;9;16;12;1
53599;1612;340;9;16;12;1
53601;1624;340;9;16;12;1
53608;1636;340;9;16;12;1
53612;1648;340;9;16;12;1
53628;1660;340;10;16;12;1
53636;1673;340;9;16;12;1
53640;1685;340;9;16;12;1
53664;1697;340;11;14;12;1
53665;1711;340;11;16;12;1
53668;1725;340;11;16;12;1
53672;1739;340;11;16;12;1
53680;1753;340;11;16;12;1
53681;1767;340;11;16;12;1
53683;1781;340;11;16;12;1
53685;1795;340;11;16;12;1
53690;1809;340;11;16;12;1
53692;1823;340;11;16;12;1
53696;1837;340;11;16;12;1
53720;1851;340;9;16;12;1
53748;1863;340;9;16;12;1
53752;1875;340;9;16;12;1
53767;1887;340;9;16;12;1
53769;1899;340;9;16;12;1
53776;1911;340;11;14;12;1
53804;1925;340;11;16;12;1
53805;1939;340;11;16;12;1
53808;1953;340;11;16;12;1
53812;1967;340;11;16;12;1
53820;1981;340;11;16;12;1
53821;1995;340;11;16;12;1
53823;0;366;11;16;12;1
53825;14;366;11;16;12;1
53832;28;366;9;16;12;1
53852;40;366;10;16;12;1
53860;53;366;9;16;12;1
53888;65;366;9;16;12;1
53889;77;366;9;16;12;1
53892;89;366;9;16;12;1
53896;101;366;9;16;12;1
53904;113;366;9;16;12;1
53905;125;366;9;16;12;1
53909;137;366;9;16;12;1
53916;149;366;11;16;12;1
53920;163;366;11;16;12;1
53924;177;366;11;16;12;1
53932;191;366;11;16;12;1
53937;205;366;11;16;12;1
53944;219;366;11;14;12;1
53945;233;366;11;16;12;1
53948;247;366;11;16;12;1
53951;261;366;11;16;12;1
53952;275;366;11;16;12;1
53954;289;366;11;16;12;1
53960;303;366;11;16;12;1
53961;317;366;11;16;12;1
53963;331;366;11;16;12;1
53972;345;366;9;16;12;1
53976;357;366;9;16;12;1
53980;369;366;9;16;12;1
53988;381;366;9;16;12;1
53989;393;366;9;16;12;1
54000;405;366;9;16;12;1
54001;417;366;9;16;12;1
54004;429;366;9;16;12;1
54008;441;366;9;16;12;1
54016;453;366;9;16;12;1
54017;465;366;9;16;12;1
54019;477;366;9;16;12;1
54021;489;366;9;16;12;1
54028;501;366;11;16;12;1
54029;515;366;11;16;12;1
54030;529;366;11;16;12;1
54032;543;366;11;16;12;1
54036;557;366;11;16;12;1
54038;571;366;11;16;12;1
54044;585;366;11;16;12;1
54045;599;366;11;16;12;1
54047;613;366;11;16;12;1
54048;627;366;11;16;12;1
54049;641;366;11;16;12;1
54053;655;366;11;16;12;1
54056;669;366;9;16;12;1
54057;681;366;9;16;12;1
54060;693;366;9;16;12;1
54064;705;366;9;16;12;1
54072;717;366;9;16;12;1
54073;729;366;9;16;12;1
54075;741;366;9;16;12;1
54076;753;366;10;16;12;1
54077;766;366;9;16;12;1
54084;778;366;11;16;12;1
54085;792;366;11;16;12;1
54140;806;366;9;16;12;1
54141;818;366;9;16;12;1
54144;830;366;9;16;12;1
54148;842;366;9;16;12;1
54156;854;366;9;16;12;1
54157;866;366;9;16;12;1
54159;878;366;9;16;12;1
54160;890;366;10;16;12;1
54161;903;366;9;16;12;1
54168;915;366;9;16;12;1
54169;927;366;9;16;12;1
54172;939;366;9;16;12;1
54176;951;366;9;16;12;1
54184;963;366;9;16;12;1
54185;975;366;9;16;12;1
54187;987;366;9;16;12;1
54189;999;366;9;16;12;1
54196;1011;366;9;16;12;1
54200;1023;366;9;16;12;1
54204;1035;366;9;16;12;1
54212;1047;366;9;16;12;1
54213;1059;366;9;16;12;1
54216;1071;366;10;16;12;1
54217;1084;366;9;16;12;1
54224;1096;366;9;16;12;1
54232;1108;366;9;16;12;1
54241;1120;366;9;16;12;1
54243;1132;366;9;16;12;1
54252;1144;366;11;14;12;1
54253;1158;366;11;16;12;1
54256;1172;366;11;16;12;1
54260;1186;366;11;16;12;1
54268;1200;366;11;16;12;1
54269;1214;366;11;16;12;1
54271;1228;366;11;16;12;1
54273;1242;366;11;16;12;1
54280;1256;366;11;16;12;1
54301;1270;366;11;16;12;1
54336;1284;366;9;16;12;1
54340;1296;366;9;16;12;1
54364;1308;366;11;14;12;1
54368;1322;366;11;16;12;1
54372;1336;366;11;16;12;1
54381;1350;366;11;16;12;1
54383;1364;366;11;16;12;1
54392;1378;366;11;16;12;1
54393;1392;366;11;16;12;1
54396;1406;366;11;16;12;1
54399;1420;366;11;16;12;1
54400;1434;366;11;16;12;1
54402;1448;366;11;16;12;1
54408;1462;366;11;16;12;1
54409;1476;366;11;16;12;1
54411;1490;366;11;16;12;1
54413;1504;366;11;16;12;1
54420;1518;366;9;16;12;1
54441;1530;366;9;16;12;1
54476;1542;366;9;16;12;1
54480;1554;366;9;16;12;1
54484;1566;366;9;16;12;1
54492;1578;366;9;16;12;1
54495;1590;366;9;16;12;1
54504;1602;366;11;16;12;1
54508;1616;366;11;16;12;1
54512;1630;366;11;16;12;1
54520;1644;366;11;16;12;1
54523;1658;366;11;16;12;1
54525;1672;366;11;16;12;1
54532;1686;366;11;14;12;1
54536;1700;366;11;16;12;1
54540;1714;366;11;16;12;1
54548;1728;366;11;16;12;1
54549;1742;366;11;16;12;1
54551;1756;366;11;16;12;1
54588;1770;366;9;16;12;1
54589;1782;366;9;16;12;1
54592;1794;366;9;16;12;1
54596;1806;366;9;16;12;1
54604;1818;366;9;16;12;1
54605;1830;366;9;16;12;1
54607;1842;366;9;16;12;1
54609;1854;366;9;16;12;1
54616;1866;366;11;16;12;1
54617;1880;366;11;16;12;1
54620;1894;366;11;16;12;1
54624;1908;366;11;16;12;1
54629;1922;366;11;16;12;1
54632;1936;366;11;16;12;1
54633;1950;366;11;16;12;1
54635;1964;366;11;16;12;1
54637;1978;366;11;16;12;1
54644;1992;366;9;16;12;1
54645;0;392;9;16;12;1
54648;12;392;9;16;12;1
54652;24;392;9;16;12;1
54660;36;392;9;16;12;1
54661;48;392;9;16;12;1
54663;60;392;9;16;12;1
54664;72;392;10;16;12;1
54665;85;392;9;16;12;1
54672;97;392;11;16;12;1
54693;111;392;11;16;12;1
54728;125;392;9;16;12;1
54729;137;392;9;16;12;1
54732;149;392;9;16;12;1
54736;161;392;9;16;12;1
54738;173;392;9;16;12;1
54744;185;392;9;16;12;1
54745;197;392;9;16;12;1
54747;209;392;9;16;12;1
54749;221;392;9;16;12;1
54756;233;392;9;16;12;1
54757;245;392;9;16;12;1
54760;257;392;9;16;12;1
54764;269;392;9;16;12;1
54772;281;392;9;16;12;1
54773;293;392;9;16;12;1
54775;305;392;9;16;12;1
54777;317;392;9;16;12;1
54784;329;392;9;16;12;1
54785;341;392;9;16;12;1
54788;353;392;9;16;12;1
54792;365;392;9;16;12;1
54800;377;392;9;16;12;1
54801;389;392;9;16;12;1
54803;401;392;9;16;12;1
54804;413;392;10;16;12;1
54805;426;392;9;16;12;1
54812;438;392;9;16;12;1
54816;450;392;9;16;12;1
54820;462;392;9;16;12;1
54829;474;392;9;16;12;1
54840;486;392;11;15;12;1
54841;500;392;11;16;12;1
54844;514;392;11;16;12;1
54848;528;392;11;16;12;1
54853;542;392;11;16;12;1
54856;556;392;11;16;12;1
54857;570;392;11;16;12;1
54859;584;392;11;16;12;1
54861;598;392;11;16;12;1
54865;612;392;11;16;12;1
54868;626;392;11;16;12;1
54869;640;392;11;16;12;1
54872;654;392;11;16;12;1
54876;668;392;11;16;12;1
54887;682;392;11;16;12;1
54889;696;392;11;16;12;1
54896;710;392;9;16;12;1
54897;722;392;9;16;12;1
54900;734;392;9;16;12;1
54915;746;392;9;16;12;1
54917;758;392;9;16;12;1
54924;770;392;9;16;12;1
54925;782;392;9;16;12;1
54928;794;392;9;16;12;1
54932;806;392;9;16;12;1
54941;818;392;9;16;12;1
54943;830;392;9;16;12;1
54945;842;392;9;16;12;1
54952;854;392;11;15;12;1
54956;868;392;11;16;12;1
54960;882;392;11;16;12;1
54969;896;392;11;16;12;1
54971;910;392;11;16;12;1
54980;924;392;11;16;12;1
54981;938;392;11;16;12;1
54984;952;392;11;16;12;1
54988;966;392;11;16;12;1
54993;980;392;11;16;12;1
54996;994;392;11;16;12;1
54999;1008;392;11;16;12;1
55001;1022;392;11;16;12;1
55008;1036;392;9;16;12;1
55012;1048;392;9;16;12;1
55016;1060;392;9;16;12;1
55024;1072;392;9;16;12;1
55029;1084;392;9;16;12;1
55036;1096;392;9;16;12;1
55037;1108;392;9;16;12;1
55040;1120;392;9;16;12;1
55044;1132;392;9;16;12;1
55057;1144;392;9;16;12;1
55064;1156;392;9;16;12;1
55065;1168;392;9;16;12;1
55068;1180;392;9;16;12;1
55072;1192;392;9;16;12;1
55080;1204;392;9;16;12;1
55081;1216;392;9;16;12;1
55083;1228;392;9;16;12;1
55085;1240;392;9;16;12;1
55092;1252;392;11;16;12;1
55093;1266;392;11;16;12;1
55096;1280;392;11;16;12;1
55100;1294;392;11;16;12;1
55108;1308;392;11;16;12;1
55111;1322;392;11;16;12;1
55113;1336;392;11;16;12;1
55120;1350;392;11;15;12;1
55121;1364;392;11;16;12;1
55124;1378;392;11;16;12;1
55126;1392;392;11;16;12;1
55127;1406;392;11;16;12;1
55128;1420;392;11;16;12;1
55129;1434;392;11;16;12;1
55136;1448;392;11;16;12;1
55137;1462;392;11;16;12;1
55139;1476;392;11;16;12;1
55141;1490;392;11;16;12;1
55145;1504;392;11;16;12;1
55148;1518;392;9;16;12;1
55152;1530;392;9;16;12;1
55156;1542;392;9;16;12;1
55164;1554;392;9;16;12;1
55165;1566;392;9;16;12;1
55169;1578;392;9;16;12;1
55176;1590;392;9;16;12;1
55177;1602;392;9;16;12;1
55180;1614;392;9;16;12;1
55184;1626;392;9;16;12;1
55192;1638;392;9;16;12;1
55193;1650;392;9;16;12;1
55195;1662;392;9;16;12;1
55197;1674;392;9;16;12;1
