"Comic Sans MS";10;True;False;1;0;1;1
32;0;0;6;19;6;0
33;9;0;2;15;3;1
34;14;0;5;9;6;1
35;22;0;9;15;11;1
36;34;0;8;17;9;0
37;45;0;11;15;11;0
38;59;0;9;15;9;0
39;71;0;2;9;6;2
40;76;0;4;19;5;1
41;83;0;4;19;5;0
42;90;0;6;10;7;0
43;99;0;6;14;8;1
44;108;0;2;17;6;1
45;113;0;5;12;8;1
46;121;0;2;15;6;2
47;126;0;6;16;7;0
48;135;0;6;15;8;1
49;144;0;6;15;8;1
50;153;0;7;15;8;0
51;163;0;6;15;8;1
52;172;0;7;15;8;0
53;182;0;6;15;8;1
54;191;0;6;15;8;1
55;200;0;7;15;8;1
56;210;0;6;15;8;1
57;219;0;6;15;8;1
58;228;0;2;14;6;2
59;233;0;3;16;6;1
60;239;0;4;14;8;2
61;246;0;5;14;8;1
62;254;0;4;14;8;3
63;261;0;7;15;7;0
64;271;0;12;16;12;0
65;286;0;8;15;10;1
66;297;0;7;15;8;1
67;307;0;8;15;8;0
68;318;0;7;15;9;1
69;328;0;7;15;8;0
70;338;0;6;15;8;1
71;347;0;9;15;9;0
72;359;0;8;15;10;1
73;370;0;6;15;7;0
74;379;0;8;16;9;0
75;390;0;7;15;8;1
76;400;0;6;15;7;1
77;409;0;10;15;11;0
78;422;0;9;15;11;1
79;434;0;10;15;10;0
80;447;0;5;15;7;1
81;455;0;11;18;11;0
82;469;0;6;15;8;1
83;478;0;8;15;9;0
84;489;0;8;15;9;0
85;500;0;8;15;10;1
86;511;0;9;15;9;0
87;523;0;13;15;14;1
88;539;0;9;15;9;0
89;551;0;8;15;8;0
90;562;0;8;15;9;0
91;573;0;4;19;5;1
92;580;0;6;16;7;1
93;589;0;4;19;5;0
94;596;0;6;7;8;1
95;605;0;9;17;8;0
96;617;0;3;7;7;1
97;623;0;6;15;7;0
98;632;0;6;15;8;1
99;641;0;6;15;7;0
100;650;0;7;15;8;0
101;660;0;6;15;7;0
102;669;0;6;16;7;0
103;678;0;6;19;7;0
104;687;0;6;15;8;1
105;696;0;2;15;4;1
106;701;0;5;19;5;1
107;709;0;6;15;7;0
108;718;0;2;15;4;1
109;723;0;8;15;10;1
110;734;0;6;15;7;0
111;743;0;6;15;7;0
112;752;0;6;19;7;0
113;761;0;6;19;7;0
114;770;0;6;15;6;0
115;779;0;5;15;6;0
116;787;0;6;15;6;0
117;796;0;6;15;7;0
118;805;0;6;15;6;0
119;814;0;8;15;9;0
120;825;0;7;15;8;0
121;835;0;7;19;7;0
122;845;0;6;15;7;0
123;854;0;5;19;5;0
124;862;0;2;19;5;1
125;867;0;5;19;5;0
126;875;0;7;12;8;0
127;885;0;7;12;8;0
12593;895;0;17;16;17;0
12594;915;0;17;16;17;0
12595;935;0;17;16;17;0
12596;955;0;17;16;17;0
12597;975;0;17;16;17;0
12598;995;0;17;16;17;0
12599;1015;0;17;16;17;0
12600;1035;0;17;16;17;0
12601;1055;0;17;16;17;0
12602;1075;0;17;16;17;0
12603;1095;0;17;16;17;0
12604;1115;0;17;16;17;0
12605;1135;0;17;16;17;0
12606;1155;0;17;16;17;0
12607;1175;0;17;16;17;0
12608;1195;0;17;16;17;0
12609;1215;0;17;16;17;0
12610;1235;0;17;16;17;0
12611;1255;0;17;16;17;0
12612;1275;0;17;16;17;0
12613;1295;0;17;16;17;0
12614;1315;0;17;16;17;0
12615;1335;0;17;16;17;0
12616;1355;0;17;16;17;0
12617;1375;0;17;16;17;0
12618;1395;0;17;16;17;0
12619;1415;0;17;16;17;0
12620;1435;0;17;16;17;0
12621;1455;0;17;16;17;0
12622;1475;0;17;16;17;0
12623;1495;0;17;16;17;0
12624;1515;0;17;16;17;0
12625;1535;0;17;16;17;0
12626;1555;0;17;16;17;0
12627;1575;0;17;16;17;0
12628;1595;0;17;16;17;0
12629;1615;0;17;16;17;0
12630;1635;0;17;16;17;0
12631;1655;0;17;16;17;0
12632;1675;0;17;16;17;0
12633;1695;0;17;16;17;0
12634;1715;0;17;16;17;0
12635;1735;0;17;16;17;0
12636;1755;0;17;16;17;0
12637;1775;0;17;16;17;0
12638;1795;0;17;16;17;0
12639;1815;0;17;16;17;0
12640;1835;0;17;16;17;0
12641;1855;0;17;16;17;0
12642;1875;0;17;16;17;0
12643;1895;0;17;16;17;0
44032;1915;0;17;16;17;0
44033;1935;0;17;16;17;0
44036;1955;0;17;16;17;0
44039;1975;0;17;16;17;0
44040;1995;0;17;16;17;0
44041;0;28;17;16;17;0
44042;20;28;17;16;17;0
44048;40;28;17;16;17;0
44049;60;28;17;16;17;0
44050;80;28;17;16;17;0
44051;100;28;17;16;17;0
44052;120;28;17;16;17;0
44053;140;28;17;16;17;0
44054;160;28;17;16;17;0
44055;180;28;17;16;17;0
44057;200;28;17;16;17;0
44058;220;28;17;16;17;0
44059;240;28;17;16;17;0
44060;260;28;17;16;17;0
44061;280;28;17;16;17;0
44064;300;28;17;16;17;0
44068;320;28;17;16;17;0
44076;340;28;17;16;17;0
44077;360;28;17;16;17;0
44079;380;28;17;16;17;0
44080;400;28;17;16;17;0
44081;420;28;17;16;17;0
44088;440;28;17;16;17;0
44089;460;28;17;16;17;0
44092;480;28;17;16;17;0
44096;500;28;17;16;17;0
44107;520;28;17;16;17;0
44109;540;28;17;16;17;0
44116;560;28;17;16;17;0
44120;580;28;17;16;17;0
44124;600;28;17;16;17;0
44144;620;28;17;16;17;0
44145;640;28;17;16;17;0
44148;660;28;17;16;17;0
44151;680;28;17;16;17;0
44152;700;28;17;16;17;0
44154;720;28;17;16;17;0
44160;740;28;17;16;17;0
44161;760;28;17;16;17;0
44163;780;28;17;16;17;0
44164;800;28;17;16;17;0
44165;820;28;17;16;17;0
44166;840;28;17;16;17;0
44169;860;28;17;16;17;0
44170;880;28;17;16;17;0
44171;900;28;17;16;17;0
44172;920;28;17;16;17;0
44176;940;28;17;16;17;0
44180;960;28;17;16;17;0
44188;980;28;17;16;17;0
44189;1000;28;17;16;17;0
44191;1020;28;17;16;17;0
44192;1040;28;17;16;17;0
44193;1060;28;17;16;17;0
44200;1080;28;17;16;17;0
44201;1100;28;17;16;17;0
44202;1120;28;17;16;17;0
44204;1140;28;17;16;17;0
44207;1160;28;17;16;17;0
44208;1180;28;17;16;17;0
44216;1200;28;17;16;17;0
44217;1220;28;17;16;17;0
44219;1240;28;17;16;17;0
44220;1260;28;17;16;17;0
44221;1280;28;17;16;17;0
44225;1300;28;17;16;17;0
44228;1320;28;17;16;17;0
44232;1340;28;17;16;17;0
44236;1360;28;17;16;17;0
44245;1380;28;17;16;17;0
44247;1400;28;17;16;17;0
44256;1420;28;17;16;17;0
44257;1440;28;17;16;17;0
44260;1460;28;17;16;17;0
44263;1480;28;17;16;17;0
44264;1500;28;17;16;17;0
44266;1520;28;17;16;17;0
44268;1540;28;17;16;17;0
44271;1560;28;17;16;17;0
44272;1580;28;17;16;17;0
44273;1600;28;17;16;17;0
44275;1620;28;17;16;17;0
44277;1640;28;17;16;17;0
44278;1660;28;17;16;17;0
44284;1680;28;17;16;17;0
44285;1700;28;17;16;17;0
44288;1720;28;17;16;17;0
44292;1740;28;17;16;17;0
44294;1760;28;17;16;17;0
44300;1780;28;17;16;17;0
44301;1800;28;17;16;17;0
44303;1820;28;17;16;17;0
44305;1840;28;17;16;17;0
44312;1860;28;17;16;17;0
44316;1880;28;17;16;17;0
44320;1900;28;17;16;17;0
44329;1920;28;17;16;17;0
44332;1940;28;17;16;17;0
44333;1960;28;17;16;17;0
44340;1980;28;17;16;17;0
44341;0;54;17;16;17;0
44344;20;54;17;16;17;0
44348;40;54;17;16;17;0
44356;60;54;17;16;17;0
44357;80;54;17;16;17;0
44359;100;54;17;16;17;0
44361;120;54;17;16;17;0
44368;140;54;17;16;17;0
44372;160;54;17;16;17;0
44376;180;54;17;16;17;0
44385;200;54;17;16;17;0
44387;220;54;17;16;17;0
44396;240;54;17;16;17;0
44397;260;54;17;16;17;0
44400;280;54;17;16;17;0
44403;300;54;17;16;17;0
44404;320;54;17;16;17;0
44405;340;54;17;16;17;0
44406;360;54;17;16;17;0
44411;380;54;17;16;17;0
44412;400;54;17;16;17;0
44413;420;54;17;16;17;0
44415;440;54;17;16;17;0
44417;460;54;17;16;17;0
44418;480;54;17;16;17;0
44424;500;54;17;16;17;0
44425;520;54;17;16;17;0
44428;540;54;17;16;17;0
44432;560;54;17;16;17;0
44444;580;54;17;16;17;0
44445;600;54;17;16;17;0
44452;620;54;17;16;17;0
44471;640;54;17;16;17;0
44480;660;54;17;16;17;0
44481;680;54;17;16;17;0
44484;700;54;17;16;17;0
44488;720;54;17;16;17;0
44496;740;54;17;16;17;0
44497;760;54;17;16;17;0
44499;780;54;17;16;17;0
44508;800;54;17;16;17;0
44512;820;54;17;16;17;0
44516;840;54;17;16;17;0
44536;860;54;17;16;17;0
44537;880;54;17;16;17;0
44540;900;54;17;16;17;0
44543;920;54;17;16;17;0
44544;940;54;17;16;17;0
44545;960;54;17;16;17;0
44552;980;54;17;16;17;0
44553;1000;54;17;16;17;0
44555;1020;54;17;16;17;0
44557;1040;54;17;16;17;0
44564;1060;54;17;16;17;0
44592;1080;54;17;16;17;0
44593;1100;54;17;16;17;0
44596;1120;54;17;16;17;0
44599;1140;54;17;16;17;0
44600;1160;54;17;16;17;0
44602;1180;54;17;16;17;0
44608;1200;54;17;16;17;0
44609;1220;54;17;16;17;0
44611;1240;54;17;16;17;0
44613;1260;54;17;16;17;0
44614;1280;54;17;16;17;0
44618;1300;54;17;16;17;0
44620;1320;54;17;16;17;0
44621;1340;54;17;16;17;0
44622;1360;54;17;16;17;0
44624;1380;54;17;16;17;0
44628;1400;54;17;16;17;0
44630;1420;54;17;16;17;0
44636;1440;54;17;16;17;0
44637;1460;54;17;16;17;0
44639;1480;54;17;16;17;0
44640;1500;54;17;16;17;0
44641;1520;54;17;16;17;0
44645;1540;54;17;16;17;0
44648;1560;54;17;16;17;0
44649;1580;54;17;16;17;0
44652;1600;54;17;16;17;0
44656;1620;54;17;16;17;0
44664;1640;54;17;16;17;0
44665;1660;54;17;16;17;0
44667;1680;54;17;16;17;0
44668;1700;54;17;16;17;0
44669;1720;54;17;16;17;0
44676;1740;54;17;16;17;0
44677;1760;54;17;16;17;0
44684;1780;54;17;16;17;0
44732;1800;54;17;16;17;0
44733;1820;54;17;16;17;0
44734;1840;54;17;16;17;0
44736;1860;54;17;16;17;0
44740;1880;54;17;16;17;0
44748;1900;54;17;16;17;0
44749;1920;54;17;16;17;0
44751;1940;54;17;16;17;0
44752;1960;54;17;16;17;0
44753;1980;54;17;16;17;0
44760;0;80;17;16;17;0
44761;20;80;17;16;17;0
44764;40;80;17;16;17;0
44776;60;80;17;16;17;0
44779;80;80;17;16;17;0
44781;100;80;17;16;17;0
44788;120;80;17;16;17;0
44792;140;80;17;16;17;0
44796;160;80;17;16;17;0
44807;180;80;17;16;17;0
44808;200;80;17;16;17;0
44813;220;80;17;16;17;0
44816;240;80;17;16;17;0
44844;260;80;17;16;17;0
44845;280;80;17;16;17;0
44848;300;80;17;16;17;0
44850;320;80;17;16;17;0
44852;340;80;17;16;17;0
44860;360;80;17;16;17;0
44861;380;80;17;16;17;0
44863;400;80;17;16;17;0
44865;420;80;17;16;17;0
44866;440;80;17;16;17;0
44867;460;80;17;16;17;0
44872;480;80;17;16;17;0
44873;500;80;17;16;17;0
44880;520;80;17;16;17;0
44892;540;80;17;16;17;0
44893;560;80;17;16;17;0
44900;580;80;17;16;17;0
44901;600;80;17;16;17;0
44921;620;80;17;16;17;0
44928;640;80;17;16;17;0
44932;660;80;17;16;17;0
44936;680;80;17;16;17;0
44944;700;80;17;16;17;0
44945;720;80;17;16;17;0
44949;740;80;17;16;17;0
44956;760;80;17;16;17;0
44984;780;80;17;16;17;0
44985;800;80;17;16;17;0
44988;820;80;17;16;17;0
44992;840;80;17;16;17;0
44999;860;80;17;16;17;0
45000;880;80;17;16;17;0
45001;900;80;17;16;17;0
45003;920;80;17;16;17;0
45005;940;80;17;16;17;0
45006;960;80;17;16;17;0
45012;980;80;17;16;17;0
45020;1000;80;17;16;17;0
45032;1020;80;17;16;17;0
45033;1040;80;17;16;17;0
45040;1060;80;17;16;17;0
45041;1080;80;17;16;17;0
45044;1100;80;17;16;17;0
45048;1120;80;17;16;17;0
45056;1140;80;17;16;17;0
45057;1160;80;17;16;17;0
45060;1180;80;17;16;17;0
45068;1200;80;17;16;17;0
45072;1220;80;17;16;17;0
45076;1240;80;17;16;17;0
45084;1260;80;17;16;17;0
45085;1280;80;17;16;17;0
45096;1300;80;17;16;17;0
45124;1320;80;17;16;17;0
45125;1340;80;17;16;17;0
45128;1360;80;17;16;17;0
45130;1380;80;17;16;17;0
45132;1400;80;17;16;17;0
45134;1420;80;17;16;17;0
45139;1440;80;17;16;17;0
45140;1460;80;17;16;17;0
45141;1480;80;17;16;17;0
45143;1500;80;17;16;17;0
45145;1520;80;17;16;17;0
45149;1540;80;17;16;17;0
45180;1560;80;17;16;17;0
45181;1580;80;17;16;17;0
45184;1600;80;17;16;17;0
45188;1620;80;17;16;17;0
45196;1640;80;17;16;17;0
45197;1660;80;17;16;17;0
45199;1680;80;17;16;17;0
45201;1700;80;17;16;17;0
45208;1720;80;17;16;17;0
45209;1740;80;17;16;17;0
45210;1760;80;17;16;17;0
45212;1780;80;17;16;17;0
45215;1800;80;17;16;17;0
45216;1820;80;17;16;17;0
45217;1840;80;17;16;17;0
45218;1860;80;17;16;17;0
45224;1880;80;17;16;17;0
45225;1900;80;17;16;17;0
45227;1920;80;17;16;17;0
45228;1940;80;17;16;17;0
45229;1960;80;17;16;17;0
45230;1980;80;17;16;17;0
45231;0;106;17;16;17;0
45233;20;106;17;16;17;0
45235;40;106;17;16;17;0
45236;60;106;17;16;17;0
45237;80;106;17;16;17;0
45240;100;106;17;16;17;0
45244;120;106;17;16;17;0
45252;140;106;17;16;17;0
45253;160;106;17;16;17;0
45255;180;106;17;16;17;0
45256;200;106;17;16;17;0
45257;220;106;17;16;17;0
45264;240;106;17;16;17;0
45265;260;106;17;16;17;0
45268;280;106;17;16;17;0
45272;300;106;17;16;17;0
45280;320;106;17;16;17;0
45285;340;106;17;16;17;0
45320;360;106;17;16;17;0
45321;380;106;17;16;17;0
45323;400;106;17;16;17;0
45324;420;106;17;16;17;0
45328;440;106;17;16;17;0
45330;460;106;17;16;17;0
45331;480;106;17;16;17;0
45336;500;106;17;16;17;0
45337;520;106;17;16;17;0
45339;540;106;17;16;17;0
45340;560;106;17;16;17;0
45341;580;106;17;16;17;0
45347;600;106;17;16;17;0
45348;620;106;17;16;17;0
45349;640;106;17;16;17;0
45352;660;106;17;16;17;0
45356;680;106;17;16;17;0
45364;700;106;17;16;17;0
45365;720;106;17;16;17;0
45367;740;106;17;16;17;0
45368;760;106;17;16;17;0
45369;780;106;17;16;17;0
45376;800;106;17;16;17;0
45377;820;106;17;16;17;0
45380;840;106;17;16;17;0
45384;860;106;17;16;17;0
45392;880;106;17;16;17;0
45393;900;106;17;16;17;0
45396;920;106;17;16;17;0
45397;940;106;17;16;17;0
45400;960;106;17;16;17;0
45404;980;106;17;16;17;0
45408;1000;106;17;16;17;0
45432;1020;106;17;16;17;0
45433;1040;106;17;16;17;0
45436;1060;106;17;16;17;0
45440;1080;106;17;16;17;0
45442;1100;106;17;16;17;0
45448;1120;106;17;16;17;0
45449;1140;106;17;16;17;0
45451;1160;106;17;16;17;0
45453;1180;106;17;16;17;0
45458;1200;106;17;16;17;0
45459;1220;106;17;16;17;0
45460;1240;106;17;16;17;0
45464;1260;106;17;16;17;0
45468;1280;106;17;16;17;0
45480;1300;106;17;16;17;0
45516;1320;106;17;16;17;0
45520;1340;106;17;16;17;0
45524;1360;106;17;16;17;0
45532;1380;106;17;16;17;0
45533;1400;106;17;16;17;0
45535;1420;106;17;16;17;0
45544;1440;106;17;16;17;0
45545;1460;106;17;16;17;0
45548;1480;106;17;16;17;0
45552;1500;106;17;16;17;0
45561;1520;106;17;16;17;0
45563;1540;106;17;16;17;0
45565;1560;106;17;16;17;0
45572;1580;106;17;16;17;0
45573;1600;106;17;16;17;0
45576;1620;106;17;16;17;0
45579;1640;106;17;16;17;0
45580;1660;106;17;16;17;0
45588;1680;106;17;16;17;0
45589;1700;106;17;16;17;0
45591;1720;106;17;16;17;0
45593;1740;106;17;16;17;0
45600;1760;106;17;16;17;0
45620;1780;106;17;16;17;0
45628;1800;106;17;16;17;0
45656;1820;106;17;16;17;0
45660;1840;106;17;16;17;0
45664;1860;106;17;16;17;0
45672;1880;106;17;16;17;0
45673;1900;106;17;16;17;0
45684;1920;106;17;16;17;0
45685;1940;106;17;16;17;0
45692;1960;106;17;16;17;0
45700;1980;106;17;16;17;0
45701;0;132;17;16;17;0
45705;20;132;17;16;17;0
45712;40;132;17;16;17;0
45713;60;132;17;16;17;0
45716;80;132;17;16;17;0
45720;100;132;17;16;17;0
45721;120;132;17;16;17;0
45722;140;132;17;16;17;0
45728;160;132;17;16;17;0
45729;180;132;17;16;17;0
45731;200;132;17;16;17;0
45733;220;132;17;16;17;0
45734;240;132;17;16;17;0
45738;260;132;17;16;17;0
45740;280;132;17;16;17;0
45744;300;132;17;16;17;0
45748;320;132;17;16;17;0
45768;340;132;17;16;17;0
45769;360;132;17;16;17;0
45772;380;132;17;16;17;0
45776;400;132;17;16;17;0
45778;420;132;17;16;17;0
45784;440;132;17;16;17;0
45785;460;132;17;16;17;0
45787;480;132;17;16;17;0
45789;500;132;17;16;17;0
45794;520;132;17;16;17;0
45796;540;132;17;16;17;0
45797;560;132;17;16;17;0
45798;580;132;17;16;17;0
45800;600;132;17;16;17;0
45803;620;132;17;16;17;0
45804;640;132;17;16;17;0
45805;660;132;17;16;17;0
45806;680;132;17;16;17;0
45807;700;132;17;16;17;0
45811;720;132;17;16;17;0
45812;740;132;17;16;17;0
45813;760;132;17;16;17;0
45815;780;132;17;16;17;0
45816;800;132;17;16;17;0
45817;820;132;17;16;17;0
45818;840;132;17;16;17;0
45819;860;132;17;16;17;0
45823;880;132;17;16;17;0
45824;900;132;17;16;17;0
45825;920;132;17;16;17;0
45828;940;132;17;16;17;0
45832;960;132;17;16;17;0
45840;980;132;17;16;17;0
45841;1000;132;17;16;17;0
45843;1020;132;17;16;17;0
45844;1040;132;17;16;17;0
45845;1060;132;17;16;17;0
45852;1080;132;17;16;17;0
45908;1100;132;17;16;17;0
45909;1120;132;17;16;17;0
45910;1140;132;17;16;17;0
45912;1160;132;17;16;17;0
45915;1180;132;17;16;17;0
45916;1200;132;17;16;17;0
45918;1220;132;17;16;17;0
45919;1240;132;17;16;17;0
45924;1260;132;17;16;17;0
45925;1280;132;17;16;17;0
45927;1300;132;17;16;17;0
45929;1320;132;17;16;17;0
45931;1340;132;17;16;17;0
45934;1360;132;17;16;17;0
45936;1380;132;17;16;17;0
45937;1400;132;17;16;17;0
45940;1420;132;17;16;17;0
45944;1440;132;17;16;17;0
45952;1460;132;17;16;17;0
45953;1480;132;17;16;17;0
45955;1500;132;17;16;17;0
45956;1520;132;17;16;17;0
45957;1540;132;17;16;17;0
45964;1560;132;17;16;17;0
45968;1580;132;17;16;17;0
45972;1600;132;17;16;17;0
45984;1620;132;17;16;17;0
45985;1640;132;17;16;17;0
45992;1660;132;17;16;17;0
45996;1680;132;17;16;17;0
46020;1700;132;17;16;17;0
46021;1720;132;17;16;17;0
46024;1740;132;17;16;17;0
46027;1760;132;17;16;17;0
46028;1780;132;17;16;17;0
46030;1800;132;17;16;17;0
46032;1820;132;17;16;17;0
46036;1840;132;17;16;17;0
46037;1860;132;17;16;17;0
46039;1880;132;17;16;17;0
46041;1900;132;17;16;17;0
46043;1920;132;17;16;17;0
46045;1940;132;17;16;17;0
46048;1960;132;17;16;17;0
46052;1980;132;17;16;17;0
46056;0;158;17;16;17;0
46076;20;158;17;16;17;0
46096;40;158;17;16;17;0
46104;60;158;17;16;17;0
46108;80;158;17;16;17;0
46112;100;158;17;16;17;0
46120;120;158;17;16;17;0
46121;140;158;17;16;17;0
46123;160;158;17;16;17;0
46132;180;158;17;16;17;0
46160;200;158;17;16;17;0
46161;220;158;17;16;17;0
46164;240;158;17;16;17;0
46168;260;158;17;16;17;0
46176;280;158;17;16;17;0
46177;300;158;17;16;17;0
46179;320;158;17;16;17;0
46181;340;158;17;16;17;0
46188;360;158;17;16;17;0
46208;380;158;17;16;17;0
46216;400;158;17;16;17;0
46237;420;158;17;16;17;0
46244;440;158;17;16;17;0
46248;460;158;17;16;17;0
46252;480;158;17;16;17;0
46261;500;158;17;16;17;0
46263;520;158;17;16;17;0
46265;540;158;17;16;17;0
46272;560;158;17;16;17;0
46276;580;158;17;16;17;0
46280;600;158;17;16;17;0
46288;620;158;17;16;17;0
46293;640;158;17;16;17;0
46300;660;158;17;16;17;0
46301;680;158;17;16;17;0
46304;700;158;17;16;17;0
46307;720;158;17;16;17;0
46308;740;158;17;16;17;0
46310;760;158;17;16;17;0
46316;780;158;17;16;17;0
46317;800;158;17;16;17;0
46319;820;158;17;16;17;0
46321;840;158;17;16;17;0
46328;860;158;17;16;17;0
46356;880;158;17;16;17;0
46357;900;158;17;16;17;0
46360;920;158;17;16;17;0
46363;940;158;17;16;17;0
46364;960;158;17;16;17;0
46372;980;158;17;16;17;0
46373;1000;158;17;16;17;0
46375;1020;158;17;16;17;0
46376;1040;158;17;16;17;0
46377;1060;158;17;16;17;0
46378;1080;158;17;16;17;0
46384;1100;158;17;16;17;0
46385;1120;158;17;16;17;0
46388;1140;158;17;16;17;0
46392;1160;158;17;16;17;0
46400;1180;158;17;16;17;0
46401;1200;158;17;16;17;0
46403;1220;158;17;16;17;0
46404;1240;158;17;16;17;0
46405;1260;158;17;16;17;0
46411;1280;158;17;16;17;0
46412;1300;158;17;16;17;0
46413;1320;158;17;16;17;0
46416;1340;158;17;16;17;0
46420;1360;158;17;16;17;0
46428;1380;158;17;16;17;0
46429;1400;158;17;16;17;0
46431;1420;158;17;16;17;0
46432;1440;158;17;16;17;0
46433;1460;158;17;16;17;0
46496;1480;158;17;16;17;0
46497;1500;158;17;16;17;0
46500;1520;158;17;16;17;0
46504;1540;158;17;16;17;0
46506;1560;158;17;16;17;0
46507;1580;158;17;16;17;0
46512;1600;158;17;16;17;0
46513;1620;158;17;16;17;0
46515;1640;158;17;16;17;0
46516;1660;158;17;16;17;0
46517;1680;158;17;16;17;0
46523;1700;158;17;16;17;0
46524;1720;158;17;16;17;0
46525;1740;158;17;16;17;0
46528;1760;158;17;16;17;0
46532;1780;158;17;16;17;0
46540;1800;158;17;16;17;0
46541;1820;158;17;16;17;0
46543;1840;158;17;16;17;0
46544;1860;158;17;16;17;0
46545;1880;158;17;16;17;0
46552;1900;158;17;16;17;0
46572;1920;158;17;16;17;0
46608;1940;158;17;16;17;0
46609;1960;158;17;16;17;0
46612;1980;158;17;16;17;0
46616;0;184;17;16;17;0
46629;20;184;17;16;17;0
46636;40;184;17;16;17;0
46644;60;184;17;16;17;0
46664;80;184;17;16;17;0
46692;100;184;17;16;17;0
46696;120;184;17;16;17;0
46748;140;184;17;16;17;0
46749;160;184;17;16;17;0
46752;180;184;17;16;17;0
46756;200;184;17;16;17;0
46763;220;184;17;16;17;0
46764;240;184;17;16;17;0
46769;260;184;17;16;17;0
46804;280;184;17;16;17;0
46832;300;184;17;16;17;0
46836;320;184;17;16;17;0
46840;340;184;17;16;17;0
46848;360;184;17;16;17;0
46849;380;184;17;16;17;0
46853;400;184;17;16;17;0
46888;420;184;17;16;17;0
46889;440;184;17;16;17;0
46892;460;184;17;16;17;0
46895;480;184;17;16;17;0
46896;500;184;17;16;17;0
46904;520;184;17;16;17;0
46905;540;184;17;16;17;0
46907;560;184;17;16;17;0
46916;580;184;17;16;17;0
46920;600;184;17;16;17;0
46924;620;184;17;16;17;0
46932;640;184;17;16;17;0
46933;660;184;17;16;17;0
46944;680;184;17;16;17;0
46948;700;184;17;16;17;0
46952;720;184;17;16;17;0
46960;740;184;17;16;17;0
46961;760;184;17;16;17;0
46963;780;184;17;16;17;0
46965;800;184;17;16;17;0
46972;820;184;17;16;17;0
46973;840;184;17;16;17;0
46976;860;184;17;16;17;0
46980;880;184;17;16;17;0
46988;900;184;17;16;17;0
46989;920;184;17;16;17;0
46991;940;184;17;16;17;0
46992;960;184;17;16;17;0
46993;980;184;17;16;17;0
46994;1000;184;17;16;17;0
46998;1020;184;17;16;17;0
46999;1040;184;17;16;17;0
47000;1060;184;17;16;17;0
47001;1080;184;17;16;17;0
47004;1100;184;17;16;17;0
47008;1120;184;17;16;17;0
47016;1140;184;17;16;17;0
47017;1160;184;17;16;17;0
47019;1180;184;17;16;17;0
47020;1200;184;17;16;17;0
47021;1220;184;17;16;17;0
47028;1240;184;17;16;17;0
47029;1260;184;17;16;17;0
47032;1280;184;17;16;17;0
47047;1300;184;17;16;17;0
47049;1320;184;17;16;17;0
47084;1340;184;17;16;17;0
47085;1360;184;17;16;17;0
47088;1380;184;17;16;17;0
47092;1400;184;17;16;17;0
47100;1420;184;17;16;17;0
47101;1440;184;17;16;17;0
47103;1460;184;17;16;17;0
47104;1480;184;17;16;17;0
47105;1500;184;17;16;17;0
47111;1520;184;17;16;17;0
47112;1540;184;17;16;17;0
47113;1560;184;17;16;17;0
47116;1580;184;17;16;17;0
47120;1600;184;17;16;17;0
47128;1620;184;17;16;17;0
47129;1640;184;17;16;17;0
47131;1660;184;17;16;17;0
47133;1680;184;17;16;17;0
47140;1700;184;17;16;17;0
47141;1720;184;17;16;17;0
47144;1740;184;17;16;17;0
47148;1760;184;17;16;17;0
47156;1780;184;17;16;17;0
47157;1800;184;17;16;17;0
47159;1820;184;17;16;17;0
47160;1840;184;17;16;17;0
47161;1860;184;17;16;17;0
47168;1880;184;17;16;17;0
47172;1900;184;17;16;17;0
47185;1920;184;17;16;17;0
47187;1940;184;17;16;17;0
47196;1960;184;17;16;17;0
47197;1980;184;17;16;17;0
47200;0;210;17;16;17;0
47204;20;210;17;16;17;0
47212;40;210;17;16;17;0
47213;60;210;17;16;17;0
47215;80;210;17;16;17;0
47217;100;210;17;16;17;0
47224;120;210;17;16;17;0
47228;140;210;17;16;17;0
47245;160;210;17;16;17;0
47272;180;210;17;16;17;0
47280;200;210;17;16;17;0
47284;220;210;17;16;17;0
47288;240;210;17;16;17;0
47296;260;210;17;16;17;0
47297;280;210;17;16;17;0
47299;300;210;17;16;17;0
47301;320;210;17;16;17;0
47308;340;210;17;16;17;0
47312;360;210;17;16;17;0
47316;380;210;17;16;17;0
47325;400;210;17;16;17;0
47327;420;210;17;16;17;0
47329;440;210;17;16;17;0
47336;460;210;17;16;17;0
47337;480;210;17;16;17;0
47340;500;210;17;16;17;0
47344;520;210;17;16;17;0
47352;540;210;17;16;17;0
47353;560;210;17;16;17;0
47355;580;210;17;16;17;0
47357;600;210;17;16;17;0
47364;620;210;17;16;17;0
47384;640;210;17;16;17;0
47392;660;210;17;16;17;0
47420;680;210;17;16;17;0
47421;700;210;17;16;17;0
47424;720;210;17;16;17;0
47428;740;210;17;16;17;0
47436;760;210;17;16;17;0
47439;780;210;17;16;17;0
47441;800;210;17;16;17;0
47448;820;210;17;16;17;0
47449;840;210;17;16;17;0
47452;860;210;17;16;17;0
47456;880;210;17;16;17;0
47464;900;210;17;16;17;0
47465;920;210;17;16;17;0
47467;940;210;17;16;17;0
47469;960;210;17;16;17;0
47476;980;210;17;16;17;0
47477;1000;210;17;16;17;0
47480;1020;210;17;16;17;0
47484;1040;210;17;16;17;0
47492;1060;210;17;16;17;0
47493;1080;210;17;16;17;0
47495;1100;210;17;16;17;0
47497;1120;210;17;16;17;0
47498;1140;210;17;16;17;0
47501;1160;210;17;16;17;0
47502;1180;210;17;16;17;0
47532;1200;210;17;16;17;0
47533;1220;210;17;16;17;0
47536;1240;210;17;16;17;0
47540;1260;210;17;16;17;0
47548;1280;210;17;16;17;0
47549;1300;210;17;16;17;0
47551;1320;210;17;16;17;0
47553;1340;210;17;16;17;0
47560;1360;210;17;16;17;0
47561;1380;210;17;16;17;0
47564;1400;210;17;16;17;0
47566;1420;210;17;16;17;0
47567;1440;210;17;16;17;0
47568;1460;210;17;16;17;0
47569;1480;210;17;16;17;0
47570;1500;210;17;16;17;0
47576;1520;210;17;16;17;0
47577;1540;210;17;16;17;0
47579;1560;210;17;16;17;0
47581;1580;210;17;16;17;0
47582;1600;210;17;16;17;0
47585;1620;210;17;16;17;0
47587;1640;210;17;16;17;0
47588;1660;210;17;16;17;0
47589;1680;210;17;16;17;0
47592;1700;210;17;16;17;0
47596;1720;210;17;16;17;0
47604;1740;210;17;16;17;0
47605;1760;210;17;16;17;0
47607;1780;210;17;16;17;0
47608;1800;210;17;16;17;0
47609;1820;210;17;16;17;0
47610;1840;210;17;16;17;0
47616;1860;210;17;16;17;0
47617;1880;210;17;16;17;0
47624;1900;210;17;16;17;0
47637;1920;210;17;16;17;0
47672;1940;210;17;16;17;0
47673;1960;210;17;16;17;0
47676;1980;210;17;16;17;0
47680;0;236;17;16;17;0
47682;20;236;17;16;17;0
47688;40;236;17;16;17;0
47689;60;236;17;16;17;0
47691;80;236;17;16;17;0
47693;100;236;17;16;17;0
47694;120;236;17;16;17;0
47699;140;236;17;16;17;0
47700;160;236;17;16;17;0
47701;180;236;17;16;17;0
47704;200;236;17;16;17;0
47708;220;236;17;16;17;0
47716;240;236;17;16;17;0
47717;260;236;17;16;17;0
47719;280;236;17;16;17;0
47720;300;236;17;16;17;0
47721;320;236;17;16;17;0
47728;340;236;17;16;17;0
47729;360;236;17;16;17;0
47732;380;236;17;16;17;0
47736;400;236;17;16;17;0
47747;420;236;17;16;17;0
47748;440;236;17;16;17;0
47749;460;236;17;16;17;0
47751;480;236;17;16;17;0
47756;500;236;17;16;17;0
47784;520;236;17;16;17;0
47785;540;236;17;16;17;0
47787;560;236;17;16;17;0
47788;580;236;17;16;17;0
47792;600;236;17;16;17;0
47794;620;236;17;16;17;0
47800;640;236;17;16;17;0
47801;660;236;17;16;17;0
47803;680;236;17;16;17;0
47805;700;236;17;16;17;0
47812;720;236;17;16;17;0
47816;740;236;17;16;17;0
47832;760;236;17;16;17;0
47833;780;236;17;16;17;0
47868;800;236;17;16;17;0
47872;820;236;17;16;17;0
47876;840;236;17;16;17;0
47885;860;236;17;16;17;0
47887;880;236;17;16;17;0
47889;900;236;17;16;17;0
47896;920;236;17;16;17;0
47900;940;236;17;16;17;0
47904;960;236;17;16;17;0
47913;980;236;17;16;17;0
47915;1000;236;17;16;17;0
47924;1020;236;17;16;17;0
47925;1040;236;17;16;17;0
47926;1060;236;17;16;17;0
47928;1080;236;17;16;17;0
47931;1100;236;17;16;17;0
47932;1120;236;17;16;17;0
47933;1140;236;17;16;17;0
47934;1160;236;17;16;17;0
47940;1180;236;17;16;17;0
47941;1200;236;17;16;17;0
47943;1220;236;17;16;17;0
47945;1240;236;17;16;17;0
47949;1260;236;17;16;17;0
47951;1280;236;17;16;17;0
47952;1300;236;17;16;17;0
47956;1320;236;17;16;17;0
47960;1340;236;17;16;17;0
47969;1360;236;17;16;17;0
47971;1380;236;17;16;17;0
47980;1400;236;17;16;17;0
48008;1420;236;17;16;17;0
48012;1440;236;17;16;17;0
48016;1460;236;17;16;17;0
48036;1480;236;17;16;17;0
48040;1500;236;17;16;17;0
48044;1520;236;17;16;17;0
48052;1540;236;17;16;17;0
48055;1560;236;17;16;17;0
48064;1580;236;17;16;17;0
48068;1600;236;17;16;17;0
48072;1620;236;17;16;17;0
48080;1640;236;17;16;17;0
48083;1660;236;17;16;17;0
48120;1680;236;17;16;17;0
48121;1700;236;17;16;17;0
48124;1720;236;17;16;17;0
48127;1740;236;17;16;17;0
48128;1760;236;17;16;17;0
48130;1780;236;17;16;17;0
48136;1800;236;17;16;17;0
48137;1820;236;17;16;17;0
48139;1840;236;17;16;17;0
48140;1860;236;17;16;17;0
48141;1880;236;17;16;17;0
48143;1900;236;17;16;17;0
48145;1920;236;17;16;17;0
48148;1940;236;17;16;17;0
48149;1960;236;17;16;17;0
48150;1980;236;17;16;17;0
48151;0;262;17;16;17;0
48152;20;262;17;16;17;0
48155;40;262;17;16;17;0
48156;60;262;17;16;17;0
48157;80;262;17;16;17;0
48158;100;262;17;16;17;0
48159;120;262;17;16;17;0
48164;140;262;17;16;17;0
48165;160;262;17;16;17;0
48167;180;262;17;16;17;0
48169;200;262;17;16;17;0
48173;220;262;17;16;17;0
48176;240;262;17;16;17;0
48177;260;262;17;16;17;0
48180;280;262;17;16;17;0
48184;300;262;17;16;17;0
48192;320;262;17;16;17;0
48193;340;262;17;16;17;0
48195;360;262;17;16;17;0
48196;380;262;17;16;17;0
48197;400;262;17;16;17;0
48201;420;262;17;16;17;0
48204;440;262;17;16;17;0
48205;460;262;17;16;17;0
48208;480;262;17;16;17;0
48221;500;262;17;16;17;0
48260;520;262;17;16;17;0
48261;540;262;17;16;17;0
48264;560;262;17;16;17;0
48267;580;262;17;16;17;0
48268;600;262;17;16;17;0
48270;620;262;17;16;17;0
48276;640;262;17;16;17;0
48277;660;262;17;16;17;0
48279;680;262;17;16;17;0
48281;700;262;17;16;17;0
48282;720;262;17;16;17;0
48288;740;262;17;16;17;0
48289;760;262;17;16;17;0
48292;780;262;17;16;17;0
48295;800;262;17;16;17;0
48296;820;262;17;16;17;0
48304;840;262;17;16;17;0
48305;860;262;17;16;17;0
48307;880;262;17;16;17;0
48308;900;262;17;16;17;0
48309;920;262;17;16;17;0
48316;940;262;17;16;17;0
48317;960;262;17;16;17;0
48320;980;262;17;16;17;0
48324;1000;262;17;16;17;0
48333;1020;262;17;16;17;0
48335;1040;262;17;16;17;0
48336;1060;262;17;16;17;0
48337;1080;262;17;16;17;0
48341;1100;262;17;16;17;0
48344;1120;262;17;16;17;0
48348;1140;262;17;16;17;0
48372;1160;262;17;16;17;0
48373;1180;262;17;16;17;0
48374;1200;262;17;16;17;0
48376;1220;262;17;16;17;0
48380;1240;262;17;16;17;0
48388;1260;262;17;16;17;0
48389;1280;262;17;16;17;0
48391;1300;262;17;16;17;0
48393;1320;262;17;16;17;0
48400;1340;262;17;16;17;0
48404;1360;262;17;16;17;0
48420;1380;262;17;16;17;0
48428;1400;262;17;16;17;0
48448;1420;262;17;16;17;0
48456;1440;262;17;16;17;0
48457;1460;262;17;16;17;0
48460;1480;262;17;16;17;0
48464;1500;262;17;16;17;0
48472;1520;262;17;16;17;0
48473;1540;262;17;16;17;0
48484;1560;262;17;16;17;0
48488;1580;262;17;16;17;0
48512;1600;262;17;16;17;0
48513;1620;262;17;16;17;0
48516;1640;262;17;16;17;0
48519;1660;262;17;16;17;0
48520;1680;262;17;16;17;0
48521;1700;262;17;16;17;0
48522;1720;262;17;16;17;0
48528;1740;262;17;16;17;0
48529;1760;262;17;16;17;0
48531;1780;262;17;16;17;0
48533;1800;262;17;16;17;0
48537;1820;262;17;16;17;0
48538;1840;262;17;16;17;0
48540;1860;262;17;16;17;0
48548;1880;262;17;16;17;0
48560;1900;262;17;16;17;0
48568;1920;262;17;16;17;0
48596;1940;262;17;16;17;0
48597;1960;262;17;16;17;0
48600;1980;262;17;16;17;0
48604;0;288;17;16;17;0
48617;20;288;17;16;17;0
48624;40;288;17;16;17;0
48628;60;288;17;16;17;0
48632;80;288;17;16;17;0
48640;100;288;17;16;17;0
48643;120;288;17;16;17;0
48645;140;288;17;16;17;0
48652;160;288;17;16;17;0
48653;180;288;17;16;17;0
48656;200;288;17;16;17;0
48660;220;288;17;16;17;0
48668;240;288;17;16;17;0
48669;260;288;17;16;17;0
48671;280;288;17;16;17;0
48708;300;288;17;16;17;0
48709;320;288;17;16;17;0
48712;340;288;17;16;17;0
48716;360;288;17;16;17;0
48718;380;288;17;16;17;0
48724;400;288;17;16;17;0
48725;420;288;17;16;17;0
48727;440;288;17;16;17;0
48729;460;288;17;16;17;0
48730;480;288;17;16;17;0
48731;500;288;17;16;17;0
48736;520;288;17;16;17;0
48737;540;288;17;16;17;0
48740;560;288;17;16;17;0
48744;580;288;17;16;17;0
48746;600;288;17;16;17;0
48752;620;288;17;16;17;0
48753;640;288;17;16;17;0
48755;660;288;17;16;17;0
48756;680;288;17;16;17;0
48757;700;288;17;16;17;0
48763;720;288;17;16;17;0
48764;740;288;17;16;17;0
48765;760;288;17;16;17;0
48768;780;288;17;16;17;0
48772;800;288;17;16;17;0
48780;820;288;17;16;17;0
48781;840;288;17;16;17;0
48783;860;288;17;16;17;0
48784;880;288;17;16;17;0
48785;900;288;17;16;17;0
48792;920;288;17;16;17;0
48793;940;288;17;16;17;0
48808;960;288;17;16;17;0
48848;980;288;17;16;17;0
48849;1000;288;17;16;17;0
48852;1020;288;17;16;17;0
48855;1040;288;17;16;17;0
48856;1060;288;17;16;17;0
48864;1080;288;17;16;17;0
48867;1100;288;17;16;17;0
48868;1120;288;17;16;17;0
48869;1140;288;17;16;17;0
48876;1160;288;17;16;17;0
48897;1180;288;17;16;17;0
48904;1200;288;17;16;17;0
48905;1220;288;17;16;17;0
48920;1240;288;17;16;17;0
48921;1260;288;17;16;17;0
48923;1280;288;17;16;17;0
48924;1300;288;17;16;17;0
48925;1320;288;17;16;17;0
48960;1340;288;17;16;17;0
48961;1360;288;17;16;17;0
48964;1380;288;17;16;17;0
48968;1400;288;17;16;17;0
48976;1420;288;17;16;17;0
48977;1440;288;17;16;17;0
48981;1460;288;17;16;17;0
49044;1480;288;17;16;17;0
49072;1500;288;17;16;17;0
49093;1520;288;17;16;17;0
49100;1540;288;17;16;17;0
49101;1560;288;17;16;17;0
49104;1580;288;17;16;17;0
49108;1600;288;17;16;17;0
49116;1620;288;17;16;17;0
49119;1640;288;17;16;17;0
49121;1660;288;17;16;17;0
49212;1680;288;17;16;17;0
49233;1700;288;17;16;17;0
49240;1720;288;17;16;17;0
49244;1740;288;17;16;17;0
49248;1760;288;17;16;17;0
49256;1780;288;17;16;17;0
49257;1800;288;17;16;17;0
49296;1820;288;17;16;17;0
49297;1840;288;17;16;17;0
49300;1860;288;17;16;17;0
49304;1880;288;17;16;17;0
49312;1900;288;17;16;17;0
49313;1920;288;17;16;17;0
49315;1940;288;17;16;17;0
49317;1960;288;17;16;17;0
49324;1980;288;17;16;17;0
49325;0;314;17;16;17;0
49327;20;314;17;16;17;0
49328;40;314;17;16;17;0
49331;60;314;17;16;17;0
49332;80;314;17;16;17;0
49333;100;314;17;16;17;0
49334;120;314;17;16;17;0
49340;140;314;17;16;17;0
49341;160;314;17;16;17;0
49343;180;314;17;16;17;0
49344;200;314;17;16;17;0
49345;220;314;17;16;17;0
49349;240;314;17;16;17;0
49352;260;314;17;16;17;0
49353;280;314;17;16;17;0
49356;300;314;17;16;17;0
49360;320;314;17;16;17;0
49368;340;314;17;16;17;0
49369;360;314;17;16;17;0
49371;380;314;17;16;17;0
49372;400;314;17;16;17;0
49373;420;314;17;16;17;0
49380;440;314;17;16;17;0
49381;460;314;17;16;17;0
49384;480;314;17;16;17;0
49388;500;314;17;16;17;0
49396;520;314;17;16;17;0
49397;540;314;17;16;17;0
49399;560;314;17;16;17;0
49401;580;314;17;16;17;0
49408;600;314;17;16;17;0
49412;620;314;17;16;17;0
49416;640;314;17;16;17;0
49424;660;314;17;16;17;0
49429;680;314;17;16;17;0
49436;700;314;17;16;17;0
49437;720;314;17;16;17;0
49438;740;314;17;16;17;0
49439;760;314;17;16;17;0
49440;780;314;17;16;17;0
49443;800;314;17;16;17;0
49444;820;314;17;16;17;0
49446;840;314;17;16;17;0
49447;860;314;17;16;17;0
49452;880;314;17;16;17;0
49453;900;314;17;16;17;0
49455;920;314;17;16;17;0
49456;940;314;17;16;17;0
49457;960;314;17;16;17;0
49462;980;314;17;16;17;0
49464;1000;314;17;16;17;0
49465;1020;314;17;16;17;0
49468;1040;314;17;16;17;0
49472;1060;314;17;16;17;0
49480;1080;314;17;16;17;0
49481;1100;314;17;16;17;0
49483;1120;314;17;16;17;0
49484;1140;314;17;16;17;0
49485;1160;314;17;16;17;0
49492;1180;314;17;16;17;0
49493;1200;314;17;16;17;0
49496;1220;314;17;16;17;0
49500;1240;314;17;16;17;0
49508;1260;314;17;16;17;0
49509;1280;314;17;16;17;0
49511;1300;314;17;16;17;0
49512;1320;314;17;16;17;0
49513;1340;314;17;16;17;0
49520;1360;314;17;16;17;0
49524;1380;314;17;16;17;0
49528;1400;314;17;16;17;0
49541;1420;314;17;16;17;0
49548;1440;314;17;16;17;0
49549;1460;314;17;16;17;0
49550;1480;314;17;16;17;0
49552;1500;314;17;16;17;0
49556;1520;314;17;16;17;0
49558;1540;314;17;16;17;0
49564;1560;314;17;16;17;0
49565;1580;314;17;16;17;0
49567;1600;314;17;16;17;0
49569;1620;314;17;16;17;0
49573;1640;314;17;16;17;0
49576;1660;314;17;16;17;0
49577;1680;314;17;16;17;0
49580;1700;314;17;16;17;0
49584;1720;314;17;16;17;0
49597;1740;314;17;16;17;0
49604;1760;314;17;16;17;0
49608;1780;314;17;16;17;0
49612;1800;314;17;16;17;0
49620;1820;314;17;16;17;0
49623;1840;314;17;16;17;0
49624;1860;314;17;16;17;0
49632;1880;314;17;16;17;0
49636;1900;314;17;16;17;0
49640;1920;314;17;16;17;0
49648;1940;314;17;16;17;0
49649;1960;314;17;16;17;0
49651;1980;314;17;16;17;0
49660;0;340;17;16;17;0
49661;20;340;17;16;17;0
49664;40;340;17;16;17;0
49668;60;340;17;16;17;0
49676;80;340;17;16;17;0
49677;100;340;17;16;17;0
49679;120;340;17;16;17;0
49681;140;340;17;16;17;0
49688;160;340;17;16;17;0
49689;180;340;17;16;17;0
49692;200;340;17;16;17;0
49695;220;340;17;16;17;0
49696;240;340;17;16;17;0
49704;260;340;17;16;17;0
49705;280;340;17;16;17;0
49707;300;340;17;16;17;0
49709;320;340;17;16;17;0
49711;340;340;17;16;17;0
49713;360;340;17;16;17;0
49714;380;340;17;16;17;0
49716;400;340;17;16;17;0
49736;420;340;17;16;17;0
49744;440;340;17;16;17;0
49745;460;340;17;16;17;0
49748;480;340;17;16;17;0
49752;500;340;17;16;17;0
49760;520;340;17;16;17;0
49765;540;340;17;16;17;0
49772;560;340;17;16;17;0
49773;580;340;17;16;17;0
49776;600;340;17;16;17;0
49780;620;340;17;16;17;0
49788;640;340;17;16;17;0
49789;660;340;17;16;17;0
49791;680;340;17;16;17;0
49793;700;340;17;16;17;0
49800;720;340;17;16;17;0
49801;740;340;17;16;17;0
49808;760;340;17;16;17;0
49816;780;340;17;16;17;0
49819;800;340;17;16;17;0
49821;820;340;17;16;17;0
49828;840;340;17;16;17;0
49829;860;340;17;16;17;0
49832;880;340;17;16;17;0
49836;900;340;17;16;17;0
49837;920;340;17;16;17;0
49844;940;340;17;16;17;0
49845;960;340;17;16;17;0
49847;980;340;17;16;17;0
49849;1000;340;17;16;17;0
49884;1020;340;17;16;17;0
49885;1040;340;17;16;17;0
49888;1060;340;17;16;17;0
49891;1080;340;17;16;17;0
49892;1100;340;17;16;17;0
49899;1120;340;17;16;17;0
49900;1140;340;17;16;17;0
49901;1160;340;17;16;17;0
49903;1180;340;17;16;17;0
49905;1200;340;17;16;17;0
49910;1220;340;17;16;17;0
49912;1240;340;17;16;17;0
49913;1260;340;17;16;17;0
49915;1280;340;17;16;17;0
49916;1300;340;17;16;17;0
49920;1320;340;17;16;17;0
49928;1340;340;17;16;17;0
49929;1360;340;17;16;17;0
49932;1380;340;17;16;17;0
49933;1400;340;17;16;17;0
49939;1420;340;17;16;17;0
49940;1440;340;17;16;17;0
49941;1460;340;17;16;17;0
49944;1480;340;17;16;17;0
49948;1500;340;17;16;17;0
49956;1520;340;17;16;17;0
49957;1540;340;17;16;17;0
49960;1560;340;17;16;17;0
49961;1580;340;17;16;17;0
49989;1600;340;17;16;17;0
50024;1620;340;17;16;17;0
50025;1640;340;17;16;17;0
50028;1660;340;17;16;17;0
50032;1680;340;17;16;17;0
50034;1700;340;17;16;17;0
50040;1720;340;17;16;17;0
50041;1740;340;17;16;17;0
50044;1760;340;17;16;17;0
50045;1780;340;17;16;17;0
50052;1800;340;17;16;17;0
50056;1820;340;17;16;17;0
50060;1840;340;17;16;17;0
50112;1860;340;17;16;17;0
50136;1880;340;17;16;17;0
50137;1900;340;17;16;17;0
50140;1920;340;17;16;17;0
50143;1940;340;17;16;17;0
50144;1960;340;17;16;17;0
50146;1980;340;17;16;17;0
50152;0;366;17;16;17;0
50153;20;366;17;16;17;0
50157;40;366;17;16;17;0
50164;60;366;17;16;17;0
50165;80;366;17;16;17;0
50168;100;366;17;16;17;0
50184;120;366;17;16;17;0
50192;140;366;17;16;17;0
50212;160;366;17;16;17;0
50220;180;366;17;16;17;0
50224;200;366;17;16;17;0
50228;220;366;17;16;17;0
50236;240;366;17;16;17;0
50237;260;366;17;16;17;0
50248;280;366;17;16;17;0
50276;300;366;17;16;17;0
50277;320;366;17;16;17;0
50280;340;366;17;16;17;0
50284;360;366;17;16;17;0
50292;380;366;17;16;17;0
50293;400;366;17;16;17;0
50297;420;366;17;16;17;0
50304;440;366;17;16;17;0
50324;460;366;17;16;17;0
50332;480;366;17;16;17;0
50360;500;366;17;16;17;0
50364;520;366;17;16;17;0
50409;540;366;17;16;17;0
50416;560;366;17;16;17;0
50417;580;366;17;16;17;0
50420;600;366;17;16;17;0
50424;620;366;17;16;17;0
50426;640;366;17;16;17;0
50431;660;366;17;16;17;0
50432;680;366;17;16;17;0
50433;700;366;17;16;17;0
50444;720;366;17;16;17;0
50448;740;366;17;16;17;0
50452;760;366;17;16;17;0
50460;780;366;17;16;17;0
50472;800;366;17;16;17;0
50473;820;366;17;16;17;0
50476;840;366;17;16;17;0
50480;860;366;17;16;17;0
50488;880;366;17;16;17;0
50489;900;366;17;16;17;0
50491;920;366;17;16;17;0
50493;940;366;17;16;17;0
50500;960;366;17;16;17;0
50501;980;366;17;16;17;0
50504;1000;366;17;16;17;0
50505;1020;366;17;16;17;0
50506;1040;366;17;16;17;0
50508;1060;366;17;16;17;0
50509;1080;366;17;16;17;0
50510;1100;366;17;16;17;0
50515;1120;366;17;16;17;0
50516;1140;366;17;16;17;0
50517;1160;366;17;16;17;0
50519;1180;366;17;16;17;0
50520;1200;366;17;16;17;0
50521;1220;366;17;16;17;0
50525;1240;366;17;16;17;0
50526;1260;366;17;16;17;0
50528;1280;366;17;16;17;0
50529;1300;366;17;16;17;0
50532;1320;366;17;16;17;0
50536;1340;366;17;16;17;0
50544;1360;366;17;16;17;0
50545;1380;366;17;16;17;0
50547;1400;366;17;16;17;0
50548;1420;366;17;16;17;0
50549;1440;366;17;16;17;0
50556;1460;366;17;16;17;0
50557;1480;366;17;16;17;0
50560;1500;366;17;16;17;0
50564;1520;366;17;16;17;0
50567;1540;366;17;16;17;0
50572;1560;366;17;16;17;0
50573;1580;366;17;16;17;0
50575;1600;366;17;16;17;0
50577;1620;366;17;16;17;0
50581;1640;366;17;16;17;0
50583;1660;366;17;16;17;0
50584;1680;366;17;16;17;0
50588;1700;366;17;16;17;0
50592;1720;366;17;16;17;0
50601;1740;366;17;16;17;0
50612;1760;366;17;16;17;0
50613;1780;366;17;16;17;0
50616;1800;366;17;16;17;0
50617;1820;366;17;16;17;0
50619;1840;366;17;16;17;0
50620;1860;366;17;16;17;0
50621;1880;366;17;16;17;0
50622;1900;366;17;16;17;0
50628;1920;366;17;16;17;0
50629;1940;366;17;16;17;0
50630;1960;366;17;16;17;0
50631;1980;366;17;16;17;0
50632;0;392;17;16;17;0
50633;20;392;17;16;17;0
50634;40;392;17;16;17;0
50636;60;392;17;16;17;0
50638;80;392;17;16;17;0
50640;100;392;17;16;17;0
50641;120;392;17;16;17;0
50644;140;392;17;16;17;0
50648;160;392;17;16;17;0
50656;180;392;17;16;17;0
50657;200;392;17;16;17;0
50659;220;392;17;16;17;0
50661;240;392;17;16;17;0
50668;260;392;17;16;17;0
50669;280;392;17;16;17;0
50670;300;392;17;16;17;0
50672;320;392;17;16;17;0
50676;340;392;17;16;17;0
50678;360;392;17;16;17;0
50679;380;392;17;16;17;0
50684;400;392;17;16;17;0
50685;420;392;17;16;17;0
50686;440;392;17;16;17;0
50687;460;392;17;16;17;0
50688;480;392;17;16;17;0
50689;500;392;17;16;17;0
50693;520;392;17;16;17;0
50694;540;392;17;16;17;0
50695;560;392;17;16;17;0
50696;580;392;17;16;17;0
50700;600;392;17;16;17;0
50704;620;392;17;16;17;0
50712;640;392;17;16;17;0
50713;660;392;17;16;17;0
50715;680;392;17;16;17;0
50716;700;392;17;16;17;0
50724;720;392;17;16;17;0
50725;740;392;17;16;17;0
50728;760;392;17;16;17;0
50732;780;392;17;16;17;0
50733;800;392;17;16;17;0
50734;820;392;17;16;17;0
50736;840;392;17;16;17;0
50739;860;392;17;16;17;0
50740;880;392;17;16;17;0
50741;900;392;17;16;17;0
50743;920;392;17;16;17;0
50745;940;392;17;16;17;0
50747;960;392;17;16;17;0
50752;980;392;17;16;17;0
50753;1000;392;17;16;17;0
50756;1020;392;17;16;17;0
50760;1040;392;17;16;17;0
50768;1060;392;17;16;17;0
50769;1080;392;17;16;17;0
50771;1100;392;17;16;17;0
50772;1120;392;17;16;17;0
50773;1140;392;17;16;17;0
50780;1160;392;17;16;17;0
50781;1180;392;17;16;17;0
50784;1200;392;17;16;17;0
50796;1220;392;17;16;17;0
50799;1240;392;17;16;17;0
50801;1260;392;17;16;17;0
50808;1280;392;17;16;17;0
50809;1300;392;17;16;17;0
50812;1320;392;17;16;17;0
50816;1340;392;17;16;17;0
50824;1360;392;17;16;17;0
50825;1380;392;17;16;17;0
50827;1400;392;17;16;17;0
50829;1420;392;17;16;17;0
50836;1440;392;17;16;17;0
50837;1460;392;17;16;17;0
50840;1480;392;17;16;17;0
50844;1500;392;17;16;17;0
50852;1520;392;17;16;17;0
50853;1540;392;17;16;17;0
50855;1560;392;17;16;17;0
50857;1580;392;17;16;17;0
50864;1600;392;17;16;17;0
50865;1620;392;17;16;17;0
50868;1640;392;17;16;17;0
50872;1660;392;17;16;17;0
50873;1680;392;17;16;17;0
50874;1700;392;17;16;17;0
50880;1720;392;17;16;17;0
50881;1740;392;17;16;17;0
50883;1760;392;17;16;17;0
50885;1780;392;17;16;17;0
50892;1800;392;17;16;17;0
50893;1820;392;17;16;17;0
50896;1840;392;17;16;17;0
50900;1860;392;17;16;17;0
50908;1880;392;17;16;17;0
50909;1900;392;17;16;17;0
50912;1920;392;17;16;17;0
50913;1940;392;17;16;17;0
50920;1960;392;17;16;17;0
50921;1980;392;17;16;17;0
50924;0;418;17;16;17;0
50928;20;418;17;16;17;0
50936;40;418;17;16;17;0
50937;60;418;17;16;17;0
50941;80;418;17;16;17;0
50948;100;418;17;16;17;0
50949;120;418;17;16;17;0
50952;140;418;17;16;17;0
50956;160;418;17;16;17;0
50964;180;418;17;16;17;0
50965;200;418;17;16;17;0
50967;220;418;17;16;17;0
50969;240;418;17;16;17;0
50976;260;418;17;16;17;0
50977;280;418;17;16;17;0
50980;300;418;17;16;17;0
50984;320;418;17;16;17;0
50992;340;418;17;16;17;0
50993;360;418;17;16;17;0
50995;380;418;17;16;17;0
50997;400;418;17;16;17;0
50999;420;418;17;16;17;0
51004;440;418;17;16;17;0
51005;460;418;17;16;17;0
51008;480;418;17;16;17;0
51012;500;418;17;16;17;0
51018;520;418;17;16;17;0
51020;540;418;17;16;17;0
51021;560;418;17;16;17;0
51023;580;418;17;16;17;0
51025;600;418;17;16;17;0
51026;620;418;17;16;17;0
51027;640;418;17;16;17;0
51028;660;418;17;16;17;0
51029;680;418;17;16;17;0
51030;700;418;17;16;17;0
51031;720;418;17;16;17;0
51032;740;418;17;16;17;0
51036;760;418;17;16;17;0
51040;780;418;17;16;17;0
51048;800;418;17;16;17;0
51051;820;418;17;16;17;0
51060;840;418;17;16;17;0
51061;860;418;17;16;17;0
51064;880;418;17;16;17;0
51068;900;418;17;16;17;0
51069;920;418;17;16;17;0
51070;940;418;17;16;17;0
51075;960;418;17;16;17;0
51076;980;418;17;16;17;0
51077;1000;418;17;16;17;0
51079;1020;418;17;16;17;0
51080;1040;418;17;16;17;0
51081;1060;418;17;16;17;0
51082;1080;418;17;16;17;0
51086;1100;418;17;16;17;0
51088;1120;418;17;16;17;0
51089;1140;418;17;16;17;0
51092;1160;418;17;16;17;0
51094;1180;418;17;16;17;0
51095;1200;418;17;16;17;0
51096;1220;418;17;16;17;0
51098;1240;418;17;16;17;0
51104;1260;418;17;16;17;0
51105;1280;418;17;16;17;0
51107;1300;418;17;16;17;0
51108;1320;418;17;16;17;0
51109;1340;418;17;16;17;0
51110;1360;418;17;16;17;0
51116;1380;418;17;16;17;0
51117;1400;418;17;16;17;0
51120;1420;418;17;16;17;0
51124;1440;418;17;16;17;0
51132;1460;418;17;16;17;0
51133;1480;418;17;16;17;0
51135;1500;418;17;16;17;0
51136;1520;418;17;16;17;0
51137;1540;418;17;16;17;0
51144;1560;418;17;16;17;0
51145;1580;418;17;16;17;0
51148;1600;418;17;16;17;0
51150;1620;418;17;16;17;0
51152;1640;418;17;16;17;0
51160;1660;418;17;16;17;0
51165;1680;418;17;16;17;0
51172;1700;418;17;16;17;0
51176;1720;418;17;16;17;0
51180;1740;418;17;16;17;0
51200;1760;418;17;16;17;0
51201;1780;418;17;16;17;0
51204;1800;418;17;16;17;0
51208;1820;418;17;16;17;0
51210;1840;418;17;16;17;0
51216;1860;418;17;16;17;0
51217;1880;418;17;16;17;0
51219;1900;418;17;16;17;0
51221;1920;418;17;16;17;0
51222;1940;418;17;16;17;0
51228;1960;418;17;16;17;0
51229;1980;418;17;16;17;0
51232;0;444;17;16;17;0
51236;20;444;17;16;17;0
51244;40;444;17;16;17;0
51245;60;444;17;16;17;0
51247;80;444;17;16;17;0
51249;100;444;17;16;17;0
51256;120;444;17;16;17;0
51260;140;444;17;16;17;0
51264;160;444;17;16;17;0
51272;180;444;17;16;17;0
51273;200;444;17;16;17;0
51276;220;444;17;16;17;0
51277;240;444;17;16;17;0
51284;260;444;17;16;17;0
51312;280;444;17;16;17;0
51313;300;444;17;16;17;0
51316;320;444;17;16;17;0
51320;340;444;17;16;17;0
51322;360;444;17;16;17;0
51328;380;444;17;16;17;0
51329;400;444;17;16;17;0
51331;420;444;17;16;17;0
51333;440;444;17;16;17;0
51334;460;444;17;16;17;0
51335;480;444;17;16;17;0
51339;500;444;17;16;17;0
51340;520;444;17;16;17;0
51341;540;444;17;16;17;0
51348;560;444;17;16;17;0
51357;580;444;17;16;17;0
51359;600;444;17;16;17;0
51361;620;444;17;16;17;0
51368;640;444;17;16;17;0
51388;660;444;17;16;17;0
51389;680;444;17;16;17;0
51396;700;444;17;16;17;0
51400;720;444;17;16;17;0
51404;740;444;17;16;17;0
51412;760;444;17;16;17;0
51413;780;444;17;16;17;0
51415;800;444;17;16;17;0
51417;820;444;17;16;17;0
51424;840;444;17;16;17;0
51425;860;444;17;16;17;0
51428;880;444;17;16;17;0
51445;900;444;17;16;17;0
51452;920;444;17;16;17;0
51453;940;444;17;16;17;0
51456;960;444;17;16;17;0
51460;980;444;17;16;17;0
51461;1000;444;17;16;17;0
51462;1020;444;17;16;17;0
51468;1040;444;17;16;17;0
51469;1060;444;17;16;17;0
51471;1080;444;17;16;17;0
51473;1100;444;17;16;17;0
51480;1120;444;17;16;17;0
51500;1140;444;17;16;17;0
51508;1160;444;17;16;17;0
51536;1180;444;17;16;17;0
51537;1200;444;17;16;17;0
51540;1220;444;17;16;17;0
51544;1240;444;17;16;17;0
51552;1260;444;17;16;17;0
51553;1280;444;17;16;17;0
51555;1300;444;17;16;17;0
51564;1320;444;17;16;17;0
51568;1340;444;17;16;17;0
51572;1360;444;17;16;17;0
51580;1380;444;17;16;17;0
51592;1400;444;17;16;17;0
51593;1420;444;17;16;17;0
51596;1440;444;17;16;17;0
51600;1460;444;17;16;17;0
51608;1480;444;17;16;17;0
51609;1500;444;17;16;17;0
51611;1520;444;17;16;17;0
51613;1540;444;17;16;17;0
51648;1560;444;17;16;17;0
51649;1580;444;17;16;17;0
51652;1600;444;17;16;17;0
51655;1620;444;17;16;17;0
51656;1640;444;17;16;17;0
51658;1660;444;17;16;17;0
51664;1680;444;17;16;17;0
51665;1700;444;17;16;17;0
51667;1720;444;17;16;17;0
51669;1740;444;17;16;17;0
51670;1760;444;17;16;17;0
51673;1780;444;17;16;17;0
51674;1800;444;17;16;17;0
51676;1820;444;17;16;17;0
51677;1840;444;17;16;17;0
51680;1860;444;17;16;17;0
51682;1880;444;17;16;17;0
51684;1900;444;17;16;17;0
51687;1920;444;17;16;17;0
51692;1940;444;17;16;17;0
51693;1960;444;17;16;17;0
51695;1980;444;17;16;17;0
51696;0;470;17;16;17;0
51697;20;470;17;16;17;0
51704;40;470;17;16;17;0
51705;60;470;17;16;17;0
51708;80;470;17;16;17;0
51712;100;470;17;16;17;0
51720;120;470;17;16;17;0
51721;140;470;17;16;17;0
51723;160;470;17;16;17;0
51724;180;470;17;16;17;0
51725;200;470;17;16;17;0
51732;220;470;17;16;17;0
51736;240;470;17;16;17;0
51753;260;470;17;16;17;0
51788;280;470;17;16;17;0
51789;300;470;17;16;17;0
51792;320;470;17;16;17;0
51796;340;470;17;16;17;0
51804;360;470;17;16;17;0
51805;380;470;17;16;17;0
51807;400;470;17;16;17;0
51808;420;470;17;16;17;0
51809;440;470;17;16;17;0
51816;460;470;17;16;17;0
51837;480;470;17;16;17;0
51844;500;470;17;16;17;0
51864;520;470;17;16;17;0
51900;540;470;17;16;17;0
51901;560;470;17;16;17;0
51904;580;470;17;16;17;0
51908;600;470;17;16;17;0
51916;620;470;17;16;17;0
51917;640;470;17;16;17;0
51919;660;470;17;16;17;0
51921;680;470;17;16;17;0
51923;700;470;17;16;17;0
51928;720;470;17;16;17;0
51929;740;470;17;16;17;0
51936;760;470;17;16;17;0
51948;780;470;17;16;17;0
51956;800;470;17;16;17;0
51976;820;470;17;16;17;0
51984;840;470;17;16;17;0
51988;860;470;17;16;17;0
51992;880;470;17;16;17;0
52000;900;470;17;16;17;0
52001;920;470;17;16;17;0
52033;940;470;17;16;17;0
52040;960;470;17;16;17;0
52041;980;470;17;16;17;0
52044;1000;470;17;16;17;0
52048;1020;470;17;16;17;0
52056;1040;470;17;16;17;0
52057;1060;470;17;16;17;0
52061;1080;470;17;16;17;0
52068;1100;470;17;16;17;0
52088;1120;470;17;16;17;0
52089;1140;470;17;16;17;0
52124;1160;470;17;16;17;0
52152;1180;470;17;16;17;0
52180;1200;470;17;16;17;0
52196;1220;470;17;16;17;0
52199;1240;470;17;16;17;0
52201;1260;470;17;16;17;0
52236;1280;470;17;16;17;0
52237;1300;470;17;16;17;0
52240;1320;470;17;16;17;0
52244;1340;470;17;16;17;0
52252;1360;470;17;16;17;0
52253;1380;470;17;16;17;0
52257;1400;470;17;16;17;0
52258;1420;470;17;16;17;0
52263;1440;470;17;16;17;0
52264;1460;470;17;16;17;0
52265;1480;470;17;16;17;0
52268;1500;470;17;16;17;0
52270;1520;470;17;16;17;0
52272;1540;470;17;16;17;0
52280;1560;470;17;16;17;0
52281;1580;470;17;16;17;0
52283;1600;470;17;16;17;0
52284;1620;470;17;16;17;0
52285;1640;470;17;16;17;0
52286;1660;470;17;16;17;0
52292;1680;470;17;16;17;0
52293;1700;470;17;16;17;0
52296;1720;470;17;16;17;0
52300;1740;470;17;16;17;0
52308;1760;470;17;16;17;0
52309;1780;470;17;16;17;0
52311;1800;470;17;16;17;0
52312;1820;470;17;16;17;0
52313;1840;470;17;16;17;0
52320;1860;470;17;16;17;0
52324;1880;470;17;16;17;0
52326;1900;470;17;16;17;0
52328;1920;470;17;16;17;0
52336;1940;470;17;16;17;0
52341;1960;470;17;16;17;0
52376;1980;470;17;16;17;0
52377;0;496;17;16;17;0
52380;20;496;17;16;17;0
52384;40;496;17;16;17;0
52392;60;496;17;16;17;0
52393;80;496;17;16;17;0
52395;100;496;17;16;17;0
52396;120;496;17;16;17;0
52397;140;496;17;16;17;0
52404;160;496;17;16;17;0
52405;180;496;17;16;17;0
52408;200;496;17;16;17;0
52412;220;496;17;16;17;0
52420;240;496;17;16;17;0
52421;260;496;17;16;17;0
52423;280;496;17;16;17;0
52425;300;496;17;16;17;0
52432;320;496;17;16;17;0
52436;340;496;17;16;17;0
52452;360;496;17;16;17;0
52460;380;496;17;16;17;0
52464;400;496;17;16;17;0
52481;420;496;17;16;17;0
52488;440;496;17;16;17;0
52489;460;496;17;16;17;0
52492;480;496;17;16;17;0
52496;500;496;17;16;17;0
52504;520;496;17;16;17;0
52505;540;496;17;16;17;0
52507;560;496;17;16;17;0
52509;580;496;17;16;17;0
52516;600;496;17;16;17;0
52520;620;496;17;16;17;0
52524;640;496;17;16;17;0
52537;660;496;17;16;17;0
52572;680;496;17;16;17;0
52576;700;496;17;16;17;0
52580;720;496;17;16;17;0
52588;740;496;17;16;17;0
52589;760;496;17;16;17;0
52591;780;496;17;16;17;0
52593;800;496;17;16;17;0
52600;820;496;17;16;17;0
52616;840;496;17;16;17;0
52628;860;496;17;16;17;0
52629;880;496;17;16;17;0
52632;900;496;17;16;17;0
52636;920;496;17;16;17;0
52644;940;496;17;16;17;0
52645;960;496;17;16;17;0
52647;980;496;17;16;17;0
52649;1000;496;17;16;17;0
52656;1020;496;17;16;17;0
52676;1040;496;17;16;17;0
52684;1060;496;17;16;17;0
52688;1080;496;17;16;17;0
52712;1100;496;17;16;17;0
52716;1120;496;17;16;17;0
52720;1140;496;17;16;17;0
52728;1160;496;17;16;17;0
52729;1180;496;17;16;17;0
52731;1200;496;17;16;17;0
52733;1220;496;17;16;17;0
52740;1240;496;17;16;17;0
52744;1260;496;17;16;17;0
52748;1280;496;17;16;17;0
52756;1300;496;17;16;17;0
52761;1320;496;17;16;17;0
52768;1340;496;17;16;17;0
52769;1360;496;17;16;17;0
52772;1380;496;17;16;17;0
52776;1400;496;17;16;17;0
52784;1420;496;17;16;17;0
52785;1440;496;17;16;17;0
52787;1460;496;17;16;17;0
52789;1480;496;17;16;17;0
52824;1500;496;17;16;17;0
52825;1520;496;17;16;17;0
52828;1540;496;17;16;17;0
52831;1560;496;17;16;17;0
52832;1580;496;17;16;17;0
52833;1600;496;17;16;17;0
52840;1620;496;17;16;17;0
52841;1640;496;17;16;17;0
52843;1660;496;17;16;17;0
52845;1680;496;17;16;17;0
52852;1700;496;17;16;17;0
52853;1720;496;17;16;17;0
52856;1740;496;17;16;17;0
52860;1760;496;17;16;17;0
52868;1780;496;17;16;17;0
52869;1800;496;17;16;17;0
52871;1820;496;17;16;17;0
52873;1840;496;17;16;17;0
52880;1860;496;17;16;17;0
52881;1880;496;17;16;17;0
52884;1900;496;17;16;17;0
52888;1920;496;17;16;17;0
52896;1940;496;17;16;17;0
52897;1960;496;17;16;17;0
52899;1980;496;17;16;17;0
52900;0;522;17;16;17;0
52901;20;522;17;16;17;0
52908;40;522;17;16;17;0
52909;60;522;17;16;17;0
52929;80;522;17;16;17;0
52964;100;522;17;16;17;0
52965;120;522;17;16;17;0
52968;140;522;17;16;17;0
52971;160;522;17;16;17;0
52972;180;522;17;16;17;0
52980;200;522;17;16;17;0
52981;220;522;17;16;17;0
52983;240;522;17;16;17;0
52984;260;522;17;16;17;0
52985;280;522;17;16;17;0
52992;300;522;17;16;17;0
52993;320;522;17;16;17;0
52996;340;522;17;16;17;0
53000;360;522;17;16;17;0
53008;380;522;17;16;17;0
53009;400;522;17;16;17;0
53011;420;522;17;16;17;0
53013;440;522;17;16;17;0
53020;460;522;17;16;17;0
53024;480;522;17;16;17;0
53028;500;522;17;16;17;0
53036;520;522;17;16;17;0
53037;540;522;17;16;17;0
53039;560;522;17;16;17;0
53040;580;522;17;16;17;0
53041;600;522;17;16;17;0
53048;620;522;17;16;17;0
53076;640;522;17;16;17;0
53077;660;522;17;16;17;0
53080;680;522;17;16;17;0
53084;700;522;17;16;17;0
53092;720;522;17;16;17;0
53093;740;522;17;16;17;0
53095;760;522;17;16;17;0
53097;780;522;17;16;17;0
53104;800;522;17;16;17;0
53105;820;522;17;16;17;0
53108;840;522;17;16;17;0
53112;860;522;17;16;17;0
53120;880;522;17;16;17;0
53125;900;522;17;16;17;0
53132;920;522;17;16;17;0
53153;940;522;17;16;17;0
53160;960;522;17;16;17;0
53168;980;522;17;16;17;0
53188;1000;522;17;16;17;0
53216;1020;522;17;16;17;0
53217;1040;522;17;16;17;0
53220;1060;522;17;16;17;0
53224;1080;522;17;16;17;0
53232;1100;522;17;16;17;0
53233;1120;522;17;16;17;0
53235;1140;522;17;16;17;0
53237;1160;522;17;16;17;0
53244;1180;522;17;16;17;0
53248;1200;522;17;16;17;0
53252;1220;522;17;16;17;0
53265;1240;522;17;16;17;0
53272;1260;522;17;16;17;0
53293;1280;522;17;16;17;0
53300;1300;522;17;16;17;0
53301;1320;522;17;16;17;0
53304;1340;522;17;16;17;0
53308;1360;522;17;16;17;0
53316;1380;522;17;16;17;0
53317;1400;522;17;16;17;0
53319;1420;522;17;16;17;0
53321;1440;522;17;16;17;0
53328;1460;522;17;16;17;0
53332;1480;522;17;16;17;0
53336;1500;522;17;16;17;0
53344;1520;522;17;16;17;0
53356;1540;522;17;16;17;0
53357;1560;522;17;16;17;0
53360;1580;522;17;16;17;0
53364;1600;522;17;16;17;0
53372;1620;522;17;16;17;0
53373;1640;522;17;16;17;0
53377;1660;522;17;16;17;0
53412;1680;522;17;16;17;0
53413;1700;522;17;16;17;0
53416;1720;522;17;16;17;0
53420;1740;522;17;16;17;0
53428;1760;522;17;16;17;0
53429;1780;522;17;16;17;0
53431;1800;522;17;16;17;0
53433;1820;522;17;16;17;0
53440;1840;522;17;16;17;0
53441;1860;522;17;16;17;0
53444;1880;522;17;16;17;0
53448;1900;522;17;16;17;0
53449;1920;522;17;16;17;0
53456;1940;522;17;16;17;0
53457;1960;522;17;16;17;0
53459;1980;522;17;16;17;0
53460;0;548;17;16;17;0
53461;20;548;17;16;17;0
53468;40;548;17;16;17;0
53469;60;548;17;16;17;0
53472;80;548;17;16;17;0
53476;100;548;17;16;17;0
53484;120;548;17;16;17;0
53485;140;548;17;16;17;0
53487;160;548;17;16;17;0
53488;180;548;17;16;17;0
53489;200;548;17;16;17;0
53496;220;548;17;16;17;0
53517;240;548;17;16;17;0
53552;260;548;17;16;17;0
53553;280;548;17;16;17;0
53556;300;548;17;16;17;0
53560;320;548;17;16;17;0
53562;340;548;17;16;17;0
53568;360;548;17;16;17;0
53569;380;548;17;16;17;0
53571;400;548;17;16;17;0
53572;420;548;17;16;17;0
53573;440;548;17;16;17;0
53580;460;548;17;16;17;0
53581;480;548;17;16;17;0
53584;500;548;17;16;17;0
53588;520;548;17;16;17;0
53596;540;548;17;16;17;0
53597;560;548;17;16;17;0
53599;580;548;17;16;17;0
53601;600;548;17;16;17;0
53608;620;548;17;16;17;0
53612;640;548;17;16;17;0
53628;660;548;17;16;17;0
53636;680;548;17;16;17;0
53640;700;548;17;16;17;0
53664;720;548;17;16;17;0
53665;740;548;17;16;17;0
53668;760;548;17;16;17;0
53672;780;548;17;16;17;0
53680;800;548;17;16;17;0
53681;820;548;17;16;17;0
53683;840;548;17;16;17;0
53685;860;548;17;16;17;0
53690;880;548;17;16;17;0
53692;900;548;17;16;17;0
53696;920;548;17;16;17;0
53720;940;548;17;16;17;0
53748;960;548;17;16;17;0
53752;980;548;17;16;17;0
53767;1000;548;17;16;17;0
53769;1020;548;17;16;17;0
53776;1040;548;17;16;17;0
53804;1060;548;17;16;17;0
53805;1080;548;17;16;17;0
53808;1100;548;17;16;17;0
53812;1120;548;17;16;17;0
53820;1140;548;17;16;17;0
53821;1160;548;17;16;17;0
53823;1180;548;17;16;17;0
53825;1200;548;17;16;17;0
53832;1220;548;17;16;17;0
53852;1240;548;17;16;17;0
53860;1260;548;17;16;17;0
53888;1280;548;17;16;17;0
53889;1300;548;17;16;17;0
53892;1320;548;17;16;17;0
53896;1340;548;17;16;17;0
53904;1360;548;17;16;17;0
53905;1380;548;17;16;17;0
53909;1400;548;17;16;17;0
53916;1420;548;17;16;17;0
53920;1440;548;17;16;17;0
53924;1460;548;17;16;17;0
53932;1480;548;17;16;17;0
53937;1500;548;17;16;17;0
53944;1520;548;17;16;17;0
53945;1540;548;17;16;17;0
53948;1560;548;17;16;17;0
53951;1580;548;17;16;17;0
53952;1600;548;17;16;17;0
53954;1620;548;17;16;17;0
53960;1640;548;17;16;17;0
53961;1660;548;17;16;17;0
53963;1680;548;17;16;17;0
53972;1700;548;17;16;17;0
53976;1720;548;17;16;17;0
53980;1740;548;17;16;17;0
53988;1760;548;17;16;17;0
53989;1780;548;17;16;17;0
54000;1800;548;17;16;17;0
54001;1820;548;17;16;17;0
54004;1840;548;17;16;17;0
54008;1860;548;17;16;17;0
54016;1880;548;17;16;17;0
54017;1900;548;17;16;17;0
54019;1920;548;17;16;17;0
54021;1940;548;17;16;17;0
54028;1960;548;17;16;17;0
54029;1980;548;17;16;17;0
54030;0;574;17;16;17;0
54032;20;574;17;16;17;0
54036;40;574;17;16;17;0
54038;60;574;17;16;17;0
54044;80;574;17;16;17;0
54045;100;574;17;16;17;0
54047;120;574;17;16;17;0
54048;140;574;17;16;17;0
54049;160;574;17;16;17;0
54053;180;574;17;16;17;0
54056;200;574;17;16;17;0
54057;220;574;17;16;17;0
54060;240;574;17;16;17;0
54064;260;574;17;16;17;0
54072;280;574;17;16;17;0
54073;300;574;17;16;17;0
54075;320;574;17;16;17;0
54076;340;574;17;16;17;0
54077;360;574;17;16;17;0
54084;380;574;17;16;17;0
54085;400;574;17;16;17;0
54140;420;574;17;16;17;0
54141;440;574;17;16;17;0
54144;460;574;17;16;17;0
54148;480;574;17;16;17;0
54156;500;574;17;16;17;0
54157;520;574;17;16;17;0
54159;540;574;17;16;17;0
54160;560;574;17;16;17;0
54161;580;574;17;16;17;0
54168;600;574;17;16;17;0
54169;620;574;17;16;17;0
54172;640;574;17;16;17;0
54176;660;574;17;16;17;0
54184;680;574;17;16;17;0
54185;700;574;17;16;17;0
54187;720;574;17;16;17;0
54189;740;574;17;16;17;0
54196;760;574;17;16;17;0
54200;780;574;17;16;17;0
54204;800;574;17;16;17;0
54212;820;574;17;16;17;0
54213;840;574;17;16;17;0
54216;860;574;17;16;17;0
54217;880;574;17;16;17;0
54224;900;574;17;16;17;0
54232;920;574;17;16;17;0
54241;940;574;17;16;17;0
54243;960;574;17;16;17;0
54252;980;574;17;16;17;0
54253;1000;574;17;16;17;0
54256;1020;574;17;16;17;0
54260;1040;574;17;16;17;0
54268;1060;574;17;16;17;0
54269;1080;574;17;16;17;0
54271;1100;574;17;16;17;0
54273;1120;574;17;16;17;0
54280;1140;574;17;16;17;0
54301;1160;574;17;16;17;0
54336;1180;574;17;16;17;0
54340;1200;574;17;16;17;0
54364;1220;574;17;16;17;0
54368;1240;574;17;16;17;0
54372;1260;574;17;16;17;0
54381;1280;574;17;16;17;0
54383;1300;574;17;16;17;0
54392;1320;574;17;16;17;0
54393;1340;574;17;16;17;0
54396;1360;574;17;16;17;0
54399;1380;574;17;16;17;0
54400;1400;574;17;16;17;0
54402;1420;574;17;16;17;0
54408;1440;574;17;16;17;0
54409;1460;574;17;16;17;0
54411;1480;574;17;16;17;0
54413;1500;574;17;16;17;0
54420;1520;574;17;16;17;0
54441;1540;574;17;16;17;0
54476;1560;574;17;16;17;0
54480;1580;574;17;16;17;0
54484;1600;574;17;16;17;0
54492;1620;574;17;16;17;0
54495;1640;574;17;16;17;0
54504;1660;574;17;16;17;0
54508;1680;574;17;16;17;0
54512;1700;574;17;16;17;0
54520;1720;574;17;16;17;0
54523;1740;574;17;16;17;0
54525;1760;574;17;16;17;0
54532;1780;574;17;16;17;0
54536;1800;574;17;16;17;0
54540;1820;574;17;16;17;0
54548;1840;574;17;16;17;0
54549;1860;574;17;16;17;0
54551;1880;574;17;16;17;0
54588;1900;574;17;16;17;0
54589;1920;574;17;16;17;0
54592;1940;574;17;16;17;0
54596;1960;574;17;16;17;0
54604;1980;574;17;16;17;0
54605;0;600;17;16;17;0
54607;20;600;17;16;17;0
54609;40;600;17;16;17;0
54616;60;600;17;16;17;0
54617;80;600;17;16;17;0
54620;100;600;17;16;17;0
54624;120;600;17;16;17;0
54629;140;600;17;16;17;0
54632;160;600;17;16;17;0
54633;180;600;17;16;17;0
54635;200;600;17;16;17;0
54637;220;600;17;16;17;0
54644;240;600;17;16;17;0
54645;260;600;17;16;17;0
54648;280;600;17;16;17;0
54652;300;600;17;16;17;0
54660;320;600;17;16;17;0
54661;340;600;17;16;17;0
54663;360;600;17;16;17;0
54664;380;600;17;16;17;0
54665;400;600;17;16;17;0
54672;420;600;17;16;17;0
54693;440;600;17;16;17;0
54728;460;600;17;16;17;0
54729;480;600;17;16;17;0
54732;500;600;17;16;17;0
54736;520;600;17;16;17;0
54738;540;600;17;16;17;0
54744;560;600;17;16;17;0
54745;580;600;17;16;17;0
54747;600;600;17;16;17;0
54749;620;600;17;16;17;0
54756;640;600;17;16;17;0
54757;660;600;17;16;17;0
54760;680;600;17;16;17;0
54764;700;600;17;16;17;0
54772;720;600;17;16;17;0
54773;740;600;17;16;17;0
54775;760;600;17;16;17;0
54777;780;600;17;16;17;0
54784;800;600;17;16;17;0
54785;820;600;17;16;17;0
54788;840;600;17;16;17;0
54792;860;600;17;16;17;0
54800;880;600;17;16;17;0
54801;900;600;17;16;17;0
54803;920;600;17;16;17;0
54804;940;600;17;16;17;0
54805;960;600;17;16;17;0
54812;980;600;17;16;17;0
54816;1000;600;17;16;17;0
54820;1020;600;17;16;17;0
54829;1040;600;17;16;17;0
54840;1060;600;17;16;17;0
54841;1080;600;17;16;17;0
54844;1100;600;17;16;17;0
54848;1120;600;17;16;17;0
54853;1140;600;17;16;17;0
54856;1160;600;17;16;17;0
54857;1180;600;17;16;17;0
54859;1200;600;17;16;17;0
54861;1220;600;17;16;17;0
54865;1240;600;17;16;17;0
54868;1260;600;17;16;17;0
54869;1280;600;17;16;17;0
54872;1300;600;17;16;17;0
54876;1320;600;17;16;17;0
54887;1340;600;17;16;17;0
54889;1360;600;17;16;17;0
54896;1380;600;17;16;17;0
54897;1400;600;17;16;17;0
54900;1420;600;17;16;17;0
54915;1440;600;17;16;17;0
54917;1460;600;17;16;17;0
54924;1480;600;17;16;17;0
54925;1500;600;17;16;17;0
54928;1520;600;17;16;17;0
54932;1540;600;17;16;17;0
54941;1560;600;17;16;17;0
54943;1580;600;17;16;17;0
54945;1600;600;17;16;17;0
54952;1620;600;17;16;17;0
54956;1640;600;17;16;17;0
54960;1660;600;17;16;17;0
54969;1680;600;17;16;17;0
54971;1700;600;17;16;17;0
54980;1720;600;17;16;17;0
54981;1740;600;17;16;17;0
54984;1760;600;17;16;17;0
54988;1780;600;17;16;17;0
54993;1800;600;17;16;17;0
54996;1820;600;17;16;17;0
54999;1840;600;17;16;17;0
55001;1860;600;17;16;17;0
55008;1880;600;17;16;17;0
55012;1900;600;17;16;17;0
55016;1920;600;17;16;17;0
55024;1940;600;17;16;17;0
55029;1960;600;17;16;17;0
55036;1980;600;17;16;17;0
55037;0;626;17;16;17;0
55040;20;626;17;16;17;0
55044;40;626;17;16;17;0
55057;60;626;17;16;17;0
55064;80;626;17;16;17;0
55065;100;626;17;16;17;0
55068;120;626;17;16;17;0
55072;140;626;17;16;17;0
55080;160;626;17;16;17;0
55081;180;626;17;16;17;0
55083;200;626;17;16;17;0
55085;220;626;17;16;17;0
55092;240;626;17;16;17;0
55093;260;626;17;16;17;0
55096;280;626;17;16;17;0
55100;300;626;17;16;17;0
55108;320;626;17;16;17;0
55111;340;626;17;16;17;0
55113;360;626;17;16;17;0
55120;380;626;17;16;17;0
55121;400;626;17;16;17;0
55124;420;626;17;16;17;0
55126;440;626;17;16;17;0
55127;460;626;17;16;17;0
55128;480;626;17;16;17;0
55129;500;626;17;16;17;0
55136;520;626;17;16;17;0
55137;540;626;17;16;17;0
55139;560;626;17;16;17;0
55141;580;626;17;16;17;0
55145;600;626;17;16;17;0
55148;620;626;17;16;17;0
55152;640;626;17;16;17;0
55156;660;626;17;16;17;0
55164;680;626;17;16;17;0
55165;700;626;17;16;17;0
55169;720;626;17;16;17;0
55176;740;626;17;16;17;0
55177;760;626;17;16;17;0
55180;780;626;17;16;17;0
55184;800;626;17;16;17;0
55192;820;626;17;16;17;0
55193;840;626;17;16;17;0
55195;860;626;17;16;17;0
55197;880;626;17;16;17;0
