"8bitoperator JVE";12;False;False;1;0;1;1
32;0;0;3;16;3;0
33;6;0;4;13;6;1
34;13;0;5;8;6;0
35;21;0;7;13;8;0
36;31;0;6;15;7;0
37;40;0;7;13;8;0
38;50;0;7;13;8;0
39;60;0;2;8;3;0
40;65;0;4;13;5;0
41;72;0;4;13;5;0
42;79;0;8;11;9;0
43;90;0;6;11;7;0
44;99;0;2;15;3;0
45;104;0;6;9;7;0
46;113;0;2;13;3;0
47;118;0;6;14;7;0
48;127;0;6;13;7;0
49;136;0;6;13;7;0
50;145;0;6;13;7;0
51;154;0;6;13;7;0
52;163;0;6;13;7;0
53;172;0;6;13;7;0
54;181;0;6;13;7;0
55;190;0;6;13;7;0
56;199;0;6;13;7;0
57;208;0;6;13;7;0
58;217;0;2;13;3;0
59;222;0;2;15;3;0
60;227;0;5;13;6;0
61;235;0;6;10;7;0
62;244;0;5;13;6;0
63;252;0;6;13;7;0
64;261;0;6;13;7;0
65;270;0;6;13;7;0
66;279;0;6;13;7;0
67;288;0;6;13;7;0
68;297;0;6;13;7;0
69;306;0;6;13;7;0
70;315;0;6;13;7;0
71;324;0;6;13;7;0
72;333;0;6;13;7;0
73;342;0;6;13;7;0
74;351;0;6;13;7;0
75;360;0;6;13;7;0
76;369;0;6;13;7;0
77;378;0;7;13;8;0
78;388;0;6;13;7;0
79;397;0;6;13;7;0
80;406;0;6;13;7;0
81;415;0;6;15;7;0
82;424;0;6;13;7;0
83;433;0;6;13;7;0
84;442;0;6;13;7;0
85;451;0;6;13;7;0
86;460;0;6;13;7;0
87;469;0;7;13;8;0
88;479;0;6;13;7;0
89;488;0;6;13;7;0
90;497;0;6;13;7;0
91;506;0;4;13;5;0
92;513;0;6;14;7;0
93;522;0;4;13;5;0
94;529;0;6;7;7;0
95;538;0;4;16;5;0
96;545;0;3;5;4;0
97;551;0;6;13;7;0
98;560;0;6;13;7;0
99;569;0;6;13;7;0
100;578;0;6;13;7;0
101;587;0;6;13;7;0
102;596;0;6;13;7;0
103;605;0;6;16;7;0
104;614;0;6;13;7;0
105;623;0;6;13;7;0
106;632;0;6;16;7;0
107;641;0;6;13;7;0
108;650;0;6;13;7;0
109;659;0;7;13;8;0
110;669;0;6;13;7;0
111;678;0;6;13;7;0
112;687;0;6;16;7;0
113;696;0;6;16;7;0
114;705;0;6;13;7;0
115;714;0;6;13;7;0
116;723;0;6;13;7;0
117;732;0;6;13;7;0
118;741;0;6;13;7;0
119;750;0;7;13;8;0
120;760;0;6;13;7;0
121;769;0;6;16;7;0
122;778;0;6;13;7;0
123;787;0;5;13;6;0
124;795;0;2;13;3;0
125;800;0;5;13;6;0
126;808;0;7;9;8;0
127;818;0;7;9;8;0
12593;828;0;7;7;16;1
12594;838;0;10;7;16;1
12595;851;0;12;7;16;1
12596;866;0;7;7;16;1
12597;876;0;11;7;16;1
12598;890;0;11;8;16;1
12599;904;0;8;7;16;1
12600;915;0;10;7;16;1
12601;928;0;8;7;16;1
12602;939;0;11;7;16;1
12603;953;0;11;7;16;1
12604;967;0;11;7;16;1
12605;981;0;12;7;16;1
12606;996;0;11;7;16;1
12607;1010;0;12;7;16;1
12608;1025;0;12;8;16;1
12609;1040;0;8;7;16;1
12610;1051;0;8;7;16;1
12611;1062;0;10;7;16;1
12612;1075;0;11;7;16;1
12613;1089;0;8;7;16;1
12614;1100;0;11;7;16;1
12615;1114;0;8;7;16;1
12616;1125;0;8;7;16;1
12617;1136;0;10;7;16;1
12618;1149;0;8;8;16;1
12619;1160;0;7;7;16;1
12620;1170;0;8;7;16;1
12621;1181;0;9;7;16;1
12622;1193;0;8;8;16;1
12623;1204;0;5;14;16;7
12624;1212;0;5;14;16;6
12625;1220;0;5;14;16;9
12626;1228;0;5;14;16;6
12627;1236;0;5;14;16;5
12628;1244;0;8;14;16;5
12629;1255;0;5;14;16;5
12630;1263;0;8;14;16;5
12631;1274;0;14;4;16;1
12632;1291;0;14;14;16;1
12633;1308;0;12;14;16;1
12634;1323;0;11;14;16;1
12635;1337;0;14;4;16;1
12636;1354;0;14;6;16;1
12637;1371;0;12;14;16;1
12638;1386;0;13;14;16;1
12639;1402;0;12;14;16;1
12640;1417;0;14;8;16;1
12641;1434;0;14;1;16;1
12642;1451;0;11;14;16;1
12643;1465;0;2;14;16;1
44032;1470;0;13;13;15;1
44033;1486;0;13;13;15;1
44036;1502;0;13;13;15;1
44039;1518;0;13;13;15;1
44040;1534;0;13;13;15;1
44041;1550;0;13;13;15;1
44042;1566;0;13;13;15;1
44048;1582;0;13;13;15;1
44049;1598;0;13;13;15;1
44050;1614;0;13;13;15;1
44051;1630;0;13;13;15;1
44052;1646;0;13;13;15;1
44053;1662;0;13;13;15;1
44054;1678;0;13;13;15;1
44055;1694;0;13;13;15;1
44057;1710;0;13;13;15;1
44058;1726;0;13;13;15;1
44059;1742;0;13;13;15;1
44060;1758;0;12;13;15;1
44061;1773;0;12;13;15;1
44064;1788;0;12;13;15;1
44068;1803;0;12;13;15;1
44076;1818;0;12;13;15;1
44077;1833;0;12;13;15;1
44079;1848;0;12;13;15;1
44080;1863;0;13;13;15;1
44081;1879;0;12;13;15;1
44088;1894;0;13;13;15;1
44089;1910;0;13;13;15;1
44092;1926;0;13;13;15;1
44096;1942;0;13;13;15;1
44107;1958;0;13;13;15;1
44109;1974;0;13;13;15;1
44116;1990;0;12;13;15;1
44120;0;23;12;13;15;1
44124;15;23;12;13;15;1
44144;30;23;11;13;15;1
44145;44;23;11;13;15;1
44148;58;23;11;13;15;1
44151;72;23;11;13;15;1
44152;86;23;11;13;15;1
44154;100;23;11;13;15;1
44160;114;23;11;13;15;1
44161;128;23;11;13;15;1
44163;142;23;11;13;15;1
44164;156;23;12;13;15;1
44165;171;23;11;13;15;1
44166;185;23;11;13;15;1
44169;199;23;11;13;15;1
44170;213;23;12;13;15;1
44171;228;23;12;13;15;1
44172;243;23;12;13;15;1
44176;258;23;12;13;15;1
44180;273;23;12;13;15;1
44188;288;23;12;13;15;1
44189;303;23;12;13;15;1
44191;318;23;12;13;15;1
44192;333;23;13;13;15;1
44193;349;23;12;13;15;1
44200;364;23;11;13;15;1
44201;378;23;11;13;15;1
44202;392;23;11;13;15;1
44204;406;23;11;13;15;1
44207;420;23;11;13;15;1
44208;434;23;11;13;15;1
44216;448;23;11;13;15;1
44217;462;23;11;13;15;1
44219;476;23;11;13;15;1
44220;490;23;12;13;15;1
44221;505;23;11;13;15;1
44225;519;23;11;13;15;1
44228;533;23;12;13;15;1
44232;548;23;12;13;15;1
44236;563;23;12;13;15;1
44245;578;23;12;13;15;1
44247;593;23;12;13;15;1
44256;608;23;12;12;15;1
44257;623;23;12;13;15;1
44260;638;23;12;13;15;1
44263;653;23;12;13;15;1
44264;668;23;12;13;15;1
44266;683;23;12;13;15;1
44268;698;23;12;13;15;1
44271;713;23;12;13;15;1
44272;728;23;12;13;15;1
44273;743;23;12;13;15;1
44275;758;23;12;13;15;1
44277;773;23;12;13;15;1
44278;788;23;12;13;15;1
44284;803;23;14;13;15;0
44285;820;23;14;13;15;0
44288;837;23;14;13;15;0
44292;854;23;14;13;15;0
44294;871;23;14;13;15;0
44300;888;23;14;13;15;0
44301;905;23;14;13;15;0
44303;922;23;14;13;15;0
44305;939;23;14;13;15;0
44312;956;23;13;13;15;0
44316;972;23;13;13;15;0
44320;988;23;13;13;15;0
44329;1004;23;13;13;15;0
44332;1020;23;14;13;15;0
44333;1037;23;13;13;15;0
44340;1053;23;12;13;15;1
44341;1068;23;12;13;15;1
44344;1083;23;12;13;15;1
44348;1098;23;12;13;15;1
44356;1113;23;12;13;15;1
44357;1128;23;12;13;15;1
44359;1143;23;12;13;15;1
44361;1158;23;12;13;15;1
44368;1173;23;12;12;15;1
44372;1188;23;12;13;15;1
44376;1203;23;12;13;15;1
44385;1218;23;12;13;15;1
44387;1233;23;12;13;15;1
44396;1248;23;12;13;15;1
44397;1263;23;12;13;15;1
44400;1278;23;12;13;15;1
44403;1293;23;12;13;15;1
44404;1308;23;12;13;15;1
44405;1323;23;12;13;15;1
44406;1338;23;12;13;15;1
44411;1353;23;12;13;15;1
44412;1368;23;12;13;15;1
44413;1383;23;12;13;15;1
44415;1398;23;12;13;15;1
44417;1413;23;12;13;15;1
44418;1428;23;12;13;15;1
44424;1443;23;12;13;15;1
44425;1458;23;12;13;15;1
44428;1473;23;12;13;15;1
44432;1488;23;12;13;15;1
44444;1503;23;13;13;15;1
44445;1519;23;12;13;15;1
44452;1534;23;12;13;15;1
44471;1549;23;12;13;15;1
44480;1564;23;12;13;15;1
44481;1579;23;12;13;15;1
44484;1594;23;12;13;15;1
44488;1609;23;12;13;15;1
44496;1624;23;12;13;15;1
44497;1639;23;12;13;15;1
44499;1654;23;12;13;15;1
44508;1669;23;12;13;15;1
44512;1684;23;12;13;15;1
44516;1699;23;12;13;15;1
44536;1714;23;12;12;15;1
44537;1729;23;12;13;15;1
44540;1744;23;12;13;15;1
44543;1759;23;12;13;15;1
44544;1774;23;12;13;15;1
44545;1789;23;12;13;15;1
44552;1804;23;12;13;15;1
44553;1819;23;12;13;15;1
44555;1834;23;12;13;15;1
44557;1849;23;12;13;15;1
44564;1864;23;12;13;15;1
44592;1879;23;11;13;15;1
44593;1893;23;11;13;15;1
44596;1907;23;11;13;15;1
44599;1921;23;11;13;15;1
44600;1935;23;11;13;15;1
44602;1949;23;11;13;15;1
44608;1963;23;11;13;15;1
44609;1977;23;11;13;15;1
44611;1991;23;11;13;15;1
44613;0;44;11;13;15;1
44614;14;44;11;13;15;1
44618;28;44;12;13;15;1
44620;43;44;13;13;15;1
44621;59;44;13;13;15;1
44622;75;44;13;13;15;1
44624;91;44;13;13;15;1
44628;107;44;13;13;15;1
44630;123;44;13;13;15;1
44636;139;44;13;13;15;1
44637;155;44;13;13;15;1
44639;171;44;13;13;15;1
44640;187;44;13;13;15;1
44641;203;44;13;13;15;1
44645;219;44;13;13;15;1
44648;235;44;12;13;15;1
44649;250;44;12;13;15;1
44652;265;44;12;13;15;1
44656;280;44;12;13;15;1
44664;295;44;12;13;15;1
44665;310;44;12;13;15;1
44667;325;44;12;13;15;1
44668;340;44;13;13;15;1
44669;356;44;12;13;15;1
44676;371;44;13;13;15;1
44677;387;44;13;13;15;1
44684;403;44;13;13;15;1
44732;419;44;11;13;15;1
44733;433;44;11;13;15;1
44734;447;44;11;13;15;1
44736;461;44;11;13;15;1
44740;475;44;11;13;15;1
44748;489;44;11;13;15;1
44749;503;44;11;13;15;1
44751;517;44;12;13;15;1
44752;532;44;12;13;15;1
44753;547;44;11;13;15;1
44760;561;44;12;13;15;1
44761;576;44;12;13;15;1
44764;591;44;12;13;15;1
44776;606;44;12;13;15;1
44779;621;44;12;13;15;1
44781;636;44;12;13;15;1
44788;651;44;11;13;15;1
44792;665;44;11;13;15;1
44796;679;44;11;13;15;1
44807;693;44;12;13;15;1
44808;708;44;12;13;15;1
44813;723;44;11;13;15;1
44816;737;44;12;13;15;1
44844;752;44;12;12;15;1
44845;767;44;12;13;15;1
44848;782;44;12;13;15;1
44850;797;44;12;13;15;1
44852;812;44;12;13;15;1
44860;827;44;12;13;15;1
44861;842;44;12;13;15;1
44863;857;44;12;13;15;1
44865;872;44;12;13;15;1
44866;887;44;12;13;15;1
44867;902;44;12;13;15;1
44872;917;44;14;13;15;0
44873;934;44;14;13;15;0
44880;951;44;14;13;15;0
44892;968;44;14;13;15;0
44893;985;44;14;13;15;0
44900;1002;44;13;13;15;0
44901;1018;44;13;13;15;0
44921;1034;44;13;13;15;0
44928;1050;44;12;13;15;0
44932;1065;44;12;13;15;1
44936;1080;44;12;13;15;1
44944;1095;44;12;13;15;1
44945;1110;44;12;13;15;1
44949;1125;44;12;13;15;1
44956;1140;44;12;12;15;1
44984;1155;44;12;13;15;1
44985;1170;44;12;13;15;1
44988;1185;44;12;13;15;1
44992;1200;44;12;13;15;1
44999;1215;44;12;13;15;1
45000;1230;44;12;13;15;1
45001;1245;44;12;13;15;1
45003;1260;44;12;13;15;1
45005;1275;44;12;13;15;1
45006;1290;44;12;13;15;1
45012;1305;44;12;13;15;1
45020;1320;44;12;13;15;1
45032;1335;44;13;13;15;1
45033;1351;44;12;13;15;1
45040;1366;44;12;13;15;1
45041;1381;44;12;13;15;1
45044;1396;44;12;13;15;1
45048;1411;44;12;13;15;1
45056;1426;44;12;13;15;1
45057;1441;44;12;13;15;1
45060;1456;44;13;13;15;1
45068;1472;44;12;13;15;1
45072;1487;44;12;13;15;1
45076;1502;44;12;13;15;1
45084;1517;44;12;13;15;1
45085;1532;44;12;13;15;1
45096;1547;44;12;13;15;1
45124;1562;44;12;12;15;1
45125;1577;44;12;13;15;1
45128;1592;44;12;13;15;1
45130;1607;44;12;13;15;1
45132;1622;44;12;13;15;1
45134;1637;44;12;13;15;1
45139;1652;44;12;13;15;1
45140;1667;44;12;13;15;1
45141;1682;44;12;13;15;1
45143;1697;44;12;13;15;1
45145;1712;44;12;13;15;1
45149;1727;44;12;13;15;1
45180;1742;44;11;13;15;1
45181;1756;44;11;13;15;1
45184;1770;44;11;13;15;1
45188;1784;44;11;13;15;1
45196;1798;44;11;13;15;1
45197;1812;44;11;13;15;1
45199;1826;44;11;13;15;1
45201;1840;44;11;13;15;1
45208;1854;44;13;13;15;1
45209;1870;44;13;13;15;1
45210;1886;44;13;13;15;1
45212;1902;44;13;13;15;1
45215;1918;44;13;13;15;1
45216;1934;44;13;13;15;1
45217;1950;44;13;13;15;1
45218;1966;44;13;13;15;1
45224;1982;44;13;13;15;1
45225;1998;44;13;13;15;1
45227;0;65;13;13;15;1
45228;16;65;13;13;15;1
45229;32;65;13;13;15;1
45230;48;65;13;13;15;1
45231;64;65;13;13;15;1
45233;80;65;13;13;15;1
45235;96;65;13;13;15;1
45236;112;65;11;13;15;1
45237;126;65;11;13;15;1
45240;140;65;11;13;15;1
45244;154;65;11;13;15;1
45252;168;65;11;13;15;1
45253;182;65;11;13;15;1
45255;196;65;11;13;15;1
45256;210;65;12;13;15;1
45257;225;65;11;13;15;1
45264;239;65;13;13;15;1
45265;255;65;13;13;15;1
45268;271;65;13;13;15;1
45272;287;65;13;13;15;1
45280;303;65;13;13;15;1
45285;319;65;13;13;15;1
45320;335;65;11;13;15;1
45321;349;65;11;13;15;1
45323;363;65;12;13;15;1
45324;378;65;11;13;15;1
45328;392;65;11;13;15;1
45330;406;65;11;13;15;1
45331;420;65;11;13;15;1
45336;434;65;11;13;15;1
45337;448;65;11;13;15;1
45339;462;65;11;13;15;1
45340;476;65;12;13;15;1
45341;491;65;11;13;15;1
45347;505;65;12;13;15;1
45348;520;65;11;13;15;1
45349;534;65;11;13;15;1
45352;548;65;11;13;15;1
45356;562;65;11;13;15;1
45364;576;65;11;13;15;1
45365;590;65;11;13;15;1
45367;604;65;11;13;15;1
45368;618;65;12;13;15;1
45369;633;65;11;13;15;1
45376;647;65;11;13;15;1
45377;661;65;11;13;15;1
45380;675;65;11;13;15;1
45384;689;65;11;13;15;1
45392;703;65;11;13;15;1
45393;717;65;11;13;15;1
45396;731;65;12;13;15;1
45397;746;65;11;13;15;1
45400;760;65;11;13;15;1
45404;774;65;11;13;15;1
45408;788;65;11;13;15;1
45432;802;65;12;12;15;1
45433;817;65;12;13;15;1
45436;832;65;12;13;15;1
45440;847;65;12;13;15;1
45442;862;65;12;13;15;1
45448;877;65;12;13;15;1
45449;892;65;12;13;15;1
45451;907;65;12;13;15;1
45453;922;65;12;13;15;1
45458;937;65;12;13;15;1
45459;952;65;12;13;15;1
45460;967;65;14;13;15;0
45464;984;65;14;13;15;0
45468;1001;65;14;13;15;0
45480;1018;65;14;13;15;0
45516;1035;65;12;13;15;1
45520;1050;65;12;13;15;1
45524;1065;65;12;13;15;1
45532;1080;65;12;13;15;1
45533;1095;65;12;13;15;1
45535;1110;65;12;13;15;1
45544;1125;65;12;12;15;1
45545;1140;65;12;13;15;1
45548;1155;65;12;13;15;1
45552;1170;65;12;13;15;1
45561;1185;65;12;13;15;1
45563;1200;65;12;13;15;1
45565;1215;65;12;13;15;1
45572;1230;65;12;13;15;1
45573;1245;65;12;13;15;1
45576;1260;65;12;13;15;1
45579;1275;65;12;13;15;1
45580;1290;65;12;13;15;1
45588;1305;65;12;13;15;1
45589;1320;65;12;13;15;1
45591;1335;65;12;13;15;1
45593;1350;65;12;13;15;1
45600;1365;65;12;13;15;1
45620;1380;65;13;13;15;1
45628;1396;65;12;13;15;1
45656;1411;65;12;13;15;1
45660;1426;65;12;13;15;1
45664;1441;65;12;13;15;1
45672;1456;65;12;13;15;1
45673;1471;65;12;13;15;1
45684;1486;65;12;13;15;1
45685;1501;65;12;13;15;1
45692;1516;65;12;13;15;1
45700;1531;65;12;13;15;1
45701;1546;65;12;13;15;1
45705;1561;65;12;13;15;1
45712;1576;65;12;12;15;1
45713;1591;65;12;13;15;1
45716;1606;65;12;13;15;1
45720;1621;65;12;13;15;1
45721;1636;65;12;13;15;1
45722;1651;65;12;13;15;1
45728;1666;65;12;13;15;1
45729;1681;65;12;13;15;1
45731;1696;65;12;13;15;1
45733;1711;65;12;13;15;1
45734;1726;65;12;13;15;1
45738;1741;65;12;13;15;1
45740;1756;65;12;13;15;1
45744;1771;65;12;13;15;1
45748;1786;65;12;13;15;1
45768;1801;65;11;13;15;1
45769;1815;65;11;13;15;1
45772;1829;65;11;13;15;1
45776;1843;65;11;13;15;1
45778;1857;65;11;13;15;1
45784;1871;65;11;13;15;1
45785;1885;65;11;13;15;1
45787;1899;65;11;13;15;1
45789;1913;65;11;13;15;1
45794;1927;65;11;13;15;1
45796;1941;65;13;13;15;1
45797;1957;65;13;13;15;1
45798;1973;65;13;13;15;1
45800;1989;65;13;13;15;1
45803;0;86;13;13;15;1
45804;16;86;13;13;15;1
45805;32;86;13;13;15;1
45806;48;86;13;13;15;1
45807;64;86;13;13;15;1
45811;80;86;13;13;15;1
45812;96;86;13;13;15;1
45813;112;86;13;13;15;1
45815;128;86;13;13;15;1
45816;144;86;13;13;15;1
45817;160;86;13;13;15;1
45818;176;86;13;13;15;1
45819;192;86;13;13;15;1
45823;208;86;13;13;15;1
45824;224;86;12;13;15;1
45825;239;86;12;13;15;1
45828;254;86;12;13;15;1
45832;269;86;12;13;15;1
45840;284;86;12;13;15;1
45841;299;86;12;13;15;1
45843;314;86;12;13;15;1
45844;329;86;13;13;15;1
45845;345;86;12;13;15;1
45852;360;86;13;13;15;1
45908;376;86;11;13;15;1
45909;390;86;11;13;15;1
45910;404;86;11;13;15;1
45912;418;86;11;13;15;1
45915;432;86;11;13;15;1
45916;446;86;11;13;15;1
45918;460;86;11;13;15;1
45919;474;86;11;13;15;1
45924;488;86;11;13;15;1
45925;502;86;11;13;15;1
45927;516;86;11;13;15;1
45929;530;86;11;13;15;1
45931;544;86;11;13;15;1
45934;558;86;11;13;15;1
45936;572;86;12;13;15;1
45937;587;86;12;13;15;1
45940;602;86;12;13;15;1
45944;617;86;12;13;15;1
45952;632;86;12;13;15;1
45953;647;86;12;13;15;1
45955;662;86;12;13;15;1
45956;677;86;13;13;15;1
45957;693;86;12;13;15;1
45964;708;86;11;13;15;1
45968;722;86;11;13;15;1
45972;736;86;11;13;15;1
45984;750;86;12;13;15;1
45985;765;86;11;13;15;1
45992;779;86;12;13;15;1
45996;794;86;12;13;15;1
46020;809;86;12;12;15;1
46021;824;86;12;13;15;1
46024;839;86;12;13;15;1
46027;854;86;12;13;15;1
46028;869;86;12;13;15;1
46030;884;86;12;13;15;1
46032;899;86;12;13;15;1
46036;914;86;12;13;15;1
46037;929;86;12;13;15;1
46039;944;86;12;13;15;1
46041;959;86;12;13;15;1
46043;974;86;12;13;15;1
46045;989;86;12;13;15;1
46048;1004;86;14;13;15;0
46052;1021;86;14;13;15;0
46056;1038;86;14;13;15;0
46076;1055;86;12;13;15;1
46096;1070;86;13;13;15;1
46104;1086;86;12;13;15;1
46108;1101;86;12;13;15;1
46112;1116;86;12;13;15;1
46120;1131;86;12;13;15;1
46121;1146;86;12;13;15;1
46123;1161;86;12;13;15;1
46132;1176;86;12;12;15;1
46160;1191;86;12;13;15;1
46161;1206;86;12;13;15;1
46164;1221;86;12;13;15;1
46168;1236;86;12;13;15;1
46176;1251;86;12;13;15;1
46177;1266;86;12;13;15;1
46179;1281;86;12;13;15;1
46181;1296;86;12;13;15;1
46188;1311;86;12;13;15;1
46208;1326;86;13;13;15;1
46216;1342;86;12;13;15;1
46237;1357;86;12;13;15;1
46244;1372;86;12;13;15;1
46248;1387;86;12;13;15;1
46252;1402;86;12;13;15;1
46261;1417;86;12;13;15;1
46263;1432;86;12;13;15;1
46265;1447;86;12;13;15;1
46272;1462;86;12;13;15;1
46276;1477;86;12;13;15;1
46280;1492;86;12;13;15;1
46288;1507;86;12;13;15;1
46293;1522;86;12;13;15;1
46300;1537;86;12;12;15;1
46301;1552;86;12;13;15;1
46304;1567;86;12;13;15;1
46307;1582;86;12;13;15;1
46308;1597;86;12;13;15;1
46310;1612;86;12;13;15;1
46316;1627;86;12;13;15;1
46317;1642;86;12;13;15;1
46319;1657;86;12;13;15;1
46321;1672;86;12;13;15;1
46328;1687;86;12;13;15;1
46356;1702;86;11;13;15;1
46357;1716;86;11;13;15;1
46360;1730;86;11;13;15;1
46363;1744;86;11;13;15;1
46364;1758;86;11;13;15;1
46372;1772;86;11;13;15;1
46373;1786;86;11;13;15;1
46375;1800;86;11;13;15;1
46376;1814;86;12;13;15;1
46377;1829;86;11;13;15;1
46378;1843;86;11;13;15;1
46384;1857;86;13;13;15;1
46385;1873;86;13;13;15;1
46388;1889;86;13;13;15;1
46392;1905;86;13;13;15;1
46400;1921;86;13;13;15;1
46401;1937;86;13;13;15;1
46403;1953;86;13;13;15;1
46404;1969;86;13;13;15;1
46405;1985;86;13;13;15;1
46411;0;107;13;13;15;1
46412;16;107;12;13;15;1
46413;31;107;12;13;15;1
46416;46;107;12;13;15;1
46420;61;107;12;13;15;1
46428;76;107;12;13;15;1
46429;91;107;12;13;15;1
46431;106;107;12;13;15;1
46432;121;107;12;13;15;1
46433;136;107;12;13;15;1
46496;151;107;11;13;15;1
46497;165;107;11;13;15;1
46500;179;107;11;13;15;1
46504;193;107;11;13;15;1
46506;207;107;11;13;15;1
46507;221;107;11;13;15;1
46512;235;107;11;13;15;1
46513;249;107;11;13;15;1
46515;263;107;11;13;15;1
46516;277;107;12;13;15;1
46517;292;107;11;13;15;1
46523;306;107;12;13;15;1
46524;321;107;12;13;15;1
46525;336;107;12;13;15;1
46528;351;107;12;13;15;1
46532;366;107;12;13;15;1
46540;381;107;12;13;15;1
46541;396;107;12;13;15;1
46543;411;107;12;13;15;1
46544;426;107;12;13;15;1
46545;441;107;12;13;15;1
46552;456;107;11;13;15;1
46572;470;107;12;13;15;1
46608;485;107;12;12;15;1
46609;500;107;12;13;15;1
46612;515;107;12;13;15;1
46616;530;107;12;13;15;1
46629;545;107;12;13;15;1
46636;560;107;14;13;15;0
46644;577;107;14;13;15;0
46664;594;107;13;13;15;0
46692;610;107;12;13;15;0
46696;625;107;12;13;15;0
46748;640;107;12;13;15;1
46749;655;107;12;13;15;1
46752;670;107;12;13;15;1
46756;685;107;12;13;15;1
46763;700;107;12;13;15;1
46764;715;107;12;13;15;1
46769;730;107;12;13;15;1
46804;745;107;13;13;15;0
46832;761;107;12;13;15;0
46836;776;107;12;13;15;0
46840;791;107;12;13;15;0
46848;806;107;12;13;15;0
46849;821;107;12;13;15;0
46853;836;107;12;13;15;0
46888;851;107;12;12;15;1
46889;866;107;12;13;15;1
46892;881;107;12;13;15;1
46895;896;107;12;13;15;1
46896;911;107;12;13;15;1
46904;926;107;12;13;15;1
46905;941;107;12;13;15;1
46907;956;107;12;13;15;1
46916;971;107;12;13;15;0
46920;986;107;12;13;15;0
46924;1001;107;12;13;15;0
46932;1016;107;12;13;15;0
46933;1031;107;12;13;15;0
46944;1046;107;11;13;15;1
46948;1060;107;11;13;15;1
46952;1074;107;11;13;15;1
46960;1088;107;11;13;15;1
46961;1102;107;11;13;15;1
46963;1116;107;11;13;15;1
46965;1130;107;11;13;15;1
46972;1144;107;13;13;15;1
46973;1160;107;13;13;15;1
46976;1176;107;13;13;15;1
46980;1192;107;13;13;15;1
46988;1208;107;13;13;15;1
46989;1224;107;13;13;15;1
46991;1240;107;13;13;15;1
46992;1256;107;13;13;15;1
46993;1272;107;13;13;15;1
46994;1288;107;13;13;15;1
46998;1304;107;13;13;15;1
46999;1320;107;13;13;15;1
47000;1336;107;12;13;15;1
47001;1351;107;12;13;15;1
47004;1366;107;12;13;15;1
47008;1381;107;12;13;15;1
47016;1396;107;12;13;15;1
47017;1411;107;12;13;15;1
47019;1426;107;12;13;15;1
47020;1441;107;13;13;15;1
47021;1457;107;12;13;15;1
47028;1472;107;13;13;15;1
47029;1488;107;13;13;15;1
47032;1504;107;13;13;15;1
47047;1520;107;13;13;15;1
47049;1536;107;13;13;15;1
47084;1552;107;11;13;15;1
47085;1566;107;11;13;15;1
47088;1580;107;11;13;15;1
47092;1594;107;11;13;15;1
47100;1608;107;11;13;15;1
47101;1622;107;11;13;15;1
47103;1636;107;11;13;15;1
47104;1650;107;12;13;15;1
47105;1665;107;11;13;15;1
47111;1679;107;11;13;15;1
47112;1693;107;12;13;15;1
47113;1708;107;12;13;15;1
47116;1723;107;12;13;15;1
47120;1738;107;12;13;15;1
47128;1753;107;12;13;15;1
47129;1768;107;12;13;15;1
47131;1783;107;12;13;15;1
47133;1798;107;12;13;15;1
47140;1813;107;11;13;15;1
47141;1827;107;11;13;15;1
47144;1841;107;11;13;15;1
47148;1855;107;11;13;15;1
47156;1869;107;11;13;15;1
47157;1883;107;11;13;15;1
47159;1897;107;11;13;15;1
47160;1911;107;12;13;15;1
47161;1926;107;11;13;15;1
47168;1940;107;12;13;15;1
47172;1955;107;12;13;15;1
47185;1970;107;12;13;15;1
47187;1985;107;12;13;15;1
47196;0;128;12;12;15;1
47197;15;128;12;13;15;1
47200;30;128;12;13;15;1
47204;45;128;12;13;15;1
47212;60;128;12;13;15;1
47213;75;128;12;13;15;1
47215;90;128;12;13;15;1
47217;105;128;12;13;15;1
47224;120;128;14;13;15;0
47228;137;128;14;13;15;0
47245;154;128;14;13;15;0
47272;171;128;14;13;15;0
47280;188;128;12;13;15;1
47284;203;128;12;13;15;1
47288;218;128;12;13;15;1
47296;233;128;12;13;15;1
47297;248;128;12;13;15;1
47299;263;128;12;13;15;1
47301;278;128;12;13;15;1
47308;293;128;12;12;15;1
47312;308;128;12;13;15;1
47316;323;128;12;13;15;1
47325;338;128;12;13;15;1
47327;353;128;12;13;15;1
47329;368;128;12;13;15;1
47336;383;128;12;13;15;1
47337;398;128;12;13;15;1
47340;413;128;12;13;15;1
47344;428;128;12;13;15;1
47352;443;128;12;13;15;1
47353;458;128;12;13;15;1
47355;473;128;12;13;15;1
47357;488;128;12;13;15;1
47364;503;128;12;13;15;1
47384;518;128;13;13;15;1
47392;534;128;12;13;15;1
47420;549;128;12;13;15;1
47421;564;128;12;13;15;1
47424;579;128;12;13;15;1
47428;594;128;12;13;15;1
47436;609;128;12;13;15;1
47439;624;128;12;13;15;1
47441;639;128;12;13;15;1
47448;654;128;12;13;15;1
47449;669;128;12;13;15;1
47452;684;128;12;13;15;1
47456;699;128;12;13;15;1
47464;714;128;12;13;15;1
47465;729;128;12;13;15;1
47467;744;128;12;13;15;1
47469;759;128;12;13;15;1
47476;774;128;12;12;15;1
47477;789;128;12;13;15;1
47480;804;128;12;13;15;1
47484;819;128;12;13;15;1
47492;834;128;12;13;15;1
47493;849;128;12;13;15;1
47495;864;128;12;13;15;1
47497;879;128;12;13;15;1
47498;894;128;12;13;15;1
47501;909;128;12;13;15;1
47502;924;128;12;13;15;1
47532;939;128;11;13;15;1
47533;953;128;11;13;15;1
47536;967;128;11;13;15;1
47540;981;128;11;13;15;1
47548;995;128;11;13;15;1
47549;1009;128;11;13;15;1
47551;1023;128;11;13;15;1
47553;1037;128;11;13;15;1
47560;1051;128;13;13;15;1
47561;1067;128;13;13;15;1
47564;1083;128;13;13;15;1
47566;1099;128;13;13;15;1
47567;1115;128;13;13;15;1
47568;1131;128;13;13;15;1
47569;1147;128;13;13;15;1
47570;1163;128;13;13;15;1
47576;1179;128;13;13;15;1
47577;1195;128;13;13;15;1
47579;1211;128;13;13;15;1
47581;1227;128;13;13;15;1
47582;1243;128;13;13;15;1
47585;1259;128;13;13;15;1
47587;1275;128;13;13;15;1
47588;1291;128;12;13;15;1
47589;1306;128;12;13;15;1
47592;1321;128;12;13;15;1
47596;1336;128;12;13;15;1
47604;1351;128;12;13;15;1
47605;1366;128;12;13;15;1
47607;1381;128;12;13;15;1
47608;1396;128;13;13;15;1
47609;1412;128;12;13;15;1
47610;1427;128;12;13;15;1
47616;1442;128;13;13;15;1
47617;1458;128;13;13;15;1
47624;1474;128;13;13;15;1
47637;1490;128;13;13;15;1
47672;1506;128;11;13;15;1
47673;1520;128;11;13;15;1
47676;1534;128;11;13;15;1
47680;1548;128;11;13;15;1
47682;1562;128;11;13;15;1
47688;1576;128;11;13;15;1
47689;1590;128;11;13;15;1
47691;1604;128;11;13;15;1
47693;1618;128;11;13;15;1
47694;1632;128;11;13;15;1
47699;1646;128;12;13;15;1
47700;1661;128;12;13;15;1
47701;1676;128;12;13;15;1
47704;1691;128;12;13;15;1
47708;1706;128;12;13;15;1
47716;1721;128;12;13;15;1
47717;1736;128;12;13;15;1
47719;1751;128;12;13;15;1
47720;1766;128;13;13;15;1
47721;1782;128;12;13;15;1
47728;1797;128;11;13;15;1
47729;1811;128;11;13;15;1
47732;1825;128;11;13;15;1
47736;1839;128;11;13;15;1
47747;1853;128;11;13;15;1
47748;1867;128;12;13;15;1
47749;1882;128;11;13;15;1
47751;1896;128;11;13;15;1
47756;1910;128;12;13;15;1
47784;1925;128;12;12;15;1
47785;1940;128;12;13;15;1
47787;1955;128;12;13;15;1
47788;1970;128;12;13;15;1
47792;1985;128;12;13;15;1
47794;0;149;12;13;15;0
47800;15;149;12;13;15;1
47801;30;149;12;13;15;1
47803;45;149;12;13;15;1
47805;60;149;12;13;15;1
47812;75;149;14;13;15;0
47816;92;149;14;13;15;0
47832;109;149;14;13;15;0
47833;126;149;14;13;15;0
47868;143;149;12;13;15;1
47872;158;149;12;13;15;1
47876;173;149;12;13;15;1
47885;188;149;12;13;15;1
47887;203;149;12;13;15;1
47889;218;149;12;13;15;1
47896;233;149;12;12;15;1
47900;248;149;12;13;15;1
47904;263;149;12;13;15;1
47913;278;149;12;13;15;1
47915;293;149;12;13;15;1
47924;308;149;12;13;15;1
47925;323;149;12;13;15;1
47926;338;149;12;13;15;1
47928;353;149;12;13;15;1
47931;368;149;12;13;15;1
47932;383;149;12;13;15;1
47933;398;149;12;13;15;1
47934;413;149;12;13;15;1
47940;428;149;12;13;15;1
47941;443;149;12;13;15;1
47943;458;149;12;13;15;1
47945;473;149;12;13;15;1
47949;488;149;12;13;15;1
47951;503;149;12;13;15;1
47952;518;149;12;13;15;1
47956;533;149;12;13;15;1
47960;548;149;12;13;15;1
47969;563;149;12;13;15;1
47971;578;149;12;13;15;1
47980;593;149;12;13;15;1
48008;608;149;12;13;15;1
48012;623;149;12;13;15;1
48016;638;149;12;13;15;1
48036;653;149;12;13;15;1
48040;668;149;12;13;15;1
48044;683;149;12;13;15;1
48052;698;149;12;13;15;1
48055;713;149;12;13;15;1
48064;728;149;12;12;15;1
48068;743;149;12;13;15;1
48072;758;149;12;13;15;1
48080;773;149;12;13;15;1
48083;788;149;12;13;15;1
48120;803;149;11;13;15;1
48121;817;149;11;13;15;1
48124;831;149;11;13;15;1
48127;845;149;11;13;15;1
48128;859;149;11;13;15;1
48130;873;149;11;13;15;1
48136;887;149;11;13;15;1
48137;901;149;11;13;15;1
48139;915;149;11;13;15;1
48140;929;149;12;13;15;1
48141;944;149;11;13;15;1
48143;958;149;11;13;15;1
48145;972;149;11;13;15;1
48148;986;149;13;13;15;1
48149;1002;149;13;13;15;1
48150;1018;149;13;13;15;1
48151;1034;149;13;13;15;1
48152;1050;149;13;13;15;1
48155;1066;149;13;13;15;1
48156;1082;149;13;13;15;1
48157;1098;149;13;13;15;1
48158;1114;149;13;13;15;1
48159;1130;149;13;13;15;1
48164;1146;149;13;13;15;1
48165;1162;149;13;13;15;1
48167;1178;149;13;13;15;1
48169;1194;149;13;13;15;1
48173;1210;149;13;13;15;1
48176;1226;149;12;13;15;1
48177;1241;149;12;13;15;1
48180;1256;149;12;13;15;1
48184;1271;149;12;13;15;1
48192;1286;149;12;13;15;1
48193;1301;149;12;13;15;1
48195;1316;149;12;13;15;1
48196;1331;149;13;13;15;1
48197;1347;149;12;13;15;1
48201;1362;149;12;13;15;1
48204;1377;149;13;13;15;1
48205;1393;149;13;13;15;1
48208;1409;149;13;13;15;1
48221;1425;149;13;13;15;1
48260;1441;149;11;13;15;1
48261;1455;149;11;13;15;1
48264;1469;149;11;13;15;1
48267;1483;149;11;13;15;1
48268;1497;149;11;13;15;1
48270;1511;149;11;13;15;1
48276;1525;149;11;13;15;1
48277;1539;149;11;13;15;1
48279;1553;149;11;13;15;1
48281;1567;149;11;13;15;1
48282;1581;149;11;13;15;1
48288;1595;149;12;13;15;1
48289;1610;149;12;13;15;1
48292;1625;149;12;13;15;1
48295;1640;149;12;13;15;1
48296;1655;149;12;13;15;1
48304;1670;149;12;13;15;1
48305;1685;149;12;13;15;1
48307;1700;149;12;13;15;1
48308;1715;149;13;13;15;1
48309;1731;149;12;13;15;1
48316;1746;149;11;13;15;1
48317;1760;149;11;13;15;1
48320;1774;149;11;13;15;1
48324;1788;149;11;13;15;1
48333;1802;149;11;13;15;1
48335;1816;149;11;13;15;1
48336;1830;149;12;13;15;1
48337;1845;149;11;13;15;1
48341;1859;149;11;13;15;1
48344;1873;149;12;13;15;1
48348;1888;149;12;13;15;1
48372;1903;149;12;12;15;1
48373;1918;149;12;13;15;1
48374;1933;149;12;13;15;1
48376;1948;149;12;13;15;1
48380;1963;149;12;13;15;1
48388;1978;149;12;13;15;1
48389;1993;149;12;13;15;1
48391;0;170;12;13;15;1
48393;15;170;12;13;15;1
48400;30;170;14;13;15;0
48404;47;170;14;13;15;0
48420;64;170;14;13;15;0
48428;81;170;13;13;15;0
48448;97;170;14;13;15;0
48456;114;170;12;13;15;1
48457;129;170;12;13;15;1
48460;144;170;12;13;15;1
48464;159;170;12;13;15;1
48472;174;170;12;13;15;1
48473;189;170;12;13;15;1
48484;204;170;12;12;15;1
48488;219;170;12;13;15;1
48512;234;170;12;13;15;1
48513;249;170;12;13;15;1
48516;264;170;12;13;15;1
48519;279;170;12;13;15;1
48520;294;170;12;13;15;1
48521;309;170;12;13;15;1
48522;324;170;12;13;15;1
48528;339;170;12;13;15;1
48529;354;170;12;13;15;1
48531;369;170;12;13;15;1
48533;384;170;12;13;15;1
48537;399;170;12;13;15;1
48538;414;170;12;13;15;1
48540;429;170;12;13;15;1
48548;444;170;12;13;15;1
48560;459;170;13;13;15;1
48568;475;170;12;13;15;1
48596;490;170;12;13;15;1
48597;505;170;12;13;15;1
48600;520;170;12;13;15;1
48604;535;170;12;13;15;1
48617;550;170;12;13;15;1
48624;565;170;12;13;15;1
48628;580;170;12;13;15;1
48632;595;170;12;13;15;1
48640;610;170;12;13;15;1
48643;625;170;12;13;15;1
48645;640;170;12;13;15;1
48652;655;170;12;12;15;1
48653;670;170;12;13;15;1
48656;685;170;12;13;15;1
48660;700;170;12;13;15;1
48668;715;170;12;13;15;1
48669;730;170;12;13;15;1
48671;745;170;12;13;15;1
48708;760;170;11;13;15;1
48709;774;170;11;13;15;1
48712;788;170;11;13;15;1
48716;802;170;11;13;15;1
48718;816;170;11;13;15;1
48724;830;170;11;13;15;1
48725;844;170;11;13;15;1
48727;858;170;11;13;15;1
48729;872;170;11;13;15;1
48730;886;170;11;13;15;1
48731;900;170;11;13;15;1
48736;914;170;13;13;15;1
48737;930;170;13;13;15;1
48740;946;170;13;13;15;1
48744;962;170;13;13;15;1
48746;978;170;13;13;15;1
48752;994;170;13;13;15;1
48753;1010;170;13;13;15;1
48755;1026;170;13;13;15;1
48756;1042;170;13;13;15;1
48757;1058;170;13;13;15;1
48763;1074;170;13;13;15;1
48764;1090;170;12;13;15;1
48765;1105;170;12;13;15;1
48768;1120;170;12;13;15;1
48772;1135;170;12;13;15;1
48780;1150;170;12;13;15;1
48781;1165;170;12;13;15;1
48783;1180;170;12;13;15;1
48784;1195;170;12;13;15;1
48785;1210;170;12;13;15;1
48792;1225;170;13;13;15;1
48793;1241;170;13;13;15;1
48808;1257;170;13;13;15;1
48848;1273;170;11;13;15;1
48849;1287;170;11;13;15;1
48852;1301;170;11;13;15;1
48855;1315;170;11;13;15;1
48856;1329;170;11;13;15;1
48864;1343;170;11;13;15;1
48867;1357;170;11;13;15;1
48868;1371;170;12;13;15;1
48869;1386;170;11;13;15;1
48876;1400;170;12;13;15;1
48897;1415;170;12;13;15;1
48904;1430;170;11;13;15;1
48905;1444;170;11;13;15;1
48920;1458;170;11;13;15;1
48921;1472;170;11;13;15;1
48923;1486;170;11;13;15;1
48924;1500;170;12;13;15;1
48925;1515;170;11;13;15;1
48960;1529;170;12;12;15;1
48961;1544;170;12;13;15;1
48964;1559;170;12;13;15;1
48968;1574;170;12;13;15;1
48976;1589;170;12;13;15;1
48977;1604;170;12;13;15;1
48981;1619;170;12;13;15;1
49044;1634;170;12;13;15;1
49072;1649;170;12;12;15;1
49093;1664;170;12;13;15;1
49100;1679;170;12;13;15;1
49101;1694;170;12;13;15;1
49104;1709;170;12;13;15;1
49108;1724;170;12;13;15;1
49116;1739;170;12;13;15;1
49119;1754;170;12;13;15;1
49121;1769;170;12;13;15;1
49212;1784;170;12;13;15;1
49233;1799;170;12;13;15;1
49240;1814;170;12;12;15;1
49244;1829;170;12;13;15;1
49248;1844;170;12;13;15;1
49256;1859;170;12;13;15;1
49257;1874;170;12;13;15;1
49296;1889;170;11;13;15;1
49297;1903;170;11;13;15;1
49300;1917;170;11;13;15;1
49304;1931;170;11;13;15;1
49312;1945;170;11;13;15;1
49313;1959;170;11;13;15;1
49315;1973;170;11;13;15;1
49317;1987;170;11;13;15;1
49324;0;191;13;13;15;1
49325;16;191;13;13;15;1
49327;32;191;13;13;15;1
49328;48;191;13;13;15;1
49331;64;191;13;13;15;1
49332;80;191;13;13;15;1
49333;96;191;13;13;15;1
49334;112;191;13;13;15;1
49340;128;191;13;13;15;1
49341;144;191;13;13;15;1
49343;160;191;13;13;15;1
49344;176;191;13;13;15;1
49345;192;191;13;13;15;1
49349;208;191;13;13;15;1
49352;224;191;12;13;15;1
49353;239;191;12;13;15;1
49356;254;191;12;13;15;1
49360;269;191;12;13;15;1
49368;284;191;12;13;15;1
49369;299;191;12;13;15;1
49371;314;191;12;13;15;1
49372;329;191;13;13;15;1
49373;345;191;12;13;15;1
49380;360;191;13;13;15;1
49381;376;191;13;13;15;1
49384;392;191;13;13;15;1
49388;408;191;13;13;15;1
49396;424;191;13;13;15;1
49397;440;191;13;13;15;1
49399;456;191;13;13;15;1
49401;472;191;13;13;15;1
49408;488;191;12;13;15;1
49412;503;191;12;13;15;1
49416;518;191;12;13;15;1
49424;533;191;12;13;15;1
49429;548;191;12;13;15;1
49436;563;191;11;13;15;1
49437;577;191;11;13;15;1
49438;591;191;11;13;15;1
49439;605;191;13;13;15;1
49440;621;191;11;13;15;1
49443;635;191;11;13;15;1
49444;649;191;11;13;15;1
49446;663;191;11;13;15;1
49447;677;191;11;13;15;1
49452;691;191;11;13;15;1
49453;705;191;11;13;15;1
49455;719;191;12;13;15;1
49456;734;191;12;13;15;1
49457;749;191;11;13;15;1
49462;763;191;11;13;15;1
49464;777;191;12;13;15;1
49465;792;191;12;13;15;1
49468;807;191;12;13;15;1
49472;822;191;12;13;15;1
49480;837;191;12;13;15;1
49481;852;191;12;13;15;1
49483;867;191;12;13;15;1
49484;882;191;13;13;15;1
49485;898;191;12;13;15;1
49492;913;191;11;13;15;1
49493;927;191;11;13;15;1
49496;941;191;11;13;15;1
49500;955;191;11;13;15;1
49508;969;191;11;13;15;1
49509;983;191;11;13;15;1
49511;997;191;12;13;15;1
49512;1012;191;12;13;15;1
49513;1027;191;11;13;15;1
49520;1041;191;12;13;15;1
49524;1056;191;12;13;15;1
49528;1071;191;12;13;15;1
49541;1086;191;12;13;15;1
49548;1101;191;12;12;15;1
49549;1116;191;12;13;15;1
49550;1131;191;12;13;15;1
49552;1146;191;12;13;15;1
49556;1161;191;12;13;15;1
49558;1176;191;12;13;15;1
49564;1191;191;12;13;15;1
49565;1206;191;12;13;15;1
49567;1221;191;12;13;15;1
49569;1236;191;12;13;15;1
49573;1251;191;12;13;15;1
49576;1266;191;13;13;15;1
49577;1282;191;13;13;15;1
49580;1298;191;14;13;15;0
49584;1315;191;14;13;15;0
49597;1332;191;14;13;15;0
49604;1349;191;13;13;15;0
49608;1365;191;13;13;15;0
49612;1381;191;13;13;15;0
49620;1397;191;13;13;15;0
49623;1413;191;13;13;15;0
49624;1429;191;14;13;15;0
49632;1446;191;12;13;15;1
49636;1461;191;12;13;15;1
49640;1476;191;12;13;15;1
49648;1491;191;12;13;15;1
49649;1506;191;12;13;15;1
49651;1521;191;12;13;15;1
49660;1536;191;12;12;15;1
49661;1551;191;12;13;15;1
49664;1566;191;12;13;15;1
49668;1581;191;12;13;15;1
49676;1596;191;12;13;15;1
49677;1611;191;12;13;15;1
49679;1626;191;12;13;15;1
49681;1641;191;12;13;15;1
49688;1656;191;12;13;15;1
49689;1671;191;12;13;15;1
49692;1686;191;12;13;15;1
49695;1701;191;12;13;15;1
49696;1716;191;12;13;15;1
49704;1731;191;12;13;15;1
49705;1746;191;12;13;15;1
49707;1761;191;12;13;15;1
49709;1776;191;12;13;15;1
49711;1791;191;12;13;15;1
49713;1806;191;12;13;15;1
49714;1821;191;12;13;15;1
49716;1836;191;12;13;15;1
49736;1851;191;13;13;15;1
49744;1867;191;13;13;15;0
49745;1883;191;13;13;15;0
49748;1899;191;13;13;15;0
49752;1915;191;13;13;15;0
49760;1931;191;13;13;15;0
49765;1947;191;13;13;15;0
49772;1963;191;12;13;15;1
49773;1978;191;12;13;15;1
49776;1993;191;12;13;15;1
49780;0;212;12;13;15;1
49788;15;212;12;13;15;1
49789;30;212;12;13;15;1
49791;45;212;12;13;15;1
49793;60;212;12;13;15;1
49800;75;212;12;13;15;1
49801;90;212;12;13;15;1
49808;105;212;12;13;15;1
49816;120;212;12;13;15;1
49819;135;212;12;13;15;1
49821;150;212;12;13;15;1
49828;165;212;12;12;15;1
49829;180;212;12;13;15;1
49832;195;212;12;13;15;1
49836;210;212;12;13;15;1
49837;225;212;12;13;15;1
49844;240;212;12;13;15;1
49845;255;212;12;13;15;1
49847;270;212;12;13;15;1
49849;285;212;12;13;15;1
49884;300;212;11;13;15;1
49885;314;212;11;13;15;1
49888;328;212;11;13;15;1
49891;342;212;11;13;15;1
49892;356;212;11;13;15;1
49899;370;212;12;13;15;1
49900;385;212;11;13;15;1
49901;399;212;11;13;15;1
49903;413;212;12;13;15;1
49905;428;212;11;13;15;1
49910;442;212;11;13;15;1
49912;456;212;14;13;15;0
49913;473;212;14;13;15;0
49915;490;212;14;13;15;0
49916;507;212;14;13;15;0
49920;524;212;14;13;15;0
49928;541;212;14;13;15;0
49929;558;212;14;13;15;0
49932;575;212;14;13;15;0
49933;592;212;14;13;15;0
49939;609;212;14;13;15;0
49940;626;212;13;13;15;0
49941;642;212;13;13;15;0
49944;658;212;13;13;15;0
49948;674;212;13;13;15;0
49956;690;212;13;13;15;0
49957;706;212;13;13;15;0
49960;722;212;13;13;15;0
49961;738;212;13;13;15;0
49989;754;212;14;13;15;0
50024;771;212;12;13;15;0
50025;786;212;12;13;15;0
50028;801;212;12;13;15;0
50032;816;212;12;13;15;0
50034;831;212;12;13;15;0
50040;846;212;12;13;15;0
50041;861;212;12;13;15;0
50044;876;212;13;13;15;0
50045;892;212;12;13;15;0
50052;907;212;13;13;15;0
50056;923;212;13;13;15;0
50060;939;212;13;13;15;0
50112;955;212;13;13;15;0
50136;971;212;12;12;15;1
50137;986;212;12;13;15;1
50140;1001;212;12;13;15;1
50143;1016;212;12;13;15;1
50144;1031;212;12;13;15;1
50146;1046;212;12;13;15;1
50152;1061;212;12;13;15;1
50153;1076;212;12;13;15;1
50157;1091;212;12;13;15;1
50164;1106;212;14;13;15;0
50165;1123;212;14;13;15;0
50168;1140;212;14;13;15;0
50184;1157;212;14;13;15;0
50192;1174;212;13;13;15;0
50212;1190;212;13;13;15;0
50220;1206;212;12;13;15;1
50224;1221;212;12;13;15;1
50228;1236;212;12;13;15;1
50236;1251;212;12;13;15;1
50237;1266;212;12;13;15;1
50248;1281;212;12;12;15;1
50276;1296;212;12;13;15;1
50277;1311;212;12;13;15;1
50280;1326;212;12;13;15;1
50284;1341;212;12;13;15;1
50292;1356;212;12;13;15;1
50293;1371;212;12;13;15;1
50297;1386;212;12;13;15;1
50304;1401;212;12;13;15;1
50324;1416;212;13;13;15;1
50332;1432;212;13;13;15;0
50360;1448;212;12;13;15;1
50364;1463;212;12;13;15;1
50409;1478;212;12;13;15;1
50416;1493;212;12;12;15;1
50417;1508;212;12;13;15;1
50420;1523;212;12;13;15;1
50424;1538;212;12;13;15;1
50426;1553;212;12;13;15;1
50431;1568;212;12;13;15;1
50432;1583;212;12;13;15;1
50433;1598;212;12;13;15;1
50444;1613;212;12;13;15;1
50448;1628;212;12;13;15;1
50452;1643;212;12;13;15;1
50460;1658;212;12;13;15;1
50472;1673;212;12;13;15;0
50473;1688;212;12;13;15;0
50476;1703;212;12;13;15;0
50480;1718;212;12;13;15;0
50488;1733;212;12;13;15;0
50489;1748;212;12;13;15;0
50491;1763;212;12;13;15;0
50493;1778;212;12;13;15;0
50500;1793;212;13;13;15;1
50501;1809;212;13;13;15;1
50504;1825;212;13;13;15;1
50505;1841;212;13;13;15;1
50506;1857;212;13;13;15;1
50508;1873;212;13;13;15;1
50509;1889;212;13;13;15;1
50510;1905;212;13;13;15;1
50515;1921;212;13;13;15;1
50516;1937;212;13;13;15;1
50517;1953;212;13;13;15;1
50519;1969;212;13;13;15;1
50520;1985;212;13;13;15;1
50521;0;233;13;13;15;1
50525;16;233;13;13;15;1
50526;32;233;13;13;15;1
50528;48;233;12;13;15;1
50529;63;233;12;13;15;1
50532;78;233;12;13;15;1
50536;93;233;12;13;15;1
50544;108;233;12;13;15;1
50545;123;233;12;13;15;1
50547;138;233;12;13;15;1
50548;153;233;13;13;15;1
50549;169;233;12;13;15;1
50556;184;233;13;13;15;1
50557;200;233;13;13;15;1
50560;216;233;13;13;15;1
50564;232;233;13;13;15;1
50567;248;233;13;13;15;1
50572;264;233;13;13;15;1
50573;280;233;13;13;15;1
50575;296;233;13;13;15;1
50577;312;233;13;13;15;1
50581;328;233;13;13;15;1
50583;344;233;13;13;15;1
50584;360;233;12;13;15;1
50588;375;233;12;13;15;1
50592;390;233;12;13;15;1
50601;405;233;12;13;15;1
50612;420;233;11;13;15;1
50613;434;233;11;13;15;1
50616;448;233;11;13;15;1
50617;462;233;13;13;15;1
50619;478;233;11;13;15;1
50620;492;233;11;13;15;1
50621;506;233;11;13;15;1
50622;520;233;11;13;15;1
50628;534;233;11;13;15;1
50629;548;233;11;13;15;1
50630;562;233;13;13;15;1
50631;578;233;12;13;15;1
50632;593;233;12;13;15;1
50633;608;233;11;13;15;1
50634;622;233;11;13;15;1
50636;636;233;11;13;15;1
50638;650;233;11;13;15;1
50640;664;233;12;13;15;1
50641;679;233;12;13;15;1
50644;694;233;12;13;15;1
50648;709;233;12;13;15;1
50656;724;233;12;13;15;1
50657;739;233;12;13;15;1
50659;754;233;12;13;15;1
50661;769;233;12;13;15;1
50668;784;233;11;13;15;1
50669;798;233;11;13;15;1
50670;812;233;11;13;15;1
50672;826;233;11;13;15;1
50676;840;233;11;13;15;1
50678;854;233;11;13;15;1
50679;868;233;11;13;15;1
50684;882;233;11;13;15;1
50685;896;233;11;13;15;1
50686;910;233;13;13;15;1
50687;926;233;12;13;15;1
50688;941;233;12;13;15;1
50689;956;233;11;13;15;1
50693;970;233;11;13;15;1
50694;984;233;11;13;15;1
50695;998;233;12;13;15;1
50696;1013;233;12;13;15;1
50700;1028;233;12;13;15;1
50704;1043;233;12;13;15;1
50712;1058;233;12;13;15;1
50713;1073;233;12;13;15;1
50715;1088;233;13;13;15;1
50716;1104;233;13;13;15;1
50724;1120;233;12;12;15;1
50725;1135;233;12;13;15;1
50728;1150;233;12;13;15;1
50732;1165;233;12;13;15;1
50733;1180;233;12;13;15;1
50734;1195;233;12;13;15;1
50736;1210;233;12;13;15;1
50739;1225;233;12;13;15;1
50740;1240;233;12;13;15;1
50741;1255;233;12;13;15;1
50743;1270;233;12;13;15;1
50745;1285;233;12;13;15;1
50747;1300;233;12;13;15;1
50752;1315;233;14;13;15;0
50753;1332;233;14;13;15;0
50756;1349;233;14;13;15;0
50760;1366;233;14;13;15;0
50768;1383;233;14;13;15;0
50769;1400;233;14;13;15;0
50771;1417;233;14;13;15;0
50772;1434;233;14;13;15;0
50773;1451;233;14;13;15;0
50780;1468;233;13;13;15;0
50781;1484;233;13;13;15;0
50784;1500;233;13;13;15;0
50796;1516;233;13;13;15;0
50799;1532;233;13;13;15;0
50801;1548;233;13;13;15;0
50808;1564;233;12;13;15;1
50809;1579;233;12;13;15;1
50812;1594;233;12;13;15;1
50816;1609;233;12;13;15;1
50824;1624;233;12;13;15;1
50825;1639;233;12;13;15;1
50827;1654;233;12;13;15;1
50829;1669;233;12;13;15;1
50836;1684;233;12;12;15;1
50837;1699;233;12;13;15;1
50840;1714;233;12;13;15;1
50844;1729;233;12;13;15;1
50852;1744;233;12;13;15;1
50853;1759;233;12;13;15;1
50855;1774;233;12;13;15;1
50857;1789;233;12;13;15;1
50864;1804;233;12;13;15;1
50865;1819;233;12;13;15;1
50868;1834;233;12;13;15;1
50872;1849;233;12;13;15;1
50873;1864;233;12;13;15;1
50874;1879;233;12;13;15;1
50880;1894;233;12;13;15;1
50881;1909;233;12;13;15;1
50883;1924;233;12;13;15;1
50885;1939;233;12;13;15;1
50892;1954;233;12;13;15;1
50893;1969;233;12;13;15;1
50896;1984;233;12;13;15;1
50900;1999;233;12;13;15;1
50908;0;254;12;13;15;1
50909;15;254;12;13;15;1
50912;30;254;13;13;15;1
50913;46;254;12;13;15;1
50920;61;254;12;13;15;1
50921;76;254;13;13;15;0
50924;92;254;13;13;15;0
50928;108;254;13;13;15;0
50936;124;254;13;13;15;0
50937;140;254;13;13;15;0
50941;156;254;13;13;15;0
50948;172;254;12;13;15;1
50949;187;254;12;13;15;1
50952;202;254;12;13;15;1
50956;217;254;12;13;15;1
50964;232;254;12;13;15;1
50965;247;254;12;13;15;1
50967;262;254;12;13;15;1
50969;277;254;12;13;15;1
50976;292;254;12;13;15;1
50977;307;254;12;13;15;1
50980;322;254;12;13;15;1
50984;337;254;12;13;15;1
50992;352;254;12;13;15;1
50993;367;254;12;13;15;1
50995;382;254;12;13;15;1
50997;397;254;12;13;15;1
50999;412;254;12;13;15;1
51004;427;254;12;12;15;1
51005;442;254;12;13;15;1
51008;457;254;12;13;15;1
51012;472;254;12;13;15;1
51018;487;254;12;13;15;1
51020;502;254;12;13;15;1
51021;517;254;12;13;15;1
51023;532;254;12;13;15;1
51025;547;254;12;13;15;1
51026;562;254;12;13;15;1
51027;577;254;12;13;15;1
51028;592;254;12;13;15;1
51029;607;254;12;13;15;1
51030;622;254;12;13;15;1
51031;637;254;12;13;15;1
51032;652;254;12;13;15;1
51036;667;254;12;13;15;1
51040;682;254;12;13;15;1
51048;697;254;12;13;15;1
51051;712;254;12;13;15;1
51060;727;254;11;13;15;1
51061;741;254;11;13;15;1
51064;755;254;11;13;15;1
51068;769;254;11;13;15;1
51069;783;254;11;13;15;1
51070;797;254;11;13;15;1
51075;811;254;12;13;15;1
51076;826;254;11;13;15;1
51077;840;254;11;13;15;1
51079;854;254;12;13;15;1
51080;869;254;12;13;15;1
51081;884;254;12;13;15;1
51082;899;254;11;13;15;1
51086;913;254;11;13;15;1
51088;927;254;13;13;15;1
51089;943;254;13;13;15;1
51092;959;254;13;13;15;1
51094;975;254;13;13;15;1
51095;991;254;13;13;15;1
51096;1007;254;13;13;15;1
51098;1023;254;13;13;15;1
51104;1039;254;13;13;15;1
51105;1055;254;13;13;15;1
51107;1071;254;13;13;15;1
51108;1087;254;13;13;15;1
51109;1103;254;13;13;15;1
51110;1119;254;13;13;15;1
51116;1135;254;12;13;15;1
51117;1150;254;12;13;15;1
51120;1165;254;12;13;15;1
51124;1180;254;12;13;15;1
51132;1195;254;12;13;15;1
51133;1210;254;12;13;15;1
51135;1225;254;12;13;15;1
51136;1240;254;13;13;15;1
51137;1256;254;12;13;15;1
51144;1271;254;13;13;15;1
51145;1287;254;13;13;15;1
51148;1303;254;13;13;15;1
51150;1319;254;13;13;15;1
51152;1335;254;13;13;15;1
51160;1351;254;13;13;15;1
51165;1367;254;13;13;15;1
51172;1383;254;12;13;15;1
51176;1398;254;12;13;15;1
51180;1413;254;12;13;15;1
51200;1428;254;11;13;15;1
51201;1442;254;11;13;15;1
51204;1456;254;11;13;15;1
51208;1470;254;11;13;15;1
51210;1484;254;11;13;15;1
51216;1498;254;11;13;15;1
51217;1512;254;11;13;15;1
51219;1526;254;11;13;15;1
51221;1540;254;11;13;15;1
51222;1554;254;11;13;15;1
51228;1568;254;12;13;15;1
51229;1583;254;12;13;15;1
51232;1598;254;12;13;15;1
51236;1613;254;12;13;15;1
51244;1628;254;12;13;15;1
51245;1643;254;12;13;15;1
51247;1658;254;12;13;15;1
51249;1673;254;12;13;15;1
51256;1688;254;11;13;15;1
51260;1702;254;11;13;15;1
51264;1716;254;11;13;15;1
51272;1730;254;11;13;15;1
51273;1744;254;11;13;15;1
51276;1758;254;12;13;15;1
51277;1773;254;11;13;15;1
51284;1787;254;12;13;15;1
51312;1802;254;12;12;15;1
51313;1817;254;12;13;15;1
51316;1832;254;12;13;15;1
51320;1847;254;12;13;15;1
51322;1862;254;12;13;15;1
51328;1877;254;12;13;15;1
51329;1892;254;12;13;15;1
51331;1907;254;12;13;15;1
51333;1922;254;12;13;15;1
51334;1937;254;12;13;15;1
51335;1952;254;12;13;15;1
51339;1967;254;12;13;15;2
51340;1982;254;14;13;15;0
51341;1999;254;14;13;15;0
51348;0;275;14;13;15;0
51357;17;275;14;13;15;0
51359;34;275;14;13;15;0
51361;51;275;14;13;15;0
51368;68;275;12;13;15;1
51388;83;275;14;13;15;0
51389;100;275;13;13;15;0
51396;116;275;12;13;15;1
51400;131;275;12;13;15;1
51404;146;275;12;13;15;1
51412;161;275;12;13;15;1
51413;176;275;12;13;15;1
51415;191;275;12;13;15;1
51417;206;275;12;13;15;1
51424;221;275;12;12;15;1
51425;236;275;12;13;15;1
51428;251;275;12;13;15;1
51445;266;275;12;13;15;1
51452;281;275;12;13;15;1
51453;296;275;12;13;15;1
51456;311;275;12;13;15;1
51460;326;275;12;13;15;1
51461;341;275;12;13;15;1
51462;356;275;12;13;15;1
51468;371;275;12;13;15;1
51469;386;275;12;13;15;1
51471;401;275;12;13;15;1
51473;416;275;12;13;15;1
51480;431;275;12;13;15;1
51500;446;275;13;13;15;1
51508;462;275;12;13;15;1
51536;477;275;12;13;15;1
51537;492;275;12;13;15;1
51540;507;275;12;13;15;1
51544;522;275;12;13;15;1
51552;537;275;12;13;15;1
51553;552;275;12;13;15;1
51555;567;275;12;13;15;1
51564;582;275;12;13;15;1
51568;597;275;12;13;15;1
51572;612;275;12;13;15;1
51580;627;275;12;13;15;1
51592;642;275;12;12;15;1
51593;657;275;12;13;15;1
51596;672;275;12;13;15;1
51600;687;275;12;13;15;1
51608;702;275;12;13;15;1
51609;717;275;12;13;15;1
51611;732;275;12;13;15;1
51613;747;275;12;13;15;1
51648;762;275;11;13;15;1
51649;776;275;11;13;15;1
51652;790;275;11;13;15;1
51655;804;275;11;13;15;1
51656;818;275;11;13;15;1
51658;832;275;11;13;15;1
51664;846;275;11;13;15;1
51665;860;275;11;13;15;1
51667;874;275;11;13;15;1
51669;888;275;11;13;15;1
51670;902;275;11;13;15;1
51673;916;275;11;13;15;1
51674;930;275;11;13;15;1
51676;944;275;13;13;15;1
51677;960;275;13;13;15;1
51680;976;275;13;13;15;1
51682;992;275;13;13;15;1
51684;1008;275;13;13;15;1
51687;1024;275;13;13;15;1
51692;1040;275;13;13;15;1
51693;1056;275;13;13;15;1
51695;1072;275;13;13;15;1
51696;1088;275;13;13;15;1
51697;1104;275;13;13;15;1
51704;1120;275;13;13;15;0
51705;1136;275;13;13;15;0
51708;1152;275;13;13;15;0
51712;1168;275;13;13;15;0
51720;1184;275;13;13;15;0
51721;1200;275;13;13;15;0
51723;1216;275;13;13;15;0
51724;1232;275;13;13;15;0
51725;1248;275;13;13;15;0
51732;1264;275;13;13;15;1
51736;1280;275;13;13;15;1
51753;1296;275;13;13;15;1
51788;1312;275;11;13;15;1
51789;1326;275;11;13;15;1
51792;1340;275;11;13;15;1
51796;1354;275;11;13;15;1
51804;1368;275;11;13;15;1
51805;1382;275;11;13;15;1
51807;1396;275;12;13;15;1
51808;1411;275;12;13;15;1
51809;1426;275;11;13;15;1
51816;1440;275;13;13;15;0
51837;1456;275;13;13;15;0
51844;1472;275;12;13;15;1
51864;1487;275;13;13;15;1
51900;1503;275;12;12;15;1
51901;1518;275;12;13;15;1
51904;1533;275;12;13;15;1
51908;1548;275;12;13;15;1
51916;1563;275;12;13;15;1
51917;1578;275;12;13;15;1
51919;1593;275;12;13;15;1
51921;1608;275;12;13;15;1
51923;1623;275;12;13;15;1
51928;1638;275;14;13;15;0
51929;1655;275;14;13;15;0
51936;1672;275;14;13;15;0
51948;1689;275;14;13;15;0
51956;1706;275;13;13;15;0
51976;1722;275;13;13;15;0
51984;1738;275;12;13;15;1
51988;1753;275;12;13;15;1
51992;1768;275;12;13;15;1
52000;1783;275;12;13;15;1
52001;1798;275;12;13;15;1
52033;1813;275;12;13;15;1
52040;1828;275;12;13;15;1
52041;1843;275;12;13;15;1
52044;1858;275;12;13;15;1
52048;1873;275;12;13;15;1
52056;1888;275;12;13;15;1
52057;1903;275;12;13;15;1
52061;1918;275;12;13;15;1
52068;1933;275;12;13;15;1
52088;1948;275;13;13;15;1
52089;1964;275;12;13;15;1
52124;1979;275;12;13;15;1
52152;1994;275;12;13;15;1
52180;0;296;12;12;15;1
52196;15;296;12;13;15;1
52199;30;296;12;13;15;1
52201;45;296;12;13;15;1
52236;60;296;12;13;15;1
52237;75;296;11;13;15;1
52240;89;296;11;13;15;1
52244;103;296;11;13;15;1
52252;117;296;11;13;15;1
52253;131;296;11;13;15;1
52257;145;296;11;13;15;1
52258;159;296;11;13;15;1
52263;173;296;12;13;15;1
52264;188;296;13;13;15;1
52265;204;296;13;13;15;1
52268;220;296;13;13;15;1
52270;236;296;13;13;15;1
52272;252;296;13;13;15;1
52280;268;296;13;13;15;1
52281;284;296;13;13;15;1
52283;300;296;13;13;15;1
52284;316;296;13;13;15;1
52285;332;296;13;13;15;1
52286;348;296;13;13;15;1
52292;364;296;12;13;15;1
52293;379;296;12;13;15;1
52296;394;296;12;13;15;1
52300;409;296;12;13;15;1
52308;424;296;12;13;15;1
52309;439;296;12;13;15;1
52311;454;296;12;13;15;1
52312;469;296;13;13;15;1
52313;485;296;12;13;15;1
52320;500;296;13;13;15;1
52324;516;296;13;13;15;1
52326;532;296;13;13;15;1
52328;548;296;13;13;15;1
52336;564;296;13;13;15;1
52341;580;296;13;13;15;1
52376;596;296;11;13;15;1
52377;610;296;11;13;15;1
52380;624;296;11;13;15;1
52384;638;296;11;13;15;1
52392;652;296;11;13;15;1
52393;666;296;11;13;15;1
52395;680;296;11;13;15;1
52396;694;296;12;13;15;1
52397;709;296;11;13;15;1
52404;723;296;12;13;15;1
52405;738;296;12;13;15;1
52408;753;296;12;13;15;1
52412;768;296;12;13;15;1
52420;783;296;12;13;15;1
52421;798;296;12;13;15;1
52423;813;296;12;13;15;1
52425;828;296;12;13;15;1
52432;843;296;11;13;15;1
52436;857;296;11;13;15;1
52452;871;296;12;13;15;1
52460;886;296;12;13;15;1
52464;901;296;12;13;15;1
52481;916;296;12;13;15;1
52488;931;296;12;12;15;1
52489;946;296;12;13;15;1
52492;961;296;12;13;15;1
52496;976;296;12;13;15;1
52504;991;296;12;13;15;1
52505;1006;296;12;13;15;1
52507;1021;296;12;13;15;1
52509;1036;296;12;13;15;1
52516;1051;296;14;13;15;0
52520;1068;296;14;13;15;0
52524;1085;296;14;13;15;0
52537;1102;296;14;13;15;0
52572;1119;296;12;13;15;1
52576;1134;296;12;13;15;1
52580;1149;296;12;13;15;1
52588;1164;296;12;13;15;1
52589;1179;296;12;13;15;1
52591;1194;296;12;13;15;1
52593;1209;296;12;13;15;1
52600;1224;296;12;12;15;1
52616;1239;296;12;13;15;1
52628;1254;296;12;13;15;1
52629;1269;296;12;13;15;1
52632;1284;296;12;13;15;1
52636;1299;296;12;13;15;1
52644;1314;296;12;13;15;1
52645;1329;296;12;13;15;1
52647;1344;296;12;13;15;1
52649;1359;296;12;13;15;1
52656;1374;296;13;13;15;0
52676;1390;296;13;13;15;1
52684;1406;296;13;13;15;0
52688;1422;296;13;13;15;0
52712;1438;296;13;13;15;0
52716;1454;296;13;13;15;0
52720;1470;296;13;13;15;0
52728;1486;296;13;13;15;0
52729;1502;296;13;13;15;0
52731;1518;296;13;13;15;0
52733;1534;296;13;13;15;0
52740;1550;296;12;13;15;1
52744;1565;296;12;13;15;1
52748;1580;296;12;13;15;1
52756;1595;296;12;13;15;1
52761;1610;296;12;13;15;1
52768;1625;296;12;11;15;1
52769;1640;296;12;13;15;1
52772;1655;296;12;13;15;1
52776;1670;296;12;13;15;1
52784;1685;296;12;13;15;1
52785;1700;296;12;13;15;1
52787;1715;296;12;13;15;1
52789;1730;296;12;13;15;2
52824;1745;296;11;13;15;1
52825;1759;296;11;13;15;1
52828;1773;296;11;13;15;1
52831;1787;296;11;13;15;1
52832;1801;296;11;13;15;1
52833;1815;296;11;13;15;1
52840;1829;296;11;13;15;1
52841;1843;296;11;13;15;1
52843;1857;296;11;13;15;1
52845;1871;296;11;13;15;1
52852;1885;296;13;13;15;1
52853;1901;296;13;13;15;1
52856;1917;296;13;13;15;1
52860;1933;296;13;13;15;1
52868;1949;296;13;13;15;1
52869;1965;296;13;13;15;1
52871;1981;296;13;13;15;1
52873;1997;296;13;13;15;1
52880;0;317;12;13;15;1
52881;15;317;12;13;15;1
52884;30;317;12;13;15;1
52888;45;317;12;13;15;1
52896;60;317;12;13;15;1
52897;75;317;12;13;15;1
52899;90;317;12;13;15;1
52900;105;317;13;13;15;1
52901;121;317;12;13;15;1
52908;136;317;13;13;15;1
52909;152;317;13;13;15;1
52929;168;317;13;13;15;1
52964;184;317;11;13;15;1
52965;198;317;11;13;15;1
52968;212;317;11;13;15;1
52971;226;317;11;13;15;1
52972;240;317;11;13;15;1
52980;254;317;11;13;15;1
52981;268;317;11;13;15;1
52983;282;317;11;13;15;1
52984;296;317;12;13;15;1
52985;311;317;11;13;15;1
52992;325;317;12;13;15;1
52993;340;317;12;13;15;1
52996;355;317;12;13;15;1
53000;370;317;12;13;15;1
53008;385;317;12;13;15;1
53009;400;317;12;13;15;1
53011;415;317;12;13;15;1
53013;430;317;12;13;15;1
53020;445;317;11;13;15;1
53024;459;317;11;13;15;1
53028;473;317;11;13;15;1
53036;487;317;11;13;15;1
53037;501;317;11;13;15;1
53039;515;317;11;13;15;1
53040;529;317;12;13;15;1
53041;544;317;11;13;15;1
53048;558;317;12;13;15;1
53076;573;317;12;12;15;1
53077;588;317;12;13;15;1
53080;603;317;12;13;15;1
53084;618;317;12;13;15;1
53092;633;317;12;13;15;1
53093;648;317;12;13;15;1
53095;663;317;13;13;15;1
53097;679;317;12;13;15;1
53104;694;317;14;13;15;0
53105;711;317;14;13;15;0
53108;728;317;14;13;15;0
53112;745;317;14;13;15;0
53120;762;317;14;13;15;0
53125;779;317;14;13;15;0
53132;796;317;13;13;15;0
53153;812;317;13;13;15;0
53160;828;317;12;13;15;1
53168;843;317;12;13;15;1
53188;858;317;12;12;15;1
53216;873;317;12;13;15;1
53217;888;317;12;13;15;1
53220;903;317;12;13;15;1
53224;918;317;12;13;15;1
53232;933;317;12;13;15;1
53233;948;317;13;13;15;1
53235;964;317;12;13;15;1
53237;979;317;12;13;15;1
53244;994;317;12;13;15;1
53248;1009;317;12;13;15;1
53252;1024;317;12;13;15;1
53265;1039;317;12;13;15;1
53272;1054;317;12;13;15;1
53293;1069;317;13;13;15;0
53300;1085;317;12;13;15;1
53301;1100;317;12;13;15;1
53304;1115;317;12;13;15;1
53308;1130;317;12;13;15;1
53316;1145;317;12;13;15;1
53317;1160;317;12;13;15;1
53319;1175;317;12;13;15;1
53321;1190;317;12;13;15;1
53328;1205;317;12;13;15;1
53332;1220;317;12;13;15;1
53336;1235;317;12;13;15;1
53344;1250;317;12;13;15;1
53356;1265;317;12;12;15;1
53357;1280;317;12;13;15;1
53360;1295;317;12;13;15;1
53364;1310;317;12;13;15;1
53372;1325;317;12;13;15;1
53373;1340;317;12;13;15;1
53377;1355;317;12;13;15;1
53412;1370;317;11;13;15;1
53413;1384;317;11;13;15;1
53416;1398;317;11;13;15;1
53420;1412;317;11;13;15;1
53428;1426;317;11;13;15;1
53429;1440;317;11;13;15;1
53431;1454;317;11;13;15;1
53433;1468;317;11;13;15;1
53440;1482;317;13;13;15;1
53441;1498;317;13;13;15;1
53444;1514;317;13;13;15;1
53448;1530;317;13;13;15;1
53449;1546;317;13;13;15;1
53456;1562;317;13;13;15;1
53457;1578;317;13;13;15;1
53459;1594;317;13;13;15;1
53460;1610;317;13;13;15;1
53461;1626;317;13;13;15;1
53468;1642;317;12;13;15;1
53469;1657;317;12;13;15;1
53472;1672;317;12;13;15;1
53476;1687;317;12;13;15;1
53484;1702;317;12;13;15;1
53485;1717;317;12;13;15;1
53487;1732;317;12;13;15;1
53488;1747;317;13;13;15;1
53489;1763;317;12;13;15;1
53496;1778;317;13;13;15;1
53517;1794;317;13;13;15;1
53552;1810;317;11;13;15;1
53553;1824;317;11;13;15;1
53556;1838;317;11;13;15;1
53560;1852;317;11;13;15;1
53562;1866;317;11;13;15;1
53568;1880;317;11;13;15;1
53569;1894;317;11;13;15;1
53571;1908;317;11;13;15;1
53572;1922;317;12;13;15;1
53573;1937;317;11;13;15;1
53580;1951;317;12;13;15;1
53581;1966;317;12;13;15;1
53584;1981;317;12;13;15;1
53588;1996;317;12;13;15;1
53596;0;338;12;13;15;1
53597;15;338;12;13;15;1
53599;30;338;12;13;15;1
53601;45;338;12;13;15;1
53608;60;338;11;13;15;1
53612;74;338;11;13;15;1
53628;88;338;12;13;15;1
53636;103;338;12;13;15;1
53640;118;338;12;13;15;1
53664;133;338;12;12;15;1
53665;148;338;12;13;15;1
53668;163;338;12;13;15;1
53672;178;338;12;13;15;1
53680;193;338;12;13;15;1
53681;208;338;13;13;15;1
53683;224;338;12;13;15;1
53685;239;338;12;13;15;1
53690;254;338;12;13;15;1
53692;269;338;14;13;15;0
53696;286;338;14;13;15;0
53720;303;338;13;13;15;0
53748;319;338;12;13;15;1
53752;334;338;12;13;15;1
53767;349;338;12;13;15;1
53769;364;338;12;13;15;1
53776;379;338;12;12;15;1
53804;394;338;12;13;15;1
53805;409;338;12;13;15;1
53808;424;338;12;13;15;1
53812;439;338;12;13;15;1
53820;454;338;12;13;15;1
53821;469;338;12;13;15;1
53823;484;338;12;13;15;1
53825;499;338;12;13;15;1
53832;514;338;12;13;15;1
53852;529;338;13;13;15;1
53860;545;338;13;13;15;0
53888;561;338;12;13;15;1
53889;576;338;12;13;15;1
53892;591;338;12;13;15;1
53896;606;338;12;13;15;1
53904;621;338;12;13;15;1
53905;636;338;12;13;15;1
53909;651;338;12;13;15;1
53916;666;338;12;13;15;1
53920;681;338;12;13;15;1
53924;696;338;12;13;15;1
53932;711;338;12;13;15;1
53937;726;338;12;13;15;1
53944;741;338;12;12;15;1
53945;756;338;12;13;15;1
53948;771;338;12;13;15;1
53951;786;338;12;13;15;1
53952;801;338;12;13;15;1
53954;816;338;12;13;15;1
53960;831;338;12;13;15;1
53961;846;338;12;13;15;1
53963;861;338;12;13;15;1
53972;876;338;12;13;15;0
53976;891;338;12;13;15;1
53980;906;338;12;13;15;1
53988;921;338;12;13;15;1
53989;936;338;12;13;15;1
54000;951;338;11;13;15;1
54001;965;338;11;13;15;1
54004;979;338;11;13;15;1
54008;993;338;11;13;15;1
54016;1007;338;11;13;15;1
54017;1021;338;11;13;15;1
54019;1035;338;11;13;15;1
54021;1049;338;11;13;15;1
54028;1063;338;14;13;15;0
54029;1080;338;13;13;15;1
54030;1096;338;13;13;15;1
54032;1112;338;13;13;15;1
54036;1128;338;13;13;15;1
54038;1144;338;13;13;15;1
54044;1160;338;13;13;15;1
54045;1176;338;13;13;15;1
54047;1192;338;13;13;15;1
54048;1208;338;13;13;15;1
54049;1224;338;13;13;15;1
54053;1240;338;13;13;15;1
54056;1256;338;13;13;15;0
54057;1272;338;13;13;15;0
54060;1288;338;13;13;15;0
54064;1304;338;13;13;15;0
54072;1320;338;13;13;15;0
54073;1336;338;13;13;15;0
54075;1352;338;13;13;15;0
54076;1368;338;14;13;15;0
54077;1385;338;13;13;15;0
54084;1401;338;14;13;15;0
54085;1418;338;13;13;15;1
54140;1434;338;12;13;15;1
54141;1449;338;12;13;15;1
54144;1464;338;12;13;15;1
54148;1479;338;12;13;15;1
54156;1494;338;12;13;15;1
54157;1509;338;12;13;15;1
54159;1524;338;12;13;15;1
54160;1539;338;13;13;15;1
54161;1555;338;12;13;15;1
54168;1570;338;13;13;15;0
54169;1586;338;13;13;15;0
54172;1602;338;13;13;15;0
54176;1618;338;13;13;15;0
54184;1634;338;13;13;15;0
54185;1650;338;13;13;15;0
54187;1666;338;13;13;15;0
54189;1682;338;13;13;15;0
54196;1698;338;12;13;15;1
54200;1713;338;12;13;15;1
54204;1728;338;12;13;15;1
54212;1743;338;12;13;15;1
54213;1758;338;12;13;15;1
54216;1773;338;13;13;15;1
54217;1789;338;12;13;15;1
54224;1804;338;13;13;15;0
54232;1820;338;13;13;15;0
54241;1836;338;13;13;15;0
54243;1852;338;13;13;15;0
54252;1868;338;13;12;15;0
54253;1884;338;13;13;15;0
54256;1900;338;13;13;15;0
54260;1916;338;13;13;15;0
54268;1932;338;13;13;15;0
54269;1948;338;13;13;15;0
54271;1964;338;13;13;15;0
54273;1980;338;13;13;15;0
54280;1996;338;14;13;15;0
54301;0;359;14;13;15;0
54336;17;359;12;13;15;1
54340;32;359;12;13;15;1
54364;47;359;13;12;15;0
54368;63;359;13;13;15;0
54372;79;359;13;13;15;0
54381;95;359;13;13;15;0
54383;111;359;13;13;15;0
54392;127;359;13;13;15;0
54393;143;359;13;13;15;0
54396;159;359;13;13;15;0
54399;175;359;13;13;15;0
54400;191;359;13;13;15;0
54402;207;359;13;13;15;0
54408;223;359;13;13;15;0
54409;239;359;13;13;15;0
54411;255;359;13;13;15;0
54413;271;359;13;13;15;0
54420;287;359;12;13;15;1
54441;302;359;12;13;15;1
54476;317;359;12;13;15;1
54480;332;359;12;13;15;1
54484;347;359;12;13;15;1
54492;362;359;12;13;15;1
54495;377;359;12;13;15;1
54504;392;359;13;13;15;0
54508;408;359;13;13;15;0
54512;424;359;13;13;15;0
54520;440;359;13;13;15;0
54523;456;359;13;13;15;0
54525;472;359;13;13;15;0
54532;488;359;13;12;15;0
54536;504;359;13;13;15;0
54540;520;359;13;13;15;0
54548;536;359;13;13;15;0
54549;552;359;13;13;15;0
54551;568;359;13;13;15;0
54588;584;359;11;13;15;1
54589;598;359;11;13;15;1
54592;612;359;11;13;15;1
54596;626;359;12;13;15;1
54604;641;359;11;13;15;1
54605;655;359;11;13;15;1
54607;669;359;11;13;15;1
54609;683;359;11;13;15;1
54616;697;359;13;13;15;1
54617;713;359;14;13;15;0
54620;730;359;14;13;15;0
54624;747;359;14;13;15;0
54629;764;359;14;13;15;0
54632;781;359;14;13;15;0
54633;798;359;14;13;15;0
54635;815;359;14;13;15;0
54637;832;359;14;13;15;0
54644;849;359;12;13;15;1
54645;864;359;13;13;15;0
54648;880;359;13;13;15;0
54652;896;359;13;13;15;0
54660;912;359;13;13;15;0
54661;928;359;13;13;15;0
54663;944;359;13;13;15;0
54664;960;359;14;13;15;0
54665;977;359;13;13;15;0
54672;993;359;13;13;15;1
54693;1009;359;14;13;15;0
54728;1026;359;12;13;15;0
54729;1041;359;12;13;15;0
54732;1056;359;12;13;15;0
54736;1071;359;12;13;15;0
54738;1086;359;12;13;15;0
54744;1101;359;12;13;15;0
54745;1116;359;12;13;15;0
54747;1131;359;12;13;15;0
54749;1146;359;12;13;15;0
54756;1161;359;12;13;15;1
54757;1176;359;13;13;15;0
54760;1192;359;13;13;15;0
54764;1208;359;13;13;15;0
54772;1224;359;13;13;15;0
54773;1240;359;13;13;15;0
54775;1256;359;13;13;15;0
54777;1272;359;13;13;15;0
54784;1288;359;12;13;15;0
54785;1303;359;12;13;15;0
54788;1318;359;12;13;15;0
54792;1333;359;12;13;15;0
54800;1348;359;12;13;15;0
54801;1363;359;12;13;15;0
54803;1378;359;12;13;15;0
54804;1393;359;13;13;15;0
54805;1409;359;12;13;15;0
54812;1424;359;12;13;15;1
54816;1439;359;13;13;15;0
54820;1455;359;13;13;15;0
54829;1471;359;13;13;15;0
54840;1487;359;12;12;15;1
54841;1502;359;12;13;15;1
54844;1517;359;12;13;15;1
54848;1532;359;12;13;15;1
54853;1547;359;12;13;15;1
54856;1562;359;12;13;15;1
54857;1577;359;12;13;15;1
54859;1592;359;12;13;15;1
54861;1607;359;12;13;15;1
54865;1622;359;12;13;15;1
54868;1637;359;14;13;15;0
54869;1654;359;14;13;15;0
54872;1671;359;14;13;15;0
54876;1688;359;14;13;15;0
54887;1705;359;14;13;15;0
54889;1722;359;14;13;15;0
54896;1739;359;13;13;15;0
54897;1755;359;13;13;15;0
54900;1771;359;13;13;15;0
54915;1787;359;13;13;15;0
54917;1803;359;13;13;15;0
54924;1819;359;12;13;15;1
54925;1834;359;12;13;15;1
54928;1849;359;12;13;15;1
54932;1864;359;12;13;15;1
54941;1879;359;12;13;15;1
54943;1894;359;12;13;15;1
54945;1909;359;12;13;15;1
54952;1924;359;12;12;15;1
54956;1939;359;12;13;15;1
54960;1954;359;12;13;15;1
54969;1969;359;12;13;15;1
54971;1984;359;12;13;15;1
54980;1999;359;12;13;15;1
54981;0;380;12;13;15;1
54984;15;380;12;13;15;1
54988;30;380;12;13;15;1
54993;45;380;12;13;15;1
54996;60;380;12;13;15;1
54999;75;380;12;13;15;1
55001;90;380;12;13;15;1
55008;105;380;12;13;15;1
55012;120;380;12;13;15;1
55016;135;380;12;13;15;1
55024;150;380;12;13;15;1
55029;165;380;12;13;15;1
55036;180;380;13;13;15;0
55037;196;380;13;13;15;0
55040;212;380;13;13;15;0
55044;228;380;13;13;15;0
55057;244;380;13;13;15;0
55064;260;380;12;13;15;1
55065;275;380;12;13;15;1
55068;290;380;12;13;15;1
55072;305;380;12;13;15;1
55080;320;380;12;13;15;1
55081;335;380;12;13;15;1
55083;350;380;12;13;15;1
55085;365;380;12;13;15;1
55092;380;380;12;13;15;1
55093;395;380;12;13;15;1
55096;410;380;12;13;15;1
55100;425;380;12;13;15;1
55108;440;380;12;13;15;1
55111;455;380;12;13;15;1
55113;470;380;12;13;15;1
55120;485;380;12;12;15;1
55121;500;380;12;13;15;1
55124;515;380;12;13;15;1
55126;530;380;12;13;15;1
55127;545;380;12;13;15;1
55128;560;380;12;13;15;1
55129;575;380;12;13;15;1
55136;590;380;12;13;15;1
55137;605;380;12;13;15;1
55139;620;380;12;13;15;1
55141;635;380;12;13;15;1
55145;650;380;12;13;15;1
55148;665;380;12;13;15;1
55152;680;380;12;13;15;1
55156;695;380;12;13;15;1
55164;710;380;12;13;15;1
55165;725;380;12;13;15;1
55169;740;380;12;13;15;1
55176;755;380;12;13;15;0
55177;770;380;12;13;15;0
55180;785;380;12;13;15;0
55184;800;380;12;13;15;0
55192;815;380;12;13;15;0
55193;830;380;12;13;15;0
55195;845;380;12;13;15;0
55197;860;380;12;13;15;0
